{
"type": "FeatureCollection",
"name": "fibra-submarina-mundial",
"crs": { "type": "name", "properties": { "name": "urn:ogc:def:crs:OGC:1.3:CRS84" } },
"features": [
{ "type": "Feature", "properties": { "OBJECTID": 1, "cable_id": 1007, "Name": "Pacific Crossing-1 (PC-1)", "color": "#f89635", "length": "20,900 km", "rfs": "December 1999", "owners": "NTT", "url": "http://www.pc1.com", "Symbol": 5, "year": 1999 }, "geometry": { "type": "MultiLineString", "coordinates": [ [ [ 179.999947000393007, 31.186456000104101 ], [ 156.660314999875993, 31.196732000058098 ], [ 139.177905000228009, 31.522537000356301 ], [ 136.874001000377007, 34.336831000020602 ], [ 138.857984000355003, 32.112035000137297 ], [ 142.657200000052001, 33.390527000199597 ], [ 140.612475000162988, 36.383480999681197 ], [ 142.427902999876011, 35.046073999843699 ], [ 157.123204999936007, 44.251949000208597 ], [ 179.999947000393007, 44.251949000208597 ] ], [ [ -179.999944999845013, 44.251949000208597 ], [ -139.250217999889003, 44.251949000208597 ], [ -125.895636999687, 48.410336999732998 ], [ -124.726205000202995, 48.528113999822402 ], [ -123.699936000175001, 48.303395999987501 ], [ -122.979135999850001, 48.338071999744301 ], [ -122.302183000308005, 47.886321000073899 ], [ -122.979135999850001, 48.266094999886903 ], [ -123.699936000175001, 48.231239999736502 ], [ -124.726205000202995, 48.384077000167501 ], [ -125.895833000403996, 48.265997999713299 ], [ -127.970245000085995, 41.227515999793901 ], [ -123.625424000156997, 34.739612999942203 ], [ -120.621519999903995, 35.120952999954298 ], [ -139.250217999889003, 31.186456000104101 ], [ -179.999944999845013, 31.186456000104101 ] ] ] } },
{ "type": "Feature", "properties": { "OBJECTID": 2, "cable_id": 1009, "Name": "Southern Cross Cable Network (SCCN)", "color": "#4fc1af", "length": "30,500 km", "rfs": "November 2000", "owners": "Spark New Zealand,  SingTel Optus,  Verizon", "url": "http://www.southerncrosscables.com", "Symbol": 10, "year": 2000 }, "geometry": { "type": "MultiLineString", "coordinates": [ [ [ 174.767919000179006, -36.787809000291297 ], [ 179.999947000393007, -27.773725000292501 ] ], [ [ 151.196256000275014, -33.913572999812203 ], [ 151.822623000367003, -34.185926000018597 ], [ 173.865381000013002, -36.998292000350901 ], [ 174.623388000392993, -36.787574000176498 ] ], [ [ -179.999944999845013, -27.7866849998798 ], [ -155.856358000412001, 20.003744000344899 ], [ -147.02780000040201, 24.272265000054901 ], [ -139.250217999889003, 24.272265000054901 ], [ -120.847203000437005, 35.367080000020202 ] ], [ [ 179.999947000393007, -16.5265480001224 ], [ 178.971041000340989, -18.269929000031301 ], [ 178.38627599974501, -18.0748010001594 ], [ 178.481197999699987, -18.7627480003394 ], [ 151.273991000123999, -33.761157000259701 ] ], [ [ -155.822031999882, 20.023288999837899 ], [ -158.130574999573014, 21.354072999984201 ] ], [ [ -158.130574999573014, 21.354072999984201 ], [ -179.999944999845013, -16.540496999610799 ] ], [ [ -123.811165999628003, 45.825293000204198 ], [ -139.250217999889003, 43.549007999865204 ], [ -147.02780000040201, 43.549007999865204 ], [ -158.130574999573014, 21.354072999984201 ] ] ] } },
{ "type": "Feature", "properties": { "OBJECTID": 3, "cable_id": 1010, "Name": "Japan-U.S. Cable Network (JUS)", "color": "#b2703f", "length": "22,682 km", "rfs": "September 2001", "owners": "Verizon,  AT&T,  BT,  Sprint,  CenturyLink,  KDDI,  NTT,  Chunghwa Telecom,  Tata Communications,  SingTel,  Telekom Malaysia,  Softbank Telecom,  Orange,  Level 3,  SK Broadband,  KT,  China Telecom,  China Unicom,  LG Uplus,  New World Telecom,  Starhub,  PCCW,  Telstra,  Vodafone,  PLDT", "url": null, "Symbol": 4, "year": 2001 }, "geometry": { "type": "MultiLineString", "coordinates": [ [ [ 179.999947000393007, 24.980140999893202 ], [ 138.963842999673005, 31.3854140000604 ], [ 136.874001000377007, 34.336831000020602 ], [ 138.709546000123993, 33.208836000018302 ], [ 139.218920999918993, 33.393299000214 ], [ 139.671850000408995, 35.001290000048698 ], [ 139.816967000001, 35.037518999732598 ], [ 139.736108000054998, 34.989930000151801 ], [ 139.736108000054998, 34.751889999884 ], [ 140.384349999597987, 34.751889999884 ], [ 141.161302000400013, 35.487954000182 ], [ 140.750951000099008, 36.801860999671 ], [ 157.211291000241005, 39.909138999861497 ], [ 179.999947000393007, 39.9125099998164 ] ], [ [ -179.999944999845013, 39.909138999861497 ], [ -139.250217999889003, 39.909138999861497 ], [ -123.687044999777996, 38.969435000233801 ], [ -123.873080000049995, 38.466018000179197 ], [ -121.905796000281001, 35.485410000004897 ], [ -120.847203000437005, 35.367080000020202 ], [ -139.250217999889003, 25.160238000076401 ], [ -147.02780000040201, 25.160238000076401 ], [ -158.206014999703996, 21.460538999892702 ], [ -179.999944999845013, 24.976158000357501 ] ] ] } },
{ "type": "Feature", "properties": { "OBJECTID": 4, "cable_id": 1027, "Name": "FLAG Europe-Asia (FEA)", "color": "#6c70b5", "length": "28,000 km", "rfs": "November 1997", "owners": "Global Cloud Xchange", "url": "http://www.globalcloudxchange.com", "Symbol": 7, "year": 1997 }, "geometry": { "type": "MultiLineString", "coordinates": [ [ [ 100.362990999911005, 5.35384299957042 ], [ 98.963382999643301, 6.61700900010332 ] ], [ [ 98.963382999643301, 6.61700900010332 ], [ 96.436040999647403, 8.888861999840501 ], [ 82.053628999818699, 4.65349999983216 ], [ 75.938496999582, 7.47889499973188 ], [ 72.362230000307704, 17.285585000337399 ], [ 72.784593000398303, 18.823090000209799 ], [ 72.875901999636099, 19.076074000258199 ], [ 72.627171000215597, 18.858302999831601 ], [ 70.993286000348206, 17.238863000193799 ], [ 64.170244000358295, 15.528895000235501 ] ], [ [ 39.187839000280398, 21.484075999853399 ], [ 38.015184000066498, 21.567017999759202 ] ], [ [ 38.015184000066498, 21.567017999759202 ], [ 41.809713000243299, 15.3829079998038 ], [ 42.558734999947298, 13.9526200003307 ], [ 43.616742999810597, 12.169778000328501 ], [ 43.752288999819001, 12.127198000088599 ], [ 44.285980000169801, 11.227283000153401 ], [ 45.1920340000691, 11.0794449997136 ], [ 46.849259999625602, 11.1012949998859 ], [ 64.170244000358295, 15.528895000235501 ] ], [ [ 56.333725999930003, 25.121692999774499 ], [ 61.933331000437803, 23.652322000222298 ], [ 64.170244000358295, 15.528895000235501 ] ], [ [ 34.614697999793897, 26.9007479997335 ], [ 38.015184000066498, 21.567017999759202 ] ], [ [ 127.497346999700994, 29.276613999973801 ], [ 123.902817999895007, 19.6185069998416 ], [ 118.623232000068995, 20.500682999711302 ], [ 113.949114999602998, 22.271491999766202 ], [ 108.956930999839997, 8.03285999989804 ], [ 100.599710000439998, 7.07591899959228 ], [ 100.386330999774998, 6.82698100012749 ], [ 100.066116999998997, 6.61351700022683 ], [ 99.687210999805799, 6.77355100006042 ], [ 99.532522999732393, 6.7536710000926 ], [ 98.963382999643301, 6.61700900010332 ] ], [ [ 35.0070810001897, 29.5319259998872 ], [ 34.767627999551202, 29.0890410002363 ], [ 34.517628000434399, 28.016313000379199 ], [ 34.614697999793897, 26.9007479997335 ] ], [ [ 32.529933999831201, 29.9725420001967 ], [ 32.653175999971801, 29.1136160000163 ], [ 33.754834999901497, 27.7781909997498 ], [ 34.614697999793897, 26.9007479997335 ] ], [ [ 138.872827000337992, 30.287499000045599 ], [ 135.539822000441006, 29.132042999685002 ], [ 128.887873999931998, 30.4172759999093 ], [ 128.93367400012599, 32.390195999912599 ], [ 128.620783999895991, 34.880730000248903 ], [ 128.740217000399014, 32.429110000050002 ], [ 127.497346999700994, 29.276613999973801 ] ], [ [ 138.872827000337992, 30.287499000045599 ], [ 139.25544400025899, 35.299520999899599 ] ], [ [ 29.8935099997877, 31.191469000025101 ], [ 30.4428259997464, 30.674717000028799 ], [ 31.743411000344999, 30.071977000246299 ], [ 32.529933999831201, 29.9725420001967 ] ], [ [ 29.8935099997877, 31.191469000025101 ], [ 30.493704999997298, 30.7569100000578 ], [ 31.794289999697501, 30.154763999681101 ], [ 32.529933999831201, 29.9725420001967 ] ], [ [ 121.472546999982001, 31.247506999701599 ], [ 127.497346999700994, 29.276613999973801 ] ], [ [ 139.620874000073997, 35.144034000095402 ], [ 138.872827000337992, 30.287499000045599 ] ], [ [ -5.14586900027946, 36.427417000094501 ], [ -4.89347699956346, 36.148211000178101 ] ], [ [ -5.65451199978031, 50.043151000254198 ], [ -12.499429000119701, 46.416347999735201 ], [ -12.499429000119701, 38.886475000119503 ], [ -11.6392730003243, 36.876969000356297 ], [ -9.10001700044795, 35.721943999955499 ], [ -5.3475779996648, 36.156016999640201 ], [ -2.16896700011307, 36.101355999717697 ], [ 2.31198700035331, 37.963452000012197 ], [ 10.7269219998279, 38.006477999784799 ], [ 12.836686000061601, 38.556646000252599 ], [ 13.358659000350499, 38.116123000178099 ], [ 12.818327000344301, 38.469841000306801 ], [ 11.8902030001019, 38.208262999928301 ], [ 12.019402000182801, 37.462461000196903 ], [ 11.242937000351599, 36.650013999933201 ], [ 13.259927999861, 34.970086000313202 ], [ 28.8921439999467, 32.808133000306903 ], [ 29.8935099997877, 31.191469000025101 ] ] ] } },
{ "type": "Feature", "properties": { "OBJECTID": 5, "cable_id": 1028, "Name": "FLAG Atlantic-1 (FA-1)", "color": "#f04230", "length": "14,500 km", "rfs": "June 2001", "owners": "Global Cloud Xchange", "url": "http://www.globalcloudxchange.com", "Symbol": 6, "year": 2001 }, "geometry": { "type": "LineString", "coordinates": [ [ -73.655976999810704, 40.600683000108297 ], [ -56.996858000210899, 35.392558999813701 ], [ -20.0237400002075, 43.139937999774297 ], [ -3.63664199966375, 49.155647999783604 ], [ -2.76779499981883, 48.534935999793397 ], [ -3.51754999964176, 49.369016000042798 ], [ -5.67492199971661, 50.063935999859801 ], [ -20.0237400002075, 46.019207000111301 ], [ -56.996858000210899, 38.620840999731001 ], [ -71.678683999892499, 41.097017000190398 ], [ -72.165646000110996, 41.2176000001799 ], [ -72.365840999577799, 41.2176000001799 ], [ -72.820772999707501, 41.146379999949502 ], [ -73.194404999850505, 41.022498999782897 ], [ -73.344111999776999, 40.909455000109297 ] ] } },
{ "type": "Feature", "properties": { "OBJECTID": 6, "cable_id": 1031, "Name": "SeaMeWe-3", "color": "#548f51", "length": "39,000 km", "rfs": "September 1999", "owners": "Orange,  BT,  KDDI,  SingTel,  Telecom Italia Sparkle,  Telekom Malaysia,  OTEGLOBE,  AT&T,  Belgacom,  Communications Authority of Thailand,  China Telecom,  Deutsche Telekom,  Etisalat,  Telecom Egypt,  CTM,  PT Indonesia Satellite Corp.,  Jabatan Telecom Brunei,  KT,  Portugal Telecom,  Maroc Telecom,  PLDT,  Saudi Telecom,  Sri Lanka Telecom,  Turk Telekom,  Tata Communications,  Chunghwa Telecom,  Verizon,  KPN,  Telekom Austria,  SingTel Optus,  Telstra,  Vietnam Telecom International,  Omantel,  PCCW,  Pakistan Telecommunications Company Ltd.,  Cyta,  eircom,  LG Uplus,  Softbank Telecom,  Telkom South Africa,  Rostelecom,  Orange Polska,  SingTel Optus,  Telecom Argentina,  Myanmar Post and Telecommunication (MPT),  Sprint,  Vocus Communications,  Djibouti Telecom,  Embratel,  Vodafone", "url": "http://www.smw3.com", "Symbol": 12, "year": 1999 }, "geometry": { "type": "MultiLineString", "coordinates": [ [ [ 106.833397000397994, -6.12896199998766 ], [ 106.516111999827004, -5.15597800041916 ] ], [ [ 106.516111999827004, -5.15597800041916 ], [ 105.839452000188004, -5.85935100021999 ], [ 102.797950999893004, -7.88684899958309 ], [ 112.097357999718994, -31.933551000018301 ], [ 115.857316000040996, -31.953439000359701 ] ], [ [ 104.768456999668004, 0.127768000110374 ], [ 106.999901000443003, -2.40394600003614 ], [ 106.999901000443003, -4.57468399989861 ], [ 106.516111999827004, -5.15597800041916 ] ], [ [ 104.768456999668004, 0.127768000110374 ], [ 106.950681999701004, 1.20433900024922 ] ], [ [ 106.950681999701004, 1.20433900024922 ], [ 103.850683999881994, 2.29570699985265 ] ], [ [ 106.950681999701004, 1.20433900024922 ], [ 112.387005999994997, 3.88367499996717 ], [ 112.799897000236001, 5.45193999991356 ] ], [ [ 98.675980999580105, 3.75203399974194 ], [ 99.229983999957895, 4.56219399984223 ] ], [ [ 98.763994721437697, 4.94359860113004 ], [ 98.7639689999761, 4.943591999805 ] ], [ [ 98.763994721437697, 4.94359860113004 ], [ 103.009962000228995, 1.46335000024796 ], [ 103.501759000107, 1.25335099987122 ], [ 103.646094999899006, 1.33858299963515 ], [ 103.714454000158, 0.99510000019464 ], [ 103.796484999716, 0.940713999568784 ], [ 103.945898999739001, 0.879197999926013 ], [ 104.187695999601004, 0.56320800027834 ], [ 104.463183999783993, 0.492313000413898 ], [ 104.768456999668004, 0.127768000110374 ] ], [ [ 100.362990999911005, 5.35384299957042 ], [ 98.763994721437697, 4.94359860113004 ] ], [ [ 112.799897000236001, 5.45193999991356 ], [ 114.885636999992002, 4.92676000037032 ] ], [ [ 112.799897000236001, 5.45193999991356 ], [ 114.870110000294005, 13.2303679999977 ] ], [ [ 98.124712000209996, 5.46632799992657 ], [ 98.763994721437697, 4.94359860113004 ] ], [ [ 78.855984564298893, 5.55693508779296 ], [ 78.855974999936095, 5.55692299964712 ] ], [ [ 78.855984564298893, 5.55693508779296 ], [ 82.662515999902695, 3.91534000035686 ], [ 95.400689999757901, 7.68779399980883 ] ], [ [ 100.066116999998997, 6.61351700022683 ], [ 99.835062000405202, 6.56394399996734 ], [ 99.728617000382599, 6.48428800026109 ], [ 99.596683000367506, 6.42975299961747 ], [ 98.124712000209996, 5.46632799992657 ] ], [ [ 79.866815000174398, 6.83309000031746 ], [ 78.855984564298893, 5.55693508779296 ] ], [ [ 95.400689999757901, 7.68779399980883 ], [ 98.124712000209996, 5.46632799992657 ] ], [ [ 76.269551000434703, 9.938386000149951 ], [ 74.700314000200805, 9.15091199973315 ] ], [ [ 43.147992999894598, 11.594869000206799 ], [ 43.8463320000645, 11.709928999788 ] ], [ [ 43.8463320000645, 11.709928999788 ], [ 44.093597999970299, 11.293560000359999 ], [ 44.863226000327401, 11.347567000266499 ], [ 62.6914359998284, 16.091911000177699 ] ], [ [ 114.870110000294005, 13.2303679999977 ], [ 114.970696000285002, 13.603301999977599 ] ], [ [ 114.870110000294005, 13.2303679999977 ], [ 108.192477999798001, 16.043395000189001 ] ], [ [ 114.970696000285002, 13.603301999977599 ], [ 116.741104999604005, 20.0535639997895 ] ], [ [ 121.066004000391004, 13.7624229999801 ], [ 114.970696000285002, 13.603301999977599 ] ], [ [ 62.6914359998284, 16.091911000177699 ], [ 68.103737000368099, 17.511473000016998 ] ], [ [ 95.682134999880901, 16.282762000148299 ], [ 95.400689999757901, 7.68779399980883 ] ], [ [ 68.103737000368099, 17.511473000016998 ], [ 70.291821000431796, 18.082107000391201 ], [ 72.875901999636099, 19.076074000258199 ], [ 72.762425000145896, 18.768083000270199 ], [ 71.884301000445504, 17.147156999922 ], [ 75.434492999921304, 7.02862299993796 ], [ 78.855984564298893, 5.55693508779296 ] ], [ [ 68.103737000368099, 17.511473000016998 ], [ 67.028542000399298, 24.889728000017701 ] ], [ [ 116.741104999604005, 20.0535639997895 ], [ 116.707869867341003, 21.788943488274398 ] ], [ [ 38.258934000238398, 20.913026000085299 ], [ 38.263324600631201, 20.9157330492949 ] ], [ [ 38.263324600631201, 20.9157330492949 ], [ 42.359322000105003, 14.210357000432699 ], [ 43.105804999693298, 12.953479999565101 ], [ 43.8463320000645, 11.709928999788 ] ], [ [ 38.263324600631201, 20.9157330492949 ], [ 39.182761000049098, 21.481532000197301 ] ], [ [ 120.775282000413, 21.116860999644899 ], [ 120.662195999836996, 22.249258999982398 ] ], [ [ 120.775282000413, 21.116860999644899 ], [ 123.968638999863998, 20.638833999944602 ], [ 125.059849000325997, 23.542158999662799 ] ], [ [ 114.936809000145999, 21.250441999817799 ], [ 116.741104999604005, 20.0535639997895 ] ], [ [ 114.936809000145999, 21.250441999817799 ], [ 114.183977999907, 22.249619999626201 ], [ 116.707869867341003, 21.788943488274398 ] ], [ [ 118.628115000305996, 21.4374520003499 ], [ 120.775282000413, 21.116860999644899 ] ], [ [ 116.707869867341003, 21.788943488274398 ], [ 118.628115000305996, 21.4374520003499 ] ], [ [ 116.707869867341003, 21.788943488274398 ], [ 116.677530999672996, 23.355003000106102 ], [ 118.628115000305996, 21.4374520003499 ] ], [ [ 113.561127000447001, 22.1564930002653 ], [ 114.936809000145999, 21.250441999817799 ] ], [ [ 125.059849000325997, 23.542158999662799 ], [ 121.801452999633, 24.863503999966198 ] ], [ [ 125.059849000325997, 23.542158999662799 ], [ 126.065804999603998, 26.162725999876301 ] ], [ [ 58.591145999871102, 23.6151040001502 ], [ 59.333039999847898, 23.801265000137299 ] ], [ [ 56.333725999930003, 25.121692999774499 ], [ 60.739386999680399, 23.1790739996894 ], [ 62.6914359998284, 16.091911000177699 ] ], [ [ 126.065804999603998, 26.162725999876301 ], [ 127.175961000312, 28.987182000227701 ] ], [ [ 127.680842999857006, 26.212413999941599 ], [ 126.065804999603998, 26.162725999876301 ] ], [ [ 127.175961000312, 28.987182000227701 ], [ 121.472546999982001, 31.247506999701599 ] ], [ [ 127.175961000312, 28.987182000227701 ], [ 128.558771999563987, 32.384670000202703 ], [ 128.620783999895991, 34.880730000248903 ] ], [ [ 32.542825000228099, 29.959090000003801 ], [ 32.530389111506899, 29.971126056030499 ] ], [ [ 32.530389111506899, 29.971126056030499 ], [ 32.853371000336899, 28.961210000188402 ], [ 34.5148940003251, 26.790090999849799 ], [ 37.512644999920603, 22.1156960000718 ], [ 38.263324600631201, 20.9157330492949 ] ], [ [ 32.530389111506899, 29.971126056030499 ], [ 32.525659431230402, 29.975703287374198 ] ], [ [ 32.525659431230402, 29.975703287374198 ], [ 32.529933999831201, 29.9725420001967 ], [ 32.530389111506899, 29.971126056030499 ] ], [ [ 32.525659431230402, 29.975703287374198 ], [ 31.997804999977902, 30.485213999850998 ], [ 30.6972200002776, 31.085315000371398 ], [ 29.8935099997877, 31.191469000025101 ] ], [ [ 29.8935099997877, 31.191469000025101 ], [ 30.646438999935999, 31.0034030000052 ], [ 31.947023999636301, 30.4027059996621 ], [ 32.525659431230402, 29.975703287374198 ] ], [ [ 29.8935099997877, 31.191469000025101 ], [ 29.213042000336799, 33.024311000064003 ] ], [ [ 29.213042000336799, 33.024311000064003 ], [ 22.731795999671501, 33.9548699997925 ] ], [ [ 29.213042000336799, 33.024311000064003 ], [ 28.551030999613999, 36.222773999773402 ], [ 28.253570000070901, 36.8552489999296 ] ], [ [ 22.731795999671501, 33.9548699997925 ], [ 23.1057220004407, 35.495825999772201 ], [ 23.477304000189701, 35.779640999808699 ], [ 23.855427999859899, 35.779640999808699 ], [ 24.012167000152299, 35.512043999860097 ] ], [ [ 22.731795999671501, 33.9548699997925 ], [ 13.4441079997325, 35.270584000256001 ], [ 12.0512380001029, 36.466301000092002 ], [ 12.5913740002905, 37.650583999948402 ], [ 10.8121760001145, 37.793178999972 ], [ 2.3543689998251, 37.748791999985102 ], [ -2.13161399957048, 35.941571000289599 ], [ -5.39406300029792, 35.958330999701602 ], [ -9.395426999772059, 36.228210000256198 ], [ -9.102750999658991, 38.443075999707503 ], [ -10.2558760003687, 38.6000849997532 ], [ -10.548257999855601, 38.886475000119503 ], [ -10.548257999855601, 45.105647999948502 ], [ -4.33854599997131, 47.811019999708698 ], [ -5.43209999965738, 48.8035150002259 ], [ -5.17296900027497, 50.0225440002882 ], [ 0.354371000252412, 49.9748990002441 ], [ 2.21944628689344, 51.475002016987901 ] ], [ [ 32.466652999803202, 34.766571999678497 ], [ 29.213042000336799, 33.024311000064003 ] ], [ [ -5.39181600026027, 35.565920999714002 ], [ -4.5257529998551, 35.950742000205999 ] ], [ [ 2.9127669996456, 51.231222000187202 ], [ 2.21944628689344, 51.475002016987901 ] ], [ [ 2.21944628689344, 51.475002016987901 ], [ 2.21228000007057, 51.4775149998069 ] ], [ [ 2.21944628689344, 51.475002016987901 ], [ 2.27399799977613, 51.518157000118897 ], [ 4.02175099984425, 53.827137999736102 ], [ 7.20182699980912, 53.595598999742101 ] ] ] } },
{ "type": "Feature", "properties": { "OBJECTID": 7, "cable_id": 1035, "Name": "SeaMeWe-4", "color": "#f04230", "length": "20,000 km", "rfs": "December 2005", "owners": "Bangladesh Telegraph and Telephone Board (BTTB),  Orange,  SingTel,  Telecom Italia Sparkle,  Tata Communications,  PT Indonesia Satellite Corp.,  Telekom Malaysia,  Airtel (Bharti),  Sri Lanka Telecom,  Etisalat,  Saudi Telecom,  Communications Authority of Thailand,  Tunisia Telecom,  Verizon,  Pakistan Telecommunications Company Ltd.,  Telecom Egypt,  Telstra", "url": "http://www.seamewe4.com", "Symbol": 6, "year": 2005 }, "geometry": { "type": "MultiLineString", "coordinates": [ [ [ 103.646094999899006, 1.33858299963515 ], [ 103.506837000337995, 1.19730899958602 ], [ 102.991016999807997, 1.36425900033045 ], [ 101.137503000330994, 2.82564400026024 ], [ 102.220899999728999, 2.27326400027697 ] ], [ [ 98.333651227601905, 5.03059722193952 ], [ 101.098245000057005, 2.85490399968532 ] ], [ [ 98.333651227601905, 5.03059722193952 ], [ 98.354007999662599, 5.01626600020938 ], [ 99.841703000060605, 6.03823500016096 ], [ 99.992483999689597, 6.20553700019729 ], [ 100.057913999845994, 6.35444300021643 ], [ 100.066116999998997, 6.61351700022683 ] ], [ [ 98.314751000112494, 5.04545000031849 ], [ 98.333651227601905, 5.03059722193952 ] ], [ [ 79.872088000399401, 6.92703699974167 ], [ 78.875409000079202, 4.82118599984336 ] ], [ [ 90.575302999941897, 8.906710999621479 ], [ 93.144930000223596, 8.67074500035447 ], [ 98.333651227601905, 5.03059722193952 ] ], [ [ 64.644853000305204, 16.4177000004068 ], [ 64.644465955775203, 16.419013068048201 ] ], [ [ 64.644465955775203, 16.419013068048201 ], [ 68.790942999558894, 17.5341949996645 ] ], [ [ 64.644465955775203, 16.419013068048201 ], [ 62.381964000320501, 23.923349999856299 ], [ 56.333725999930003, 25.121692999774499 ] ], [ [ 68.790942999558894, 17.5341949996645 ], [ 70.479809000115196, 17.9864629997073 ], [ 72.540648000232693, 18.887781000150799 ], [ 72.875901999636099, 19.076074000258199 ], [ 72.722288000163601, 18.8381560000097 ], [ 71.552757999871304, 16.907462000204902 ], [ 74.827267000069, 6.6960619998307 ], [ 81.709684000365698, 3.50497199985169 ], [ 83.176675000201101, 8.18512999987531 ], [ 80.242986000433206, 13.063853999649499 ], [ 82.684488000336501, 9.630336000175859 ], [ 90.575302999941897, 8.906710999621479 ] ], [ [ 68.790942999558894, 17.5341949996645 ], [ 67.028542000399298, 24.889728000017701 ] ], [ [ 91.9948330002494, 21.4292700000004 ], [ 90.575302999941897, 8.906710999621479 ] ], [ [ 29.8935099997877, 31.191469000025101 ], [ 30.5445840002482, 30.8392009999123 ], [ 31.845168999948399, 30.237481000184999 ], [ 32.542825000228099, 29.959090000003801 ], [ 32.737942000361798, 28.931129999987501 ], [ 33.890968000439003, 27.496849999750399 ], [ 37.811472999967499, 21.376717999984699 ], [ 39.182761000049098, 21.481532000197301 ], [ 38.393015999658601, 20.444326000095401 ], [ 41.5677210003875, 15.2697000000854 ], [ 42.469087000042798, 13.9838929998746 ], [ 43.581586000150402, 12.147724999724399 ], [ 43.528167999783797, 11.987574999657999 ], [ 44.035785000160999, 11.133396000148601 ], [ 44.840082000281797, 11.2224939995812 ], [ 64.2501259997874, 16.312663000140901 ], [ 64.644461999594697, 16.419012000423901 ], [ 64.644465955775203, 16.419013068048201 ] ], [ [ 29.8935099997877, 31.191469000025101 ], [ 30.595462999600802, 30.921252999746301 ], [ 31.896048000199301, 30.320213000101798 ], [ 32.529933999831201, 29.9725420001967 ] ], [ [ 7.75544000019957, 36.902822000150799 ], [ 8.507587999649971, 37.891120000166801 ] ], [ [ 9.867351999838389, 37.276816000293103 ], [ 9.70934499967465, 37.8956670001226 ] ], [ [ 8.507587999649971, 37.891120000166801 ], [ 9.70934499967465, 37.8956670001226 ] ], [ [ 9.70934499967465, 37.8956670001226 ], [ 10.8231130003768, 37.899906000084201 ], [ 12.2146160004009, 38.093838000046098 ] ], [ [ 12.2146160004009, 38.093838000046098 ], [ 12.3081709998514, 37.408568999878398 ], [ 12.1177410001368, 37.207314000167798 ], [ 11.5708670002094, 36.629874999929903 ], [ 13.338639000401599, 35.135649000265097 ], [ 29.063041999608998, 32.925837999782701 ], [ 29.8935099997877, 31.191469000025101 ] ], [ [ 12.2146160004009, 38.093838000046098 ], [ 12.756802999909199, 38.252066000294903 ], [ 13.358659000350499, 38.116123000178099 ] ], [ [ 5.37253100008015, 43.293627000000399 ], [ 8.507587999649971, 37.891120000166801 ] ] ] } },
{ "type": "Feature", "properties": { "OBJECTID": 8, "cable_id": 1043, "Name": "TAT-14", "color": "#91a34b", "length": "15,295 km", "rfs": "April 2001", "owners": "BT,  Verizon,  Deutsche Telekom,  Orange,  Sprint,  TeliaSonera,  Level 3,  KPN,  Telenor,  Etisalat,  OTEGLOBE,  SingTel,  KDDI,  Softbank Telecom,  Zayo Group,  Portugal Telecom,  Slovak Telekom,  TDC,  Telus,  Tata Communications,  Telefonica,  AT&T,  Belgacom,  Elisa Corporation,  Cyta,  Rostelecom,  Vodafone", "url": "https://www.tat-14.com", "Symbol": 2, "year": 2001 }, "geometry": { "type": "LineString", "coordinates": [ [ -74.337812999590398, 39.603884999710701 ], [ -74.084589999744495, 39.690734000196599 ], [ -73.937471000337496, 39.942240999844003 ], [ -74.047089999787104, 40.1234899999588 ], [ -69.293235999657398, 40.2947990000728 ], [ -56.988167000161397, 43.831250999918304 ], [ -6.17345700023202, 59.854369999780701 ], [ -1.13029600030837, 59.664598999888298 ], [ 6.49938600009943, 56.7815350001067 ], [ 8.32916999972503, 55.751649000219103 ], [ 7.20182699980912, 53.595598999742101 ], [ 5.22897699991251, 53.662283999815699 ], [ 3.94743499964477, 52.939333999923903 ], [ 4.39665300040677, 52.205177000076297 ], [ 3.01540399985625, 52.044137000048302 ], [ 1.47770999963952, 50.784262999734999 ], [ 0.708472000168056, 49.860520999788598 ], [ -2.38566599979495, 49.851454999827801 ], [ -5.72453100044637, 49.659152999852601 ], [ -6.12018500035365, 49.955174000013898 ], [ -4.54440500037365, 50.828203000114399 ], [ -20.0237400002075, 43.873221999715597 ], [ -56.996858000210899, 36.212609999739797 ], [ -74.337812999590398, 39.603884999710701 ] ] } },
{ "type": "Feature", "properties": { "OBJECTID": 9, "cable_id": 1045, "Name": "Atlantis-2", "color": "#f04230", "length": "8,500 km", "rfs": "February 2000", "owners": "Embratel,  Deutsche Telekom,  Telecom Italia Sparkle,  Telecom Argentina,  Telefonica,  Portugal Telecom,  Orange,  Telefónica Larga Distancia de Puerto Rico,  AT&T,  Belgacom,  KT,  SingTel,  Sprint,  Tata Communications,  Verizon,  BT", "url": null, "Symbol": 6, "year": 2000 }, "geometry": { "type": "MultiLineString", "coordinates": [ [ [ -32.611328000427399, -4.69275399979284 ], [ -32.611328000427399, -11.671896999754001 ], [ -41.3647890004383, -23.169673999698801 ], [ -53.334408999639003, -37.353807999821299 ], [ -56.695441999644501, -36.470959000229101 ] ], [ [ -32.611328000427399, -4.69275399979284 ], [ -21.074812999789199, 14.888566000173601 ] ], [ [ -38.5429650003327, -3.71873699985809 ], [ -34.129784000319702, -3.47332300027546 ], [ -32.611328000427399, -4.69275399979284 ] ], [ [ -21.074812999789199, 14.888566000173601 ], [ -17.4457139999543, 14.6865979997627 ] ], [ [ -21.074812999789199, 14.888566000173601 ], [ -21.072371999582899, 20.267253999987201 ], [ -15.7166629997351, 27.260631999686801 ], [ -16.1896599998542, 27.844269000332702 ], [ -15.425257000041499, 29.084944999839301 ] ], [ [ -23.505621999827799, 14.9353719999178 ], [ -21.074812999789199, 14.888566000173601 ] ], [ [ -16.538586000352499, 28.046741999977701 ], [ -15.425257000041499, 29.084944999839301 ] ], [ [ -15.425257000041499, 29.084944999839301 ], [ -9.14806399978192, 38.7238460002566 ] ] ] } },
{ "type": "Feature", "properties": { "OBJECTID": 10, "cable_id": 1046, "Name": "Columbus-III", "color": "#958047", "length": "9,833 km", "rfs": "December 1999", "owners": "Telecom Italia Sparkle,  AT&T,  Verizon,  Telefonica,  Portugal Telecom,  CANTV,  Tata Communications,  Ukrtelecom,  Telkom South Africa,  Telecom Argentina,  Instituto Costarricense de Electricidad,  Embratel", "url": null, "Symbol": 21, "year": 1999 }, "geometry": { "type": "MultiLineString", "coordinates": [ [ [ -80.160171999629696, 26.010552999828999 ], [ -73.1583209999025, 31.540099999875601 ], [ -57.445686000087299, 31.540099999875601 ], [ -30.991359000255699, 35.871489999733299 ], [ -6.1834660003816, 35.916583000346002 ] ], [ [ -10.849234000206, 35.908198999927798 ], [ -9.14806399978192, 38.7238460002566 ] ], [ [ -6.1834660003816, 35.916583000346002 ], [ -5.32042999998872, 35.918243999782803 ], [ -2.10915300031346, 35.786771000230097 ], [ 2.38806099997056, 37.597678999966703 ], [ 10.845477000447699, 37.677640999884296 ], [ 12.5913740002905, 37.650583999948402 ] ], [ [ -6.08712800041791, 36.276720999686397 ], [ -6.1834660003816, 35.916583000346002 ] ], [ [ -25.668705999620499, 37.7396029999395 ], [ -26.179790000226099, 35.880272999853503 ] ] ] } },
{ "type": "Feature", "properties": { "OBJECTID": 11, "cable_id": 1049, "Name": "APCN-2", "color": "#0982c5", "length": "19,000 km", "rfs": "December 2001", "owners": "SingTel,  Verizon,  KDDI,  Chunghwa Telecom,  AT&T,  BT,  Orange,  Softbank Telecom,  NTT,  Tata Communications,  Telekom Malaysia,  Starhub,  PLDT,  China Unicom,  KT,  SingTel Optus,  Telstra,  PCCW,  China Telecom,  LG Uplus,  New World Telecom,  Vodafone", "url": null, "Symbol": 13, "year": 2001 }, "geometry": { "type": "MultiLineString", "coordinates": [ [ [ 113.809466000230003, 12.7051509996771 ], [ 113.809759000132999, 12.706388999978699 ], [ 113.810735999751003, 12.7099139995732 ], [ 113.812298000249001, 12.7158210001305 ], [ 113.814447000377001, 12.7241079996162 ], [ 113.817180999588004, 12.734586000226299 ], [ 113.820501000402004, 12.7473499999601 ], [ 113.824505000032005, 12.7623040002781 ], [ 113.828998000281999, 12.7794470004073 ], [ 113.834075999614996, 12.7986840000552 ], [ 113.839739999653005, 12.820205000381099 ], [ 113.845891999586996, 12.843819000278801 ], [ 113.852630000225005, 12.8694299999823 ], [ 113.859856999686002, 12.897131999631201 ], [ 113.867669000027007, 12.926830999958501 ], [ 113.876067999998, 12.9585239997886 ], [ 113.884856999956995, 12.992211999695501 ], [ 113.894231999721995, 13.027702000238101 ], [ 113.903997000372001, 13.065186000171501 ], [ 113.914348999755006, 13.1045659998974 ], [ 113.925188999932999, 13.1458410003155 ], [ 113.936517000007996, 13.188820999951901 ], [ 113.948332999979002, 13.233505000183699 ], [ 113.960539999762005, 13.2800809997076 ], [ 113.973236000165002, 13.328358999709099 ], [ 113.986418999742, 13.3783380000158 ], [ 113.999895999944997, 13.429920999985599 ], [ 114.013958000128994, 13.483201999688401 ], [ 114.028411000125004, 13.5379899996147 ], [ 114.043254999932998, 13.5944740002963 ], [ 114.058489999553998, 13.652463000171201 ], [ 114.074115000060004, 13.711956000284699 ], [ 114.090227999563993, 13.772951999883199 ], [ 114.106633999869999, 13.835352999594299 ], [ 114.123430999988003, 13.899255000064 ], [ 114.140618000093994, 13.964560999988599 ], [ 114.158196000011003, 14.03117500023 ], [ 114.176067999656993, 14.099095000394 ], [ 114.194329000362998, 14.1684149996118 ], [ 114.212981999807994, 14.2390399998802 ], [ 114.231927000230002, 14.310871999592999 ], [ 114.251067999572001, 14.383911000240699 ], [ 114.270695999883998, 14.4581559998195 ], [ 114.290520999839003, 14.5336050000409 ], [ 114.310734999957006, 14.6101620002571 ], [ 114.331242999802001, 14.687825999852601 ], [ 114.352044000448998, 14.7665949995712 ], [ 114.373040000190997, 14.8463749997194 ], [ 114.394328999836006, 14.9271630001157 ], [ 114.437785999734004, 15.091663999949301 ] ], [ [ 114.437785999734004, 15.091663999949301 ], [ 121.066004000391004, 13.7624229999801 ], [ 113.809466000230003, 12.7051509996771 ] ], [ [ 116.081521125506001, 21.197881485143199 ], [ 114.437785999734004, 15.091663999949301 ] ], [ [ 116.081521125506001, 21.197881485143199 ], [ 113.949114999602998, 22.271491999766202 ], [ 109.473825000071997, 7.00739600000175 ], [ 103.322656999567997, 3.81517699968522 ], [ 104.079590000245005, 3.89760799967268 ], [ 104.679003999757001, 2.36078999989798 ], [ 104.385351999850997, 1.35967099990715 ], [ 104.196973000355001, 1.31573800027829 ], [ 103.895020000387007, 1.30948900016652 ], [ 104.159179999596006, 1.21107599984523 ], [ 104.338086000315997, 1.22874699993977 ], [ 111.489546000060997, 3.72845199977695 ], [ 113.809466000230003, 12.7051509996771 ] ], [ [ 125.317720956041001, 26.145309427099001 ], [ 121.462586000410994, 25.181715000095199 ], [ 122.188756999972995, 25.203452999952901 ], [ 124.823325999616003, 24.414710999846001 ], [ 123.215709999715997, 20.970484999887301 ], [ 118.669033000088007, 21.611784000271498 ], [ 116.677530999672996, 23.355003000106102 ], [ 116.081521125506001, 21.197881485143199 ] ], [ [ 125.317720956041001, 26.145309427099001 ], [ 126.470003999970999, 24.4840529996561 ], [ 124.208775000393004, 19.135038999812501 ], [ 118.152529999668005, 20.147657000033199 ], [ 116.081521125506001, 21.197881485143199 ] ], [ [ 129.597443000266992, 30.971925000013599 ], [ 128.582796000042009, 31.157628999934101 ] ], [ [ 128.582796000042009, 31.157628999934101 ], [ 121.395300999854996, 31.6198000003291 ], [ 125.317720956041001, 26.145309427099001 ] ], [ [ 128.582796000042009, 31.157628999934101 ], [ 128.99949500009501, 35.170382000054403 ], [ 129.597443000266992, 30.971925000013599 ] ], [ [ 139.587028123011009, 31.2970476706463 ], [ 135.509353000125998, 29.883169000071199 ], [ 129.597443000266992, 30.971925000013599 ] ], [ [ 139.587028123011009, 31.2970476706463 ], [ 139.459155000356986, 29.982355000352701 ], [ 135.54099400005299, 28.6618970000108 ], [ 125.317720956041001, 26.145309427099001 ] ], [ [ 139.587028123011009, 31.2970476706463 ], [ 139.954857999956005, 34.976567999875499 ], [ 140.209936000201992, 34.894587999655499 ], [ 141.032592000040012, 35.616666000022903 ], [ 140.750951000099008, 36.801860999671 ], [ 144.744503000131004, 33.055338000245499 ], [ 139.587028123011009, 31.2970476706463 ] ] ] } },
{ "type": "Feature", "properties": { "OBJECTID": 12, "cable_id": 1053, "Name": "BARSAV", "color": "#4fc1af", "length": "760 km", "rfs": "1996", "owners": "Telefonica,  Telecom Italia Sparkle", "url": null, "Symbol": 10, "year": 1996 }, "geometry": { "type": "LineString", "coordinates": [ [ 8.483759999889109, 44.305750000274003 ], [ 8.524677999671029, 42.996470000100103 ], [ 2.16872500026373, 41.385639000317497 ] ] } },
{ "type": "Feature", "properties": { "OBJECTID": 13, "cable_id": 1054, "Name": "Celtic", "color": "#38bced", "length": "275 km", "rfs": "August 1994", "owners": "BT,  eircom,  Orange", "url": null, "Symbol": 9, "year": 1994 }, "geometry": { "type": "LineString", "coordinates": [ [ -6.59650300021289, 52.179286000092603 ], [ -6.13922799978613, 50.651762000026103 ], [ -5.70534199962739, 50.083302999728502 ] ] } },
{ "type": "Feature", "properties": { "OBJECTID": 14, "cable_id": 1065, "Name": "Lev Submarine System", "color": "#f89635", "length": "2,600 km", "rfs": "March 1999", "owners": "Telecom Italia Sparkle", "url": "http://www.mednautilus.com", "Symbol": 5, "year": 1999 }, "geometry": { "type": "MultiLineString", "coordinates": [ [ [ 34.7696789997702, 32.045010000142398 ], [ 31.367825000067199, 32.846866000359803 ] ], [ [ 12.5913740002905, 37.650583999948402 ], [ 12.3493820004346, 36.468971999862298 ], [ 13.5677399998605, 35.422566000070901 ], [ 31.379251000050999, 32.846866000359803 ], [ 32.466652999803202, 34.766571999678497 ] ] ] } },
{ "type": "Feature", "properties": { "OBJECTID": 15, "cable_id": 1068, "Name": "Cayman-Jamaica Fiber System", "color": "#f89635", "length": "870 km", "rfs": "June 1997", "owners": "C&W Networks", "url": null, "Symbol": 5, "year": 1997 }, "geometry": { "type": "LineString", "coordinates": [ [ -76.792058999577606, 17.992406999998501 ], [ -78.511100999647198, 17.439655000170202 ], [ -79.877651999979193, 19.6904250004178 ], [ -79.985660000324202, 19.280653999917 ], [ -80.842691000198002, 18.974982000049401 ], [ -81.166763000015095, 19.2829579996917 ] ] } },
{ "type": "Feature", "properties": { "OBJECTID": 16, "cable_id": 1069, "Name": "Bahamas 2", "color": "#91a34b", "length": "470 km", "rfs": "June 1997", "owners": "AT&T,  Telefonica,  Verizon", "url": null, "Symbol": 2, "year": 1997 }, "geometry": { "type": "LineString", "coordinates": [ [ -80.394254000133898, 27.638735999642599 ], [ -78.802017999619295, 26.539626000115899 ], [ -77.3402029999245, 25.067215000301001 ] ] } },
{ "type": "Feature", "properties": { "OBJECTID": 17, "cable_id": 1070, "Name": "Mid-Atlantic Crossing (MAC)", "color": "#f37380", "length": "7,500 km", "rfs": "June 2000", "owners": "Level 3", "url": "http://www.level3.com", "Symbol": 14, "year": 2000 }, "geometry": { "type": "LineString", "coordinates": [ [ -73.477120000392901, 34.831286000114702 ], [ -80.160171999629696, 26.010552999828999 ], [ -71.808028999563206, 30.612038999711899 ], [ -64.819265000051601, 17.773909999653 ], [ -72.912276000012398, 40.7735179997348 ], [ -73.477120000392901, 34.831286000114702 ] ] } },
{ "type": "Feature", "properties": { "OBJECTID": 18, "cable_id": 1071, "Name": "Maya-1", "color": "#f04230", "length": "4,400 km", "rfs": "October 2000", "owners": "Verizon,  Tata Communications,  AT&T,  Sprint,  Hondutel,  CANTV,  Telefonica,  BT,  Orbitel,  Telecom Italia Sparkle,  C&W Networks,  Entel Chile,  Telmex,  Embratel,  ETB,  Alestra,  Instituto Costarricense de Electricidad", "url": "http://www.maya-1.com", "Symbol": 6, "year": 2000 }, "geometry": { "type": "MultiLineString", "coordinates": [ [ [ -79.753531000129698, 9.437624999617849 ], [ -77.950846999601396, 11.867949000084799 ] ], [ [ -83.037660000314602, 9.98859399964471 ], [ -79.939712999816507, 13.9643710003121 ] ], [ [ -77.950846999601396, 11.867949000084799 ], [ -75.558660999626497, 9.49638399994144 ] ], [ [ -79.939712999816507, 13.9643710003121 ], [ -77.950846999601396, 11.867949000084799 ] ], [ [ -87.946153000113796, 15.8449860003078 ], [ -84.782091999744196, 19.019395999739299 ] ], [ [ -83.003578000181804, 17.2036039999563 ], [ -79.939712999816507, 13.9643710003121 ] ], [ [ -83.003578000181804, 17.2036039999563 ], [ -81.166763000015095, 19.2829579996917 ] ], [ [ -84.782091999744196, 19.019395999739299 ], [ -83.003578000181804, 17.2036039999563 ] ], [ [ -86.767588999640296, 21.095725000044201 ], [ -86.107921000112896, 21.359983999995801 ] ], [ [ -86.107921000112896, 21.359983999995801 ], [ -86.107921000112896, 20.368815999939599 ], [ -84.782091999744196, 19.019395999739299 ] ], [ [ -80.160171999629696, 26.010552999828999 ], [ -79.648159999809707, 24.614542000291902 ], [ -81.066519000330203, 24.075014000046099 ], [ -83.511194999660702, 24.075014000046099 ], [ -86.107921000112896, 21.668970999835501 ], [ -86.107921000112896, 21.359983999995801 ] ] ] } },
{ "type": "Feature", "properties": { "OBJECTID": 19, "cable_id": 1072, "Name": "Pan-American Crossing (PAC)", "color": "#ffd633", "length": "10,000 km", "rfs": "March 2000", "owners": "Level 3", "url": "http://www.level3.com", "Symbol": 18, "year": 2000 }, "geometry": { "type": "MultiLineString", "coordinates": [ [ [ -85.620811999581306, 7.37770099972526 ], [ -81.401186000102896, 5.16936999995498 ], [ -79.624820999770407, 7.96071699970023 ], [ -79.546548999621095, 8.934110000122679 ] ], [ [ -85.620811999581306, 7.37770099972526 ], [ -84.452210000299999, 9.52585599965732 ] ], [ [ -108.879047999853, 19.267655999913501 ], [ -85.620811999581306, 7.37770099972526 ] ], [ [ -106.421871999938006, 23.199720000378601 ], [ -108.879047999853, 19.267655999913501 ] ], [ [ -119.522985999895994, 30.789550000298199 ], [ -112.245549000077006, 20.931087000355401 ], [ -108.879047999853, 19.267655999913501 ] ], [ [ -119.522985999895994, 30.789550000298199 ], [ -117.038222000088993, 32.531013999975599 ] ], [ [ -120.621519999903995, 35.120952999954298 ], [ -121.143102000381006, 32.864257000047701 ], [ -119.522985999895994, 30.789550000298199 ] ] ] } },
{ "type": "Feature", "properties": { "OBJECTID": 20, "cable_id": 1073, "Name": "Pan American (PAN-AM)", "color": "#f4878f", "length": "7,050 km", "rfs": "February 1999", "owners": "AT&T,  Telefonica del Peru,  Softbank Telecom,  Telecom Italia Sparkle,  Sprint,  CANTV,  Tata Communications,  Telefónica de Argentina (Speedy),  Telstra,  Verizon,  Entel Chile,  Telecom Argentina,  Telconet,  Instituto Costarricense de Electricidad,  Corporacion Nacional de Telecommunicaciones,  C&W Networks,  Embratel", "url": null, "Symbol": 16, "year": 1999 }, "geometry": { "type": "MultiLineString", "coordinates": [ [ [ -70.306760999601295, -18.4735439999527 ], [ -79.037906999945093, -19.259664000392899 ], [ -80.044889000142803, -14.411465999612799 ], [ -76.874285000027001, -12.278419999745701 ], [ -80.616958000334904, -11.6075260003594 ], [ -82.515746452327804, -2.13111741336211 ] ], [ [ -80.914418999877995, -2.27290300011698 ], [ -82.515746452327804, -2.13111741336211 ] ], [ [ -82.515746452327804, -2.13111741336211 ], [ -82.515784999934993, -2.13111400032968 ] ], [ [ -82.515746452327804, -2.13111741336211 ], [ -82.802016000211196, -0.690866999671831 ], [ -78.113542000009105, 6.71594500000451 ], [ -79.536685999959701, 8.964786000309109 ] ], [ [ -70.010569999579303, 15.032725999965299 ], [ -75.0441599999196, 12.642935000104 ], [ -74.779756000312204, 10.940450000107599 ], [ -75.989910999585206, 12.2192219997086 ], [ -79.228678000141599, 10.664952000286601 ], [ -79.893911999796899, 9.3562130004407 ] ], [ [ -70.010569999579303, 15.032725999965299 ], [ -69.810374000287595, 12.506159999582801 ], [ -69.878587000058701, 12.4146180003456 ], [ -69.925706000178295, 12.332298999802999 ], [ -70.107689000240896, 12.274288000358601 ], [ -70.389670999765897, 12.0802199998632 ], [ -70.204319000282595, 11.7087810001824 ] ], [ [ -64.882496999675695, 17.4398419998222 ], [ -70.010569999579303, 15.032725999965299 ] ], [ [ -64.882496999675695, 17.4398419998222 ], [ -64.972927000102999, 17.6300820001108 ], [ -64.972927000102999, 17.773909999653 ], [ -64.819265000051601, 17.773909999653 ] ], [ [ -64.882496999675695, 17.4398419998222 ], [ -64.269020999980199, 17.725731999898102 ], [ -64.269020999980199, 18.0878619999032 ], [ -64.904421000428897, 18.324511999925001 ] ] ] } },
{ "type": "Feature", "properties": { "OBJECTID": 21, "cable_id": 1076, "Name": "GlobeNet", "color": "#b2703f", "length": "23,500 km", "rfs": "October 2000", "owners": "BTG Pactual", "url": "http://www.globenet.net", "Symbol": 4, "year": 2000 }, "geometry": { "type": "MultiLineString", "coordinates": [ [ [ -38.5429650003327, -3.71873699985809 ], [ -33.6743650001183, -1.33539100033742 ], [ -30.637501999839198, -3.77788699977685 ], [ -30.637501999839198, -12.2385300001307 ], [ -39.579927000225098, -24.303801999596899 ], [ -43.209563000360397, -22.9034840000527 ], [ -40.321919000111201, -23.726395000334499 ], [ -31.624414999684099, -11.9553140004318 ], [ -31.624414999684099, -4.2354560000087 ], [ -33.9020499995679, -2.40472699979239 ], [ -38.5429650003327, -3.71873699985809 ] ], [ [ -38.5429650003327, -3.71873699985809 ], [ -36.048240000056403, 1.41775900000208 ], [ -53.162535000183397, 19.100344999683099 ], [ -64.773414999628201, 32.3196619999352 ], [ -74.337812999590398, 39.603884999710701 ], [ -72.466183000070302, 33.599905000245499 ], [ -80.088931999846295, 26.350585999604899 ], [ -74.180536999895907, 25.227749000203701 ], [ -68.072827000012495, 19.065091000127701 ], [ -68.191088000006204, 15.661520999633 ] ], [ [ -68.191088000006204, 15.661520999633 ], [ -74.620575999813397, 12.6131080001845 ], [ -74.779756000312204, 10.940450000107599 ] ], [ [ -68.191088000006204, 15.661520999633 ], [ -66.960424999989399, 10.5995900002524 ], [ -64.479176999915893, 11.519763999801 ], [ -51.086412999866397, 11.519763999801 ], [ -38.685102999592701, 0.192611999584809 ], [ -38.5429650003327, -3.71873699985809 ] ] ] } },
{ "type": "Feature", "properties": { "OBJECTID": 22, "cable_id": 1078, "Name": "ARCOS", "color": "#4fc1af", "length": "8,600 km", "rfs": "December 2001", "owners": "C&W Networks,  Axtel,  CANTV,  Codetel,  Hondutel,  Belize Telemedia,  Enitel,  AT&T,  Alestra,  Verizon,  RACSA,  United Telecommunication Services (UTS),  Telecarrier,  Tricom USA,  Telecomunicaciones Ultramarinas de Puerto Rico,  Internexa,  Orbinet Overseas,  Telepuerto San Isidro,  Bahamas Telecommunications Company,  Instituto Costarricense de Electricidad", "url": "http://www.cwnetworks.com/", "Symbol": 10, "year": 2001 }, "geometry": { "type": "LineString", "coordinates": [ [ -83.776820000181999, 15.261314999880501 ], [ -83.755384000223799, 16.249482000255 ], [ -84.971008000438601, 16.249482000255 ], [ -85.9546990002776, 15.915244999989101 ], [ -86.568858999688302, 16.234574999696299 ], [ -86.938633999615703, 16.234574999696299 ], [ -87.946153000113796, 15.8449860003078 ], [ -87.948496000410898, 16.234574999696299 ], [ -88.597128999766696, 15.7272380003999 ], [ -88.120762000401996, 17.074822999617801 ], [ -88.182188000029498, 17.4963850002291 ], [ -87.700791000113995, 17.723685999655899 ], [ -87.015976999827501, 19.552171000214098 ], [ -87.463536000007593, 20.212736000011201 ], [ -86.769736999943703, 20.197430999596499 ], [ -86.486045999607995, 20.927803000321902 ], [ -86.767588999640296, 21.095725000044201 ], [ -86.512511000292207, 21.802410000000499 ], [ -83.667738000134506, 24.421647000341601 ], [ -81.145132000063199, 24.421647000341601 ], [ -80.157389000014803, 24.795703000393399 ], [ -80.162222000023803, 25.933207000047599 ], [ -77.3402029999245, 25.067215000301001 ], [ -75.5258980003169, 24.403328999600401 ], [ -74.616084000286307, 23.739420000079701 ], [ -74.487275000192795, 22.543333000132201 ], [ -74.365791000368304, 22.471159000203301 ], [ -74.195039000295793, 22.629891999659701 ], [ -74.070821000361903, 22.653055999776999 ], [ -73.974189999596902, 22.744409000260401 ], [ -73.673164999741104, 22.787272000074299 ], [ -72.915353000253404, 22.611323000205701 ], [ -72.119405999700305, 21.851091999601501 ], [ -71.724679999905703, 21.6767759999024 ], [ -70.691184000416698, 19.799436000176801 ], [ -70.156810000175696, 20.126110000419899 ], [ -68.820434000430396, 19.280930000384298 ], [ -68.438158999918301, 18.621372000344898 ], [ -67.522045999640696, 19.2896869999296 ], [ -66.016871000132696, 18.4418350000408 ], [ -67.569311000248504, 18.959558999603001 ], [ -69.812279000018506, 13.5909620000982 ], [ -68.892650000006995, 12.0904369996532 ], [ -70.128196000261596, 12.3550040001552 ], [ -70.513888999699802, 12.112686000188599 ], [ -70.204319000282595, 11.7087810001824 ], [ -70.393332999988004, 11.7087810001824 ], [ -71.760128999644095, 13.247193999612699 ], [ -73.0085649995723, 12.5791800001643 ], [ -72.952705999897702, 11.4831119997801 ], [ -73.861982999627799, 12.121565000129999 ], [ -75.717939000034605, 11.123718000219901 ], [ -75.505731999879799, 10.3868030001093 ], [ -79.444645000427698, 10.041100999734899 ], [ -79.753531000129698, 9.437624999617849 ], [ -79.753482999550798, 10.0635059997383 ], [ -82.542249999720795, 10.0635059997383 ], [ -83.037660000314602, 9.98859399964471 ], [ -83.029652000155295, 11.452102999576001 ], [ -83.771546000132105, 11.991682000090799 ], [ -83.029652000155295, 12.4094679996665 ], [ -83.029652000155295, 13.615355999860199 ], [ -83.396448999575895, 14.0161099996755 ], [ -83.029652000155295, 14.253047999952701 ], [ -83.029652000155295, 15.3080389999333 ], [ -83.776820000181999, 15.261314999880501 ] ] } },
{ "type": "Feature", "properties": { "OBJECTID": 23, "cable_id": 1080, "Name": "Hibernia Atlantic", "color": "#895c3c", "length": "12,200 km", "rfs": "April 2001", "owners": "Hibernia Networks", "url": "http://www.hibernianetworks.com", "Symbol": 8, "year": 2001 }, "geometry": { "type": "MultiLineString", "coordinates": [ [ [ -70.9634499996952, 42.445224000243002 ], [ -64.333815999926699, 43.008181999948199 ], [ -63.572487999806903, 44.653231000253598 ] ], [ [ -63.572487999806903, 44.653231000253598 ], [ -60.300664000212997, 43.671649999682998 ], [ -56.996858000210899, 44.620258999729302 ], [ -10.5084139997762, 59.2744790000771 ], [ -6.05265600029778, 55.333164000021398 ] ], [ [ -6.67619100037157, 55.130930999937398 ], [ -6.05265600029778, 55.333164000021398 ] ], [ [ -6.05265600029778, 55.333164000021398 ], [ -4.83068400033047, 54.177233000082303 ], [ -4.95509800008294, 53.922623000119401 ], [ -3.00636899985015, 53.647931000155801 ], [ -6.24830999983364, 53.348126000191399 ], [ -5.39298799987212, 53.163863000044103 ], [ -5.171358000272, 52.034644999727398 ], [ -7.88327000012677, 50.919253000241902 ], [ -20.0237400002075, 49.4179579998208 ], [ -56.996858000210899, 42.459994999820097 ], [ -63.572487999806903, 44.653231000253598 ] ] ] } },
{ "type": "Feature", "properties": { "OBJECTID": 24, "cable_id": 1081, "Name": "Yellow", "color": "#ffd633", "length": "7,001 km", "rfs": "September 2000", "owners": "Level 3", "url": "http://www.level3.com", "Symbol": 18, "year": 2000 }, "geometry": { "type": "LineString", "coordinates": [ [ -72.937862000089297, 40.755840000332803 ], [ -56.996858000210899, 37.826663000305402 ], [ -20.0237400002075, 45.312841000067699 ], [ -4.54440500037365, 50.828203000114399 ] ] } },
{ "type": "Feature", "properties": { "OBJECTID": 25, "cable_id": 1083, "Name": "South America-1 (SAm-1)", "color": "#8dc851", "length": "25,000 km", "rfs": "March 2001", "owners": "Telefonica", "url": "http://www.globalsolutions.telefonica.com", "Symbol": 11, "year": 2001 }, "geometry": { "type": "MultiLineString", "coordinates": [ [ [ -56.695441999644501, -36.470959000229101 ], [ -50.440123999734297, -39.433276999909801 ], [ -40.8318300003817, -28.093471999955 ], [ -46.3280670002097, -23.961845000098101 ], [ -44.517521000010198, -24.795552999929299 ] ], [ [ -44.517521000010198, -24.795552999929299 ], [ -43.209563000360397, -22.9034840000527 ] ], [ [ -44.517521000010198, -24.795552999929299 ], [ -39.257222000013499, -26.967464999987602 ], [ -32.047657000381903, -17.473314000343901 ] ], [ [ -32.047657000381903, -17.473314000343901 ], [ -28.6636750003244, -12.8188060003455 ], [ -28.6636750003244, -3.48774899975417 ], [ -33.186328000372299, 0.151498000289988 ], [ -38.5429650003327, -3.71873699985809 ], [ -36.7112769999028, 1.10972899977689 ], [ -54.999008000043297, 19.100344999683099 ], [ -65.200758000040807, 19.100344999683099 ], [ -66.106666000350202, 18.466105000394901 ] ], [ [ -38.504487999858902, -12.969972999731599 ], [ -32.047657000381903, -17.473314000343901 ] ], [ [ -81.053775000246404, -4.15383899991571 ], [ -81.670522000351696, -2.42629000042613 ] ], [ [ -84.3326300003814, -2.96602099973521 ], [ -83.965295999762006, -4.7392759999062 ], [ -82.332973000392201, -12.919911999984899 ], [ -76.874285000027001, -12.278419999745701 ], [ -82.142249999876299, -13.853207999919199 ], [ -80.849233999944104, -20.072214000157501 ], [ -70.306760999601295, -18.4735439999527 ], [ -80.658559999831994, -20.970330000162299 ], [ -77.814373000378595, -33.633922999999001 ], [ -71.620431999692101, -33.045539999890302 ] ], [ [ -80.914418999877995, -2.27290300011698 ], [ -84.3326300003814, -2.96602099973521 ] ], [ [ -90.822224999891105, 13.9348009996769 ], [ -92.932086000209196, 10.0681210003311 ], [ -86.232139999871706, 6.5790780002064 ], [ -84.3326300003814, -2.96602099973521 ] ], [ [ -66.106666000350202, 18.466105000394901 ], [ -67.441773000399294, 18.7684529995962 ], [ -74.147089999972806, 12.4169070001234 ], [ -74.779756000312204, 10.940450000107599 ] ], [ [ -66.106666000350202, 18.466105000394901 ], [ -74.363447000246296, 28.374786999947901 ], [ -80.088931999846295, 26.350585999604899 ], [ -79.9103669996082, 24.702227999947901 ], [ -81.107582999702004, 24.2484039996137 ], [ -83.589465999985094, 24.2484039996137 ], [ -86.296984000222096, 21.742101000101801 ], [ -86.296984000222096, 20.368815999939599 ], [ -87.491318999893494, 17.751217999679898 ], [ -88.597128999766696, 15.7272380003999 ] ] ] } },
{ "type": "Feature", "properties": { "OBJECTID": 26, "cable_id": 1084, "Name": "South American Crossing (SAC)/Latin American Nautilus (LAN)", "color": "#0982c5", "length": "20,000 km", "rfs": "September 2000", "owners": "Level 3,  Telecom Italia Sparkle", "url": "http://www.level3.com", "Symbol": 13, "year": 2000 }, "geometry": { "type": "MultiLineString", "coordinates": [ [ [ -56.695441999644501, -36.470959000229101 ], [ -50.953258999660598, -38.686221999755702 ], [ -41.906243999652602, -27.947348000307201 ], [ -46.3280670002097, -23.961845000098101 ], [ -44.595207000353703, -24.261162999833399 ], [ -43.209563000360397, -22.9034840000527 ], [ -38.874360999695497, -24.9367859998437 ], [ -29.6505880001693, -12.521443000170899 ], [ -29.6505880001693, -3.32017400039825 ], [ -33.446678999945398, -0.265491999891309 ], [ -38.5429650003327, -3.71873699985809 ], [ -37.944869999847597, 0.536647000445039 ], [ -56.239631999630802, 17.4465490000178 ], [ -63.472342000031297, 17.8312789997142 ], [ -64.603004999862506, 17.981261000111498 ], [ -64.819265000051601, 17.773909999653 ], [ -64.991432000308393, 17.8312789997142 ], [ -69.616478000169494, 15.6009560001095 ] ], [ [ -71.620431999692101, -33.045539999890302 ], [ -76.956364999988295, -33.074022999721002 ], [ -81.0936179996025, -14.1325560004073 ], [ -76.874285000027001, -12.278419999745701 ], [ -81.474965999826793, -12.264583000226899 ], [ -83.832580999947396, -0.493026000132961 ], [ -81.021402000025901, 3.9511920001454 ], [ -79.915444999839593, 5.6945380001836 ] ], [ [ -77.040301000174907, 3.88367499996717 ], [ -79.915444999839593, 5.6945380001836 ] ], [ [ -79.915444999839593, 5.6945380001836 ], [ -78.933756999640707, 7.2376369996781 ], [ -79.546548999621095, 8.934110000122679 ] ], [ [ -67.033910999985494, 10.6081330004095 ], [ -69.616478000169494, 15.6009560001095 ] ], [ [ -69.616478000169494, 15.6009560001095 ], [ -79.376676000155797, 10.8172169996795 ], [ -79.900260000447702, 9.353803999927861 ] ] ] } },
{ "type": "Feature", "properties": { "OBJECTID": 27, "cable_id": 1092, "Name": "Sirius South", "color": "#f04230", "length": "219 km", "rfs": "1999", "owners": "Virgin Media Business", "url": null, "Symbol": 6, "year": 1999 }, "geometry": { "type": "LineString", "coordinates": [ [ -3.05075399986038, 53.808976999782601 ], [ -6.24830999983364, 53.348126000191399 ] ] } },
{ "type": "Feature", "properties": { "OBJECTID": 28, "cable_id": 1102, "Name": "Australia-Japan Cable (AJC)", "color": "#bd75b1", "length": "12,700 km", "rfs": "December 2001", "owners": "Softbank Telecom,  NTT,  Telstra,  Verizon,  AT&T", "url": "http://www.ajcable.com", "Symbol": 3, "year": 2001 }, "geometry": { "type": "MultiLineString", "coordinates": [ [ [ 158.127108473654999, -31.464350545504001 ], [ 158.122423000372009, -31.483428999663499 ], [ 151.228483000007003, -33.882042000148203 ], [ 151.705240000256993, -33.546066000200902 ], [ 151.245084000306008, -33.737123000308401 ], [ 151.495279000315008, -33.429762000046502 ], [ 158.127108473654999, -31.464350545504001 ] ], [ [ 158.127108473654999, -31.464350545504001 ], [ 158.154064000298007, -31.4562749998558 ] ], [ [ 158.127108473654999, -31.464350545504001 ], [ 162.893708999930993, -10.362817999663701 ], [ 148.398016000430999, 14.2030680001091 ], [ 148.398211000423998, 25.634761000169 ], [ 144.663839000178996, 30.624896999952401 ], [ 139.816967000001, 35.037518999732598 ], [ 139.644311000021986, 35.059744000155597 ], [ 139.181030000150002, 34.083083000143397 ], [ 138.133570000385987, 33.769251000235698 ], [ 136.874001000377007, 34.336831000020602 ], [ 138.927906000038007, 30.489926999663901 ], [ 148.337663999607003, 25.689775999616799 ] ], [ [ 148.372038999642996, 14.2283430002791 ], [ 145.428487000214005, 13.712336000166401 ], [ 144.809541999575998, 13.5490979998212 ], [ 145.204854000074988, 13.5814700001975 ], [ 144.800361999805006, 13.513682999672801 ], [ 145.459150999624001, 13.508080999614901 ], [ 148.380827999601991, 14.186026000297 ] ] ] } },
{ "type": "Feature", "properties": { "OBJECTID": 29, "cable_id": 1128, "Name": "TAGIDE 2", "color": "#f04230", "length": "1,586 km", "rfs": "1996", "owners": "AT&T", "url": null, "Symbol": 6, "year": 1996 }, "geometry": { "type": "LineString", "coordinates": [ [ -4.33854599997131, 47.811019999708698 ], [ -9.98097300016696, 44.869814999697397 ], [ -9.981021999672469, 38.886475000119503 ], [ -9.102750999658991, 38.443075999707503 ] ] } },
{ "type": "Feature", "properties": { "OBJECTID": 30, "cable_id": 1132, "Name": "Unisur", "color": "#6c70b5", "length": "265 km", "rfs": "March 1995", "owners": "Telefonica,  Antel Uruguay", "url": null, "Symbol": 7, "year": 1995 }, "geometry": { "type": "LineString", "coordinates": [ [ -54.942073999942899, -34.9225620001313 ], [ -55.306770999638999, -35.367661000073298 ], [ -56.183480000053301, -36.141373999679899 ], [ -56.695441999644501, -36.470959000229101 ] ] } },
{ "type": "Feature", "properties": { "OBJECTID": 31, "cable_id": 1135, "Name": "Tasman-2", "color": "#bd75b1", "length": "2,400 km", "rfs": "1992", "owners": "REACH,  Spark New Zealand,  Telstra,  PCCW", "url": null, "Symbol": 3, "year": 1992 }, "geometry": { "type": "LineString", "coordinates": [ [ 151.228483000007003, -33.882042000148203 ], [ 151.822623000367003, -34.365396000260098 ], [ 173.865381000013002, -37.1715510002469 ], [ 174.770458000295008, -36.884180000109801 ] ] } },
{ "type": "Feature", "properties": { "OBJECTID": 32, "cable_id": 1137, "Name": "Circe North", "color": "#8dc851", "length": "203 km", "rfs": "February 1999", "owners": "VTLWavenet,  euNetworks", "url": null, "Symbol": 11, "year": 1999 }, "geometry": { "type": "LineString", "coordinates": [ [ 1.72927200015213, 52.4688259999811 ], [ 2.21882299981671, 52.597169000159099 ], [ 3.76491500018003, 52.584828999905497 ], [ 4.52419200008082, 52.363668000067698 ] ] } },
{ "type": "Feature", "properties": { "OBJECTID": 33, "cable_id": 1143, "Name": "Atlantic Crossing-1 (AC-1)", "color": "#f4878f", "length": "14,301 km", "rfs": "May 1998", "owners": "Level 3", "url": "http://www.level3.com", "Symbol": 16, "year": 1998 }, "geometry": { "type": "LineString", "coordinates": [ [ -72.912276000012398, 40.7735179997348 ], [ -56.996858000210899, 37.024001000353699 ], [ -20.0237400002075, 44.597385000115104 ], [ -5.69845699957452, 50.078697000071699 ], [ -5.53634799987102, 49.861402000041899 ], [ 0.226147999964805, 50.176830999727301 ], [ 1.34899900035362, 50.768053000187102 ], [ 3.67409499976543, 52.260441000058002 ], [ 4.65680899998624, 52.486401999916801 ], [ 3.7683330000046, 52.854265999840898 ], [ 3.95446600018583, 53.277236999783597 ], [ 4.96120399998607, 53.634846999988 ], [ 8.38336899989117, 54.8984210001449 ], [ 7.04059699981449, 55.007886999912103 ], [ -1.160276999828, 59.417774999966497 ], [ -5.12013699971435, 59.575280999892598 ], [ -56.996858000210899, 43.035455000250401 ], [ -68.927513999764301, 40.831842000304498 ], [ -72.912276000012398, 40.7735179997348 ] ] } },
{ "type": "Feature", "properties": { "OBJECTID": 34, "cable_id": 1146, "Name": "China-U.S. Cable Network (CHUS)", "color": "#f04230", "length": "30,476 km", "rfs": "January 2000", "owners": "Verizon,  AT&T,  KDDI,  Tata Communications,  China Telecom,  Chunghwa Telecom,  KT,  NTT,  Level 3,  SingTel,  Sprint,  Telekom Malaysia,  Spark New Zealand,  Telstra,  PCCW,  LG Uplus,  Softbank Telecom,  Rostelecom,  SingTel Optus,  Orange,  PLDT", "url": null, "Symbol": 6, "year": 2000 }, "geometry": { "type": "MultiLineString", "coordinates": [ [ [ 144.786494999615002, 13.4464479998916 ], [ 145.791377000088005, 22.538101000273901 ] ], [ [ 120.324602588006996, 21.5201569339842 ], [ 120.324598000310999, 21.520147000107801 ] ], [ [ 120.324602588006996, 21.5201569339842 ], [ 123.089927999634, 21.138631999639699 ], [ 126.983578000288006, 29.670669999849 ], [ 121.395300999854996, 31.6198000003291 ], [ 129.293634999897989, 29.576524999814399 ] ], [ [ 120.662195999836996, 22.249258999982398 ], [ 120.324602588006996, 21.5201569339842 ] ], [ [ 145.791377000088005, 22.538101000273901 ], [ 129.713653999866011, 20.066314999797399 ], [ 129.04968999973201, 19.687299000140499 ], [ 118.516689000137006, 21.286752999673801 ], [ 116.677530999672996, 23.355003000106102 ], [ 118.983583999651998, 21.704815000147999 ], [ 120.324602588006996, 21.5201569339842 ] ], [ [ 127.680842999857006, 26.212413999941599 ], [ 129.670587999780992, 20.042464000078599 ] ], [ [ 144.041182999813998, 29.201114999638001 ], [ 139.951147000227991, 34.976567999875499 ] ], [ [ 129.293634999897989, 29.576524999814399 ], [ 140.317162000024013, 26.6539300001551 ], [ 151.713053000423002, 34.223619000349402 ], [ 157.268322000425997, 40.656344000224102 ], [ 179.999947000393007, 40.653825000081703 ] ], [ [ 179.999947000393007, 30.3583080002335 ], [ 157.198204999850986, 30.346846999621199 ], [ 145.791377000088005, 22.538101000273901 ] ], [ [ 128.99949500009501, 35.170382000054403 ], [ 129.293634999897989, 29.576524999814399 ] ], [ [ -179.999944999845013, 40.653825000081703 ], [ -139.250217999889003, 40.653825000081703 ], [ -124.408333999825004, 43.118663999956901 ], [ -126.883624999958002, 41.246536000305902 ], [ -122.803257000040006, 35.171738999861901 ], [ -120.662535999594994, 35.285572000213001 ], [ -139.250217999889003, 30.346846999621199 ], [ -179.999944999845013, 30.346846999621199 ] ] ] } },
{ "type": "Feature", "properties": { "OBJECTID": 35, "cable_id": 1148, "Name": "Americas-II", "color": "#f89635", "length": "8,373 km", "rfs": "August 2000", "owners": "Embratel,  AT&T,  Verizon,  Sprint,  CANTV,  Tata Communications,  Level 3,  Centennial of Puerto Rico,  Corporacion Nacional de Telecommunicaciones,  Telecom Argentina,  Orange,  Portugal Telecom,  C&W Networks,  Telecom Italia Sparkle,  Entel Chile", "url": null, "Symbol": 5, "year": 2000 }, "geometry": { "type": "MultiLineString", "coordinates": [ [ [ -38.5429650003327, -3.71873699985809 ], [ -39.671967999757101, -0.266176000329203 ], [ -50.407654000327703, 7.61675199978331 ] ], [ [ -52.320933999923902, 4.94154900021343 ], [ -50.407654000327703, 7.61675199978331 ] ], [ [ -50.407654000327703, 7.61675199978331 ], [ -58.310382999813598, 13.368457000129 ] ], [ [ -66.878295999624299, 10.606502000310901 ], [ -65.214040000249994, 11.4497109999872 ] ], [ [ -68.892650000006995, 12.0904369996532 ], [ -65.214040000249994, 11.4497109999872 ] ], [ [ -58.310382999813598, 13.368457000129 ], [ -60.293291000263501, 12.4430380002108 ], [ -61.516679000240202, 10.649789000159499 ] ], [ [ -58.310382999813598, 13.368457000129 ], [ -60.183671999915603, 14.7139910002377 ] ], [ [ -61.094169999661403, 14.6154539995711 ], [ -61.256279000263198, 14.720602999771099 ], [ -61.256279000263198, 14.931030999937301 ], [ -60.676298999996298, 15.0664879996168 ] ], [ [ -60.183671999915603, 14.7139910002377 ], [ -60.786211000247199, 13.7244790001835 ], [ -65.214040000249994, 11.4497109999872 ] ], [ [ -60.183671999915603, 14.7139910002377 ], [ -60.676298999996298, 15.0664879996168 ] ], [ [ -60.676298999996298, 15.0664879996168 ], [ -61.099882000277603, 15.724136000413999 ], [ -62.180936000277299, 15.724136000413999 ], [ -64.494900000331498, 17.929423000091202 ], [ -64.816628000026597, 17.773909999653 ], [ -66.366284999629301, 20.1521489999928 ] ], [ [ -66.106666000350202, 18.466105000394901 ], [ -66.366284999629301, 20.1521489999928 ] ], [ [ -80.160171999629696, 26.010552999828999 ], [ -72.8478230003726, 29.6716029998218 ], [ -66.366284999629301, 20.1521489999928 ] ] ] } },
{ "type": "Feature", "properties": { "OBJECTID": 36, "cable_id": 1149, "Name": "Tata TGN-Atlantic", "color": "#6c70b5", "length": "13,000 km", "rfs": "June 2001", "owners": "Tata Communications", "url": "http://www.tatacommunications.com", "Symbol": 7, "year": 2001 }, "geometry": { "type": "LineString", "coordinates": [ [ -2.9748750002368, 51.222445999816799 ], [ -3.92834100015864, 51.297645000134899 ], [ -4.27697399985564, 51.218623999959 ], [ -4.55187600023246, 51.119917000133697 ], [ -10.838394999853, 48.653488999911303 ], [ -20.0237400002075, 46.716696999972498 ], [ -56.996858000210899, 39.406322000221202 ], [ -74.062861999708105, 40.152830999669099 ], [ -57.049446000374097, 40.938969999779502 ], [ -20.0237400002075, 48.0850559997765 ], [ -3.95334100042965, 51.423321000152299 ], [ -2.9748750002368, 51.222445999816799 ] ] } },
{ "type": "Feature", "properties": { "OBJECTID": 37, "cable_id": 1150, "Name": "FLAG North Asia Loop/REACH North Asia Loop", "color": "#895c3c", "length": "9,504 km", "rfs": "June 2001", "owners": "Global Cloud Xchange,  PCCW,  Telstra", "url": null, "Symbol": 8, "year": 2001 }, "geometry": { "type": "MultiLineString", "coordinates": [ [ [ 129.184402505090986, 22.457744235652299 ], [ 129.187286999960008, 22.247721999647499 ], [ 124.862193000076999, 19.195735000035601 ], [ 118.228018000377006, 20.2813610002523 ], [ 113.932024999581998, 22.227655000120599 ], [ 118.409268000321006, 21.192452999936702 ], [ 123.187193999710999, 20.440574000189201 ], [ 124.594810000137997, 23.5523649996077 ], [ 121.801452999633, 24.863503999966198 ], [ 129.184402505090986, 22.457744235652299 ] ], [ [ 129.184402505090986, 22.457744235652299 ], [ 129.659063999887991, 22.3015820003987 ], [ 143.211301000339006, 31.234148000317099 ], [ 140.016772000378012, 35.036000000104302 ], [ 141.359153999569003, 31.3196140001522 ], [ 135.559743999581997, 29.359036999912401 ], [ 129.951447000098, 30.370105000006799 ], [ 128.99949500009501, 35.170382000054403 ], [ 129.184402505090986, 22.457744235652299 ] ] ] } },
{ "type": "Feature", "properties": { "OBJECTID": 38, "cable_id": 1155, "Name": "Tata TGN-Pacific", "color": "#f37380", "length": "22,300 km", "rfs": "December 2002", "owners": "Tata Communications", "url": "http://www.tatacommunications.com", "Symbol": 14, "year": 2002 }, "geometry": { "type": "MultiLineString", "coordinates": [ [ [ -179.999944999845013, 42.837664999856599 ], [ -139.250217999889003, 42.837664999856599 ], [ -123.811165999628003, 45.825293000204198 ] ], [ [ 179.999947000393007, 42.837664999856599 ], [ 157.236877000318003, 42.8354449999268 ], [ 140.045091999665999, 33.193718999960701 ], [ 137.391577999601992, 34.7691390003029 ], [ 141.476145999866986, 23.3055940001138 ], [ 144.69469799958199, 13.4647779998981 ] ], [ [ 179.999947000393007, 44.956918999797701 ], [ 157.219299000400014, 44.946551999807397 ], [ 142.499192000063999, 35.556308000011697 ], [ 140.061107999985012, 35.062302000045399 ] ], [ [ -123.811165999628003, 45.825293000204198 ], [ -139.250217999889003, 44.946551999807397 ], [ -179.999944999845013, 44.946551999807397 ] ], [ [ -123.811165999628003, 45.825293000204198 ], [ -127.972980000020002, 44.782786999698402 ], [ -129.057061000032007, 41.208563999955501 ], [ -123.500521999609006, 33.154975000084598 ], [ -118.245350000247996, 34.053394000197002 ] ] ] } },
{ "type": "Feature", "properties": { "OBJECTID": 39, "cable_id": 1166, "Name": "NorthStar", "color": "#548f51", "length": "3,229 km", "rfs": "October 1999", "owners": "Alaska Communications Systems Group", "url": "http://akorn.alaskacommunications.com", "Symbol": 12, "year": 1999 }, "geometry": { "type": "MultiLineString", "coordinates": [ [ [ -141.05192499990099, 55.794328999759699 ], [ -126.540559000214003, 47.8508469997088 ], [ -123.811165999628003, 45.825293000204198 ] ], [ [ -134.747291000062006, 58.551051000101999 ], [ -134.895436000389992, 58.498123999928303 ], [ -134.983814999700002, 58.491694000023998 ], [ -135.038892999575012, 58.460240999939401 ], [ -135.05266199985499, 58.413572000177503 ], [ -135.029224999907001, 58.365508000190303 ], [ -135.014771999911005, 58.305735000145603 ], [ -135.014771999911005, 58.238844000137497 ], [ -135.06389299984599, 58.186810000205298 ], [ -135.17492800020301, 58.179190000082997 ], [ -135.271313999846996, 58.199008999857902 ], [ -135.352368999611002, 58.222724999909801 ], [ -135.447485999559007, 58.287566999927002 ], [ -135.545874999742011, 58.329482000082798 ], [ -135.631861000322999, 58.357900999956499 ], [ -135.769604999964997, 58.360231999907803 ], [ -135.883472000340987, 58.343629999967099 ], [ -135.986988000259998, 58.327123000071403 ], [ -136.113013000015997, 58.301064999915802 ], [ -136.284057999991006, 58.288542000219401 ], [ -136.392064999613012, 58.274499999898701 ], [ -136.47756300029701, 58.240899999948702 ], [ -136.550561000397011, 58.198520000003697 ], [ -136.871263999895007, 58.145190000190397 ], [ -141.05192499990099, 55.794328999759699 ] ], [ [ -146.353434999582987, 61.1303560001232 ], [ -146.559343000388992, 61.109155000119301 ], [ -146.659539000393011, 61.067464999912701 ], [ -146.801042000341994, 60.965894000035298 ], [ -146.820084999773997, 60.919222000170301 ], [ -146.859050000145004, 60.858765999879601 ], [ -147.069841000290012, 60.787662999856003 ], [ -147.329948000363999, 60.778701999785099 ], [ -147.530778000041011, 60.766399000091397 ], [ -147.683316999986005, 60.765016000007101 ], [ -147.787468000115013, 60.764634999787397 ], [ -147.889958000012001, 60.765899000113301 ], [ -148.028238999954993, 60.756526000059203 ], [ -148.210464999691993, 60.788163999791898 ], [ -148.322378999758001, 60.7873770001463 ], [ -148.386880999802003, 60.790999000174303 ], [ -148.473160000284992, 60.783469000173199 ], [ -148.518179999607014, 60.777414999938799 ], [ -148.68473300005499, 60.773028000034103 ], [ -148.521256000022987, 60.769021999800898 ], [ -148.413540999580988, 60.786210000186301 ], [ -148.313980999611005, 60.777128999971602 ], [ -148.197477000108989, 60.776341999864798 ], [ -148.099626000052012, 60.752422999814499 ], [ -148.082731000024012, 60.725572999906198 ], [ -148.060807000169007, 60.691196000103403 ], [ -148.056462000056996, 60.658768000083498 ], [ -147.875700000009999, 60.606422999797999 ], [ -147.633853999743991, 60.602516000024899 ], [ -147.505729000264012, 60.574485999783903 ], [ -147.495231000393005, 60.4850279999728 ], [ -147.568033999600004, 60.311801999989498 ], [ -147.640543999802986, 60.251239000213403 ], [ -147.762516000423005, 60.118733000181898 ], [ -147.788786000214998, 60.024015999866101 ], [ -147.894255000443991, 59.962284999997401 ], [ -148.009294000431993, 59.877901999989199 ], [ -148.081315000014996, 59.839335000055897 ], [ -148.201334000325005, 59.774776000122301 ], [ -148.759537000150999, 59.455738000093298 ], [ -141.05192499990099, 55.794328999759699 ] ] ] } },
{ "type": "Feature", "properties": { "OBJECTID": 40, "cable_id": 1168, "Name": "Alaska United East", "color": "#f04230", "length": "3,751 km", "rfs": "February 1999", "owners": "GCI", "url": "http://www.alaskaunited.com", "Symbol": 6, "year": 1999 }, "geometry": { "type": "MultiLineString", "coordinates": [ [ [ -140.284201000347991, 56.1412979998384 ], [ -136.948217000119001, 54.454563000047102 ], [ -125.895636999687, 48.338266999874399 ], [ -124.726205000202995, 48.456146000157503 ], [ -123.699936000175001, 48.267266000002003 ], [ -122.979037999940005, 48.302031999835002 ], [ -122.315756999696006, 47.824101999729102 ] ], [ [ -140.284201000347991, 56.1412979998384 ], [ -136.718042000059, 58.137974000018502 ], [ -136.525316999728005, 58.1778000000023 ], [ -136.421801999633999, 58.236608000107097 ], [ -136.280347000263987, 58.2616089999051 ], [ -136.058667000435008, 58.276528999940602 ], [ -135.845630000076994, 58.319430999909699 ], [ -135.672143999895013, 58.324970000009699 ], [ -135.474146000236999, 58.254184999811699 ], [ -135.424635000314993, 58.228098999980503 ], [ -135.311743999731988, 58.171954999856801 ], [ -135.168971000263014, 58.151734999930397 ], [ -135.040650000065995, 58.160623000020301 ], [ -134.967017999581003, 58.1978250000126 ], [ -134.983325999978007, 58.289825999804101 ], [ -134.99953700028999, 58.355826000193503 ], [ -135.000318000090004, 58.428989999929897 ], [ -134.92326799978099, 58.450763999829498 ], [ -134.843189999635001, 58.412190000039203 ], [ -134.760475000361993, 58.3461669999609 ], [ -134.701392999957989, 58.339530000084899 ], [ -134.603151000089014, 58.356440999967298 ], [ -134.542213000358004, 58.348421999798298 ], [ -134.406862000343011, 58.299576999946801 ] ], [ [ -146.353434999582987, 61.1303560001232 ], [ -146.565544999653014, 61.121160000204 ], [ -146.673942999985002, 61.073511999928598 ], [ -146.82906999955199, 60.976058000156399 ], [ -146.899235999631998, 60.867942999819398 ], [ -147.083171000179988, 60.811008999936703 ], [ -147.521599000094, 60.788258999968903 ], [ -147.889958000012001, 60.779655000169598 ], [ -148.031656999780012, 60.770381999842598 ], [ -148.211783999617012, 60.793739000103599 ], [ -148.328433999607995, 60.793739000103599 ], [ -148.398551000183005, 60.796765000125703 ], [ -148.521548999926011, 60.781324000040399 ], [ -148.68473300005499, 60.773028000034103 ], [ -148.518179999607014, 60.772241000118299 ], [ -148.413540999580988, 60.786210000186301 ], [ -148.325796999582991, 60.780941999963296 ], [ -148.195816999702004, 60.782109999948503 ], [ -148.086393000246005, 60.758195000177501 ], [ -148.036099999800996, 60.699392999868401 ], [ -148.036099999800996, 60.665011999889998 ], [ -147.864421000339007, 60.620774999996499 ], [ -147.633756999659994, 60.620200000128499 ], [ -147.476921000180994, 60.590314000121801 ], [ -147.459050000361003, 60.478988999807498 ], [ -147.533317000155989, 60.304474000201701 ], [ -147.615202000123986, 60.2376679998141 ], [ -147.729263999594991, 60.102139000103698 ], [ -147.761344999737986, 60.015891000078703 ], [ -147.860709999713009, 59.957298000184899 ], [ -147.980046000133001, 59.849490000054999 ], [ -148.064665000209999, 59.801828000048097 ], [ -140.284201000347991, 56.1412979998384 ] ] ] } },
{ "type": "Feature", "properties": { "OBJECTID": 41, "cable_id": 1173, "Name": "Tata TGN-Western Europe", "color": "#f89635", "length": "3,578 km", "rfs": "June 2002", "owners": "Tata Communications", "url": "http://www.tatacommunications.com", "Symbol": 5, "year": 2002 }, "geometry": { "type": "LineString", "coordinates": [ [ -2.94919100025059, 43.274218999799999 ], [ -6.47345600006591, 50.032016999959303 ], [ -4.55187600023246, 51.084748999774398 ], [ -4.33586000044088, 51.229877000084301 ], [ -3.94523500036112, 51.3188279998814 ], [ -2.9748750002368, 51.222445999816799 ], [ -3.95334100042965, 51.369915999945697 ], [ -11.523842999626, 49.45190199983 ], [ -11.523842999626, 38.886475000119503 ], [ -10.5892740004451, 38.394489999670398 ], [ -9.107438999902991, 38.642659000115103 ] ] } },
{ "type": "Feature", "properties": { "OBJECTID": 42, "cable_id": 1179, "Name": "i2i Cable Network (i2icn)", "color": "#bd75b1", "length": "3,200 km", "rfs": "April 2002", "owners": "Airtel (Bharti)", "url": "http://www.airtel.in", "Symbol": 3, "year": 2002 }, "geometry": { "type": "LineString", "coordinates": [ [ 103.646094999899006, 1.33858299963515 ], [ 103.506837000337995, 1.23128599967417 ], [ 103.039746999930003, 1.39784299996822 ], [ 90.774130999803205, 11.039382999822701 ], [ 82.883316000197794, 11.7580230001552 ], [ 80.242986000433206, 13.063853999649499 ] ] } },
{ "type": "Feature", "properties": { "OBJECTID": 43, "cable_id": 1184, "Name": "LFON (Libyan Fiber Optic Network)", "color": "#f04230", "length": "1,639 km", "rfs": "1999", "owners": "Libyan Post,  Telecommunications and Information Technology Company (LPTIC Holding)", "url": null, "Symbol": 6, "year": 1999 }, "geometry": { "type": "LineString", "coordinates": [ [ 12.083366000101, 32.933542999832099 ], [ 12.083366000101, 33.3091959999458 ], [ 12.4218430002337, 33.3091959999458 ], [ 12.529850999680299, 32.7748850001785 ], [ 12.6378580002003, 33.3091959999458 ], [ 12.971354000186, 33.3091959999458 ], [ 13.1873699999776, 32.877626999639503 ], [ 13.2684239999169, 33.3091959999458 ], [ 14.156509999911201, 33.3091959999458 ], [ 14.2645170004312, 32.649990000205698 ], [ 14.3725249998779, 33.3091959999458 ], [ 14.663442999674899, 33.3091959999458 ], [ 15.3676409998757, 32.756819000056801 ], [ 15.094984999711601, 32.374608999735301 ], [ 15.5257469997737, 32.6323099996753 ], [ 16.6842419998945, 31.747277999914299 ], [ 16.588441000231199, 31.2055860002401 ], [ 16.8893199995989, 31.689045000127901 ], [ 18.5414669999974, 31.219116000258101 ], [ 18.411975000013602, 30.586990000179298 ], [ 18.7465449997019, 31.160638000167399 ], [ 19.361876999622801, 30.996706000237499 ], [ 19.576524999983899, 30.378445000318798 ], [ 19.576524999983899, 30.954422999856501 ], [ 19.576524999983899, 32.025059000241498 ], [ 20.066759000437099, 32.116914999743699 ], [ 19.576524999983899, 32.2088429996641 ], [ 19.576524999983899, 33.105088999944797 ], [ 20.841953999848801, 33.105088999944797 ], [ 20.9499620001938, 32.716977999938401 ], [ 21.058066999724801, 33.105088999944797 ], [ 21.633653000373901, 33.105088999944797 ], [ 21.741757999904902, 32.882136999742102 ], [ 21.8497660002499, 33.105088999944797 ], [ 22.5311130003081, 33.108851999932497 ], [ 22.639120999754699, 32.763634999624699 ], [ 22.747128000274699, 33.105088999944797 ], [ 23.960409000192499, 32.446994999654599 ], [ 23.960409000192499, 32.079852000104601 ] ] } },
{ "type": "Feature", "properties": { "OBJECTID": 44, "cable_id": 1185, "Name": "MedNautilus Submarine System", "color": "#b2703f", "length": "7,000 km", "rfs": "November 2001", "owners": "Telecom Italia Sparkle", "url": "http://www.mednautilus.com", "Symbol": 4, "year": 2001 }, "geometry": { "type": "MultiLineString", "coordinates": [ [ [ 33.932764999929802, 33.1860370000214 ], [ 33.610597000018601, 34.827278000121296 ] ], [ [ 24.012167000152299, 35.512043999860097 ], [ 15.0674460002232, 37.513447999740698 ], [ 16.893226000218402, 35.109689999898599 ], [ 32.201418999992399, 32.874100000346601 ], [ 34.7696789997702, 32.045010000142398 ], [ 34.277491000080701, 32.599490000219802 ], [ 34.998780000127503, 32.8115799996853 ], [ 26.477106000004198, 35.759356999807103 ], [ 26.032379999667601, 35.714728999818298 ] ], [ [ 24.012167000152299, 35.512043999860097 ], [ 23.620663000363699, 37.654760000179103 ], [ 23.736190000248001, 37.976077999737299 ] ], [ [ 26.032379999667601, 35.714728999818298 ], [ 24.012167000152299, 35.512043999860097 ] ], [ [ 25.894978000332198, 36.652991000071303 ], [ 26.032379999667601, 35.714728999818298 ] ], [ [ 25.894978000332198, 36.652991000071303 ], [ 24.757381000044301, 36.462766999945302 ], [ 24.037068999615698, 36.590524000058899 ], [ 23.678182000444998, 37.654760000179103 ], [ 23.736190000248001, 37.976077999737299 ] ], [ [ 25.894978000332198, 36.652991000071303 ], [ 26.2133369997083, 36.899620000088603 ], [ 26.2133369997083, 37.072949000336898 ], [ 25.881891999941601, 37.447188999771299 ], [ 25.681012999861299, 38.783095999655799 ], [ 25.435017000375002, 39.707189000263803 ], [ 26.0981999998113, 39.977720999944701 ], [ 26.260017000335001, 40.042346000161203 ], [ 26.348199999826299, 40.0867410003437 ], [ 26.390778000015001, 40.132449999833803 ], [ 26.388629999711601, 40.191708000045601 ], [ 26.4816960003389, 40.221390999866003 ], [ 26.531695999982599, 40.262688000059299 ], [ 26.605622000194799, 40.307831999849299 ], [ 26.677106000375598, 40.3798070001612 ], [ 26.754938000309, 40.437360999779997 ], [ 27.180034999610601, 40.495682999984098 ], [ 27.678863000028901, 40.552322000253099 ], [ 28.305815999927301, 40.727428000264503 ], [ 28.988236999687999, 41.040620999738103 ], [ 28.283549999765601, 40.744521000276201 ], [ 27.670659999876001, 40.571462999730798 ], [ 27.204351999991299, 40.517289999872503 ], [ 26.755426000205599, 40.455644000020897 ], [ 26.644000999860999, 40.375491999925501 ], [ 26.5929259997915, 40.317363999808101 ], [ 26.5165590002713, 40.276771000178897 ], [ 26.447809000199801, 40.223703000023299 ], [ 26.372224000304101, 40.194393000339701 ], [ 26.376227000109701, 40.146783999684899 ], [ 26.3441960001959, 40.104595000182698 ], [ 26.246052000235601, 40.055652999887599 ], [ 25.3002520001662, 39.691259999897198 ], [ 25.596833000175501, 37.410120000134597 ], [ 25.412068000323, 37.300667999688798 ], [ 25.037555999747799, 37.236319999731201 ], [ 24.607186000221201, 37.286528000185697 ], [ 24.319784000158101, 37.224734000005903 ], [ 23.9269129998656, 37.241916999924001 ], [ 23.730331000217099, 37.646486000139099 ], [ 23.736190000248001, 37.976077999737299 ] ] ] } },
{ "type": "Feature", "properties": { "OBJECTID": 45, "cable_id": 1187, "Name": "PENBAL-5", "color": "#91a34b", "length": "309 km", "rfs": "1994", "owners": "Telefonica", "url": null, "Symbol": 2, "year": 1994 }, "geometry": { "type": "LineString", "coordinates": [ [ 2.00134199961199, 41.304369999959697 ], [ 2.00134199961199, 39.014671999681603 ], [ 2.77575600012241, 39.014671999681603 ], [ 2.97097100016545, 39.354841999696099 ] ] } },
{ "type": "Feature", "properties": { "OBJECTID": 46, "cable_id": 1192, "Name": "Georgia-Russia", "color": "#8dc851", "length": "433 km", "rfs": "December 2000", "owners": "Rostelecom,  FOPTNET,  DanTelco", "url": "http://www.georgia-russia.com", "Symbol": 11, "year": 2000 }, "geometry": { "type": "LineString", "coordinates": [ [ 37.772801000398402, 44.723700999850301 ], [ 38.482370999660098, 43.849105999775603 ], [ 39.726120000067503, 43.615503999936003 ], [ 40.233541999552799, 42.671378999881703 ], [ 41.667524999856298, 42.1467529997947 ] ] } },
{ "type": "Feature", "properties": { "OBJECTID": 47, "cable_id": 1199, "Name": "Baltica", "color": "#895c3c", "length": "437 km", "rfs": "March 1997", "owners": "TeliaSonera,  Orange Polska,  TDC,  Telenor,  Slovak Telekom,  Ukrtelecom", "url": null, "Symbol": 8, "year": 1997 }, "geometry": { "type": "MultiLineString", "coordinates": [ [ [ 11.940006999927, 54.5772339999887 ], [ 14.992153000405599, 55.031149000052601 ] ], [ [ 14.992153000405599, 55.031149000052601 ], [ 15.5750629997021, 54.172631999781601 ] ], [ [ 13.8282870001505, 55.431332999852998 ], [ 14.992153000405599, 55.031149000052601 ] ] ] } },
{ "type": "Feature", "properties": { "OBJECTID": 48, "cable_id": 1200, "Name": "Germany-Denmark 2", "color": "#bd75b1", "length": "60 km", "rfs": "December 1995", "owners": "TDC", "url": null, "Symbol": 3, "year": 1995 }, "geometry": { "type": "LineString", "coordinates": [ [ 12.4314129999921, 54.243652000089497 ], [ 11.940006999927, 54.5772339999887 ] ] } },
{ "type": "Feature", "properties": { "OBJECTID": 49, "cable_id": 1203, "Name": "Tampnet Offshore FOC Network", "color": "#4fc1af", "length": "1,751 km", "rfs": "July 1999", "owners": "Tampnet", "url": "http://www.tampnet.com/", "Symbol": 10, "year": 1999 }, "geometry": { "type": "MultiLineString", "coordinates": [ [ [ 1.72927200015213, 52.4688259999811 ], [ 2.33337300008289, 54.266700000100698 ], [ 3.39538399975181, 56.278299000085298 ], [ 3.2099350001841, 56.549194000116699 ], [ 3.04655600006117, 56.803490000118103 ] ], [ [ 3.04655600006117, 56.803490000118103 ], [ 2.84733800021256, 57.111421999903001 ], [ 2.68513099970147, 58.9228390000291 ], [ 5.5244840002193, 59.279269000159402 ], [ 5.44343000028, 59.159001000150397 ], [ 5.26735599957873, 59.040594999860701 ], [ 5.18669199962681, 58.575627000216002 ], [ 6.72506899973383, 57.558482000180597 ], [ 9.062567999645911, 57.145423999829703 ], [ 9.064033000059039, 56.812311000240101 ], [ 8.456904000291081, 55.4652290001127 ], [ 12.569303999947399, 55.676144999956399 ], [ 12.7522140002978, 55.8044840000844 ], [ 12.694304000404101, 55.946293999946498 ], [ 12.6144210002518, 56.070828000078102 ], [ 12.359537999999, 56.262628000186297 ], [ 12.213736999793699, 56.570801000117797 ], [ 11.5375659998762, 57.336527999888403 ], [ 11.1125659997606, 57.938692999789801 ], [ 10.605243000009599, 59.295128999861298 ], [ 10.5298520002827, 59.437519000051303 ], [ 10.6007499997593, 59.516403999880701 ], [ 10.599481000063101, 59.643680000106997 ], [ 10.547528000109599, 59.787629000175002 ], [ 10.7499689997891, 59.912287999991598 ] ], [ [ -2.10680900019146, 57.153793999931104 ], [ -0.332444999849361, 56.803490000118103 ], [ 3.04655600006117, 56.803490000118103 ] ] ] } },
{ "type": "Feature", "properties": { "OBJECTID": 50, "cable_id": 1205, "Name": "Solas", "color": "#bd75b1", "length": "232 km", "rfs": "April 1999", "owners": "eircom,  Vodafone", "url": null, "Symbol": 3, "year": 1999 }, "geometry": { "type": "LineString", "coordinates": [ [ -4.16950299981113, 51.558094999726499 ], [ -5.49118200006118, 51.443442000239202 ], [ -6.58502899965021, 52.1716500000298 ] ] } },
{ "type": "Feature", "properties": { "OBJECTID": 51, "cable_id": 1207, "Name": "Sweden-Finland 4 (SFS-4)", "color": "#f04230", "length": "254 km", "rfs": "December 1993", "owners": "TeliaSonera,  Elisa Corporation", "url": "http://www.telia.se", "Symbol": 6, "year": 1993 }, "geometry": { "type": "LineString", "coordinates": [ [ 18.7013310002114, 59.759755000172397 ], [ 19.7817009995976, 59.759755000172397 ], [ 21.178867999659001, 59.911309000003598 ], [ 22.259237999943501, 60.4494060000209 ] ] } },
{ "type": "Feature", "properties": { "OBJECTID": 52, "cable_id": 1208, "Name": "Sweden-Finland Link (SFL)", "color": "#0982c5", "length": "142 km", "rfs": "1994", "owners": "TeliaSonera,  Elisa Corporation", "url": null, "Symbol": 13, "year": 1994 }, "geometry": { "type": "LineString", "coordinates": [ [ 19.937755000349998, 60.114037999969803 ], [ 18.816662000277201, 59.983469000114802 ] ] } },
{ "type": "Feature", "properties": { "OBJECTID": 53, "cable_id": 1209, "Name": "Fiber Optic Gulf (FOG)", "color": "#8dc851", "length": "1,300 km", "rfs": "June 1998", "owners": "Kuwait Ministry of Communications,  Etisalat,  Ooredoo,  Batelco", "url": null, "Symbol": 11, "year": 1998 }, "geometry": { "type": "MultiLineString", "coordinates": [ [ [ 51.870803758194199, 26.5125079822587 ], [ 51.519276000376202, 25.294605999856 ] ], [ [ 51.870803758194199, 26.5125079822587 ], [ 53.339685000236997, 25.310232999985999 ], [ 55.308530999604898, 25.269351000354 ] ], [ [ 51.8708380001762, 26.512625999607401 ], [ 51.870803758194199, 26.5125079822587 ] ], [ [ 51.094862000066598, 27.095397000103699 ], [ 50.576015000422501, 26.229497000094401 ] ], [ [ 48.071231999592896, 29.270906999649899 ], [ 49.436659999818602, 28.477243999682099 ], [ 51.870803758194199, 26.5125079822587 ] ] ] } },
{ "type": "Feature", "properties": { "OBJECTID": 54, "cable_id": 1213, "Name": "Apollo", "color": "#4fc1af", "length": "13,000 km", "rfs": "February 2003", "owners": "Alcatel-Lucent,  Vodafone", "url": "http://www.apollo-scs.com", "Symbol": 10, "year": 2003 }, "geometry": { "type": "MultiLineString", "coordinates": [ [ [ -74.047089999787104, 40.1234899999588 ], [ -56.996858000210899, 34.564565000086603 ], [ -20.0237400002075, 42.397860999729602 ], [ -4.26232500004097, 48.676836999875498 ], [ -3.45988400014558, 48.7305549999042 ] ], [ [ -72.8721890002588, 40.800579999839499 ], [ -56.996858000210899, 40.182903999821399 ], [ -20.0237400002075, 47.405319999696701 ], [ -4.54440500037365, 50.828203000114399 ] ] ] } },
{ "type": "Feature", "properties": { "OBJECTID": 55, "cable_id": 1218, "Name": "Kattegat 1", "color": "#38bced", "length": "180 km", "rfs": "August 1995", "owners": "TDC,  TeliaSonera,  Tata Communications,  BT", "url": null, "Symbol": 9, "year": 1995 }, "geometry": { "type": "LineString", "coordinates": [ [ 10.516667999982801, 57.331045999898002 ], [ 10.8878589999195, 57.487690999834598 ], [ 12.0762380003739, 57.487690999834598 ] ] } },
{ "type": "Feature", "properties": { "OBJECTID": 56, "cable_id": 1219, "Name": "SAT-3/WASC", "color": "#38bced", "length": "14,350 km", "rfs": "April 2002", "owners": "Telkom South Africa,  Tata Communications,  AT&T,  BT,  Camtel,  Angola Telecom,  Ghana Telecommunications Company,  Mauritius Telecom,  Verizon,  Nitel,  OPT,  Belgacom,  Sprint,  SingTel,  KPN,  Orange,  Telecom Italia Sparkle,  Telecom Namibia,  Telekom Malaysia,  Telefonica,  China Telecom,  Chunghwa Telecom,  Cote d’Ivoire Telecom,  Deutsche Telekom,  Maroc Telecom,  KT,  Portugal Telecom,  PCCW,  Telstra,  Cyta,  Neotel,  Vodafone", "url": null, "Symbol": 9, "year": 2002 }, "geometry": { "type": "MultiLineString", "coordinates": [ [ [ 8.40455999962705, -11.0470800001643 ], [ 8.361787000343019, -24.114800999748699 ], [ 16.677211000251699, -33.411667000068498 ], [ 18.4458620001528, -33.727213999902801 ] ], [ [ 13.3724279997331, -8.77666399988286 ], [ 8.40455999962705, -11.0470800001643 ] ], [ [ 6.45339000008621, -0.784511000267093 ], [ 8.361787000343019, -3.97275300041347 ], [ 8.40455999962705, -11.0470800001643 ] ], [ [ 6.45339000008621, -0.784511000267093 ], [ 8.912372999822839, 0.374738000398228 ], [ 9.454267000326521, 0.394463999870519 ] ], [ [ -4.04650500006795, 1.17456000034482 ], [ -0.218479999564187, 1.17456000034482 ] ], [ [ -0.218479999564187, 1.17456000034482 ], [ 2.32009199969864, 1.17456000034482 ] ], [ [ 2.32009199969864, 1.17456000034482 ], [ 3.78307899990365, 1.17456000034482 ] ], [ [ 2.32009199969864, 1.17456000034482 ], [ 2.4401119998333, 6.35667500027702 ] ], [ [ 3.78307899990365, 1.17456000034482 ], [ 5.28180899957483, 1.17456000034482 ] ], [ [ 5.28180899957483, 1.17456000034482 ], [ 6.45339000008621, -0.784511000267093 ] ], [ [ 9.70641499974675, 4.04734399973895 ], [ 5.28180899957483, 1.17456000034482 ] ], [ [ -4.02624099972151, 5.32350599960536 ], [ -4.04650500006795, 1.17456000034482 ] ], [ [ -0.20432000036937, 5.55828300033293 ], [ -0.218479999564187, 1.17456000034482 ] ], [ [ 3.4235089999444, 6.43906899965545 ], [ 3.78307899990365, 1.17456000034482 ] ], [ [ -17.4457139999543, 14.6865979997627 ], [ -19.938143999614098, 16.148762999696299 ] ], [ [ -19.938143999614098, 16.148762999696299 ], [ -19.938143999614098, 14.425717999719399 ], [ -10.555192000312299, 1.17456000034482 ], [ -4.04650500006795, 1.17456000034482 ] ], [ [ -14.726184999752601, 27.130775999960299 ], [ -19.938143999614098, 20.2675289998928 ], [ -19.938143999614098, 16.148762999696299 ] ], [ [ -14.726184999752601, 27.130775999960299 ], [ -15.8624630001155, 27.8079100000168 ], [ -15.8624630001155, 27.942748999610899 ], [ -15.6999629997014, 27.999759000010201 ] ], [ [ -9.102750999658991, 38.443075999707503 ], [ -10.1910320000183, 34.768416999852001 ], [ -9.700016999765561, 33.322987999928102 ], [ -14.726184999752601, 27.130775999960299 ] ] ] } },
{ "type": "Feature", "properties": { "OBJECTID": 57, "cable_id": 1220, "Name": "SAFE", "color": "#8dc851", "length": "13,500 km", "rfs": "April 2002", "owners": "Orange,  Telekom Malaysia,  Telkom South Africa,  Tata Communications,  AT&T,  BT,  Camtel,  Angola Telecom,  Ghana Telecommunications Company,  Mauritius Telecom,  Verizon,  Nitel,  OPT,  Telefonica,  Belgacom,  China Telecom,  Chunghwa Telecom,  Cote d’Ivoire Telecom,  Maroc Telecom,  KT,  KPN,  SingTel,  Sprint,  Telecom Italia Sparkle,  Telecom Namibia,  Telstra,  PCCW,  Sonatel,  Neotel,  Vodafone", "url": null, "Symbol": 11, "year": 2002 }, "geometry": { "type": "MultiLineString", "coordinates": [ [ [ 33.784229999615199, -35.492829000015398 ], [ 41.2747520003715, -35.492829000015398 ], [ 54.048179999971303, -21.0000549999341 ] ], [ [ 18.4458620001528, -33.727213999902801 ], [ 17.9918580001358, -33.855039999656803 ], [ 17.9918580001358, -34.187783999690701 ], [ 19.337560999965302, -35.492829000015398 ], [ 33.784229999615199, -35.492829000015398 ] ], [ [ 31.757962000250402, -28.950555000019602 ], [ 33.784229999615199, -35.492829000015398 ] ], [ [ 54.048179999971303, -21.0000549999341 ], [ 54.474351999698698, -20.473999000100701 ], [ 57.485483000311, -20.473999000100701 ], [ 58.795442999775901, -20.473999000100701 ] ], [ [ 54.048179999971303, -21.0000549999341 ], [ 55.279233999800397, -21.0000549999341 ], [ 58.363314000108403, -21.0000549999341 ], [ 58.795442999775901, -20.473999000100701 ] ], [ [ 58.795442999775901, -20.473999000100701 ], [ 74.519455000069499, -0.43755899963803 ], [ 96.201569000054207, 6.23407899989081 ], [ 100.362990999911005, 5.35384299957042 ] ], [ [ 76.269551000434703, 9.938386000149951 ], [ 75.880098999791699, 0.015170999869229 ] ] ] } },
{ "type": "Feature", "properties": { "OBJECTID": 58, "cable_id": 1221, "Name": "Sweden-Estonia (EE-S 1)", "color": "#91a34b", "length": "240 km", "rfs": "June 1995", "owners": "TeliaSonera,  Elion,  GN Great Nordic", "url": null, "Symbol": 2, "year": 1995 }, "geometry": { "type": "LineString", "coordinates": [ [ 24.7524979998067, 59.436400999793499 ], [ 24.295954999673999, 59.570681000143303 ], [ 22.804550000271799, 59.237860999967303 ], [ 22.736386000006199, 59.0000799998841 ], [ 18.764612000239399, 59.822820000109502 ] ] } },
{ "type": "Feature", "properties": { "OBJECTID": 59, "cable_id": 1222, "Name": "BCS East-West Interlink", "color": "#f04230", "length": "218 km", "rfs": "November 1997", "owners": "TeliaSonera", "url": null, "Symbol": 6, "year": 1997 }, "geometry": { "type": "LineString", "coordinates": [ [ 21.082676000183501, 56.028507000170599 ], [ 18.829454999866499, 57.439738000113799 ] ] } },
{ "type": "Feature", "properties": { "OBJECTID": 60, "cable_id": 1223, "Name": "ESAT-1", "color": "#91a34b", "length": "261 km", "rfs": "August 1999", "owners": "Esat BT", "url": "http://www.esat.net", "Symbol": 2, "year": 1999 }, "geometry": { "type": "LineString", "coordinates": [ [ -6.58502899965021, 52.1716500000298 ], [ -5.69875000037577, 50.076159000138802 ] ] } },
{ "type": "Feature", "properties": { "OBJECTID": 61, "cable_id": 1224, "Name": "ESAT-2", "color": "#4fc1af", "length": "245 km", "rfs": "2000", "owners": "Esat BT", "url": "http://www.esat.net", "Symbol": 10, "year": 2000 }, "geometry": { "type": "LineString", "coordinates": [ [ -6.215400000211, 53.331712000152997 ], [ -4.87355500042208, 53.791097999869301 ], [ -3.00636899985015, 53.647931000155801 ] ] } },
{ "type": "Feature", "properties": { "OBJECTID": 62, "cable_id": 1227, "Name": "Antillas 1", "color": "#6c70b5", "length": "650 km", "rfs": "June 1997", "owners": "AT&T,  Verizon,  Sprint,  Tata Communications,  Orange,  C&W Networks,  Telecom Italia Sparkle,  Embratel", "url": null, "Symbol": 7, "year": 1997 }, "geometry": { "type": "LineString", "coordinates": [ [ -69.983274999590094, 18.500281999848902 ], [ -69.335130999955794, 17.880821999962599 ], [ -68.686985999598406, 17.880821999962599 ], [ -68.175073000410904, 18.370301000213399 ], [ -68.438158999918301, 18.621372000344898 ], [ -67.541724000181205, 19.119723000036402 ], [ -66.082789000185599, 18.453599999985801 ], [ -66.016871000132696, 18.4418350000408 ] ] } },
{ "type": "Feature", "properties": { "OBJECTID": 63, "cable_id": 1229, "Name": "Taino-Carib", "color": "#b2703f", "length": "186 km", "rfs": "December 1992", "owners": "AT&T,  Embratel,  Telecom Argentina,  Orange,  CANTV,  C&W Networks,  Telecom Italia Sparkle", "url": null, "Symbol": 4, "year": 1992 }, "geometry": { "type": "LineString", "coordinates": [ [ -66.082789000185599, 18.453599999985801 ], [ -65.998608999601501, 18.692522999996999 ], [ -66.016871000132696, 18.4418350000408 ], [ -65.465796999857901, 18.579629999832601 ], [ -64.937086999654099, 18.372989000168101 ] ] } },
{ "type": "Feature", "properties": { "OBJECTID": 64, "cable_id": 1231, "Name": "Korea-Japan Cable Network (KJCN)", "color": "#f89635", "length": "500 km", "rfs": "March 2002", "owners": "QTNet,  KT,  Softbank Telecom,  NTT", "url": null, "Symbol": 5, "year": 2002 }, "geometry": { "type": "LineString", "coordinates": [ [ 131.031915000292003, 33.8395239999059 ], [ 130.596367999900991, 34.420894000317297 ], [ 128.99949500009501, 35.170382000054403 ], [ 129.949981999685008, 34.518714000204398 ], [ 130.401641999579994, 33.590224999831101 ] ] } },
{ "type": "Feature", "properties": { "OBJECTID": 65, "cable_id": 1232, "Name": "Bahamas Internet Cable System (BICS)", "color": "#ba5aa3", "length": "1,100 km", "rfs": "July 2001", "owners": "Caribbean Crossings", "url": "http://www.caribbeancrossings.com", "Symbol": 15, "year": 2001 }, "geometry": { "type": "MultiLineString", "coordinates": [ [ [ -78.736734999776104, 26.516995999795999 ], [ -80.067690999881705, 26.378323000265102 ] ], [ [ -78.736734999776104, 26.516995999795999 ], [ -79.435855999570506, 26.3034960001294 ], [ -80.088931999846295, 26.350585999604899 ] ], [ [ -78.736734999776104, 26.516995999795999 ], [ -77.712371000377601, 25.794102000204099 ], [ -77.452995999699496, 25.068453000242901 ], [ -76.902606000038205, 25.231724999626199 ], [ -76.787664000134896, 25.407832999848999 ], [ -77.183610999945103, 25.540076000318599 ], [ -77.399528999827396, 26.025296999779702 ], [ -77.315495999556404, 26.033019000322 ], [ -77.2014340000852, 26.143880000108702 ], [ -77.193620999919602, 26.271450000086698 ], [ -77.134245999612801, 26.5583200003427 ], [ -77.179558999735804, 26.5876669996529 ], [ -77.245183999885697, 26.5960500002051 ], [ -77.306120999791702, 26.628180000042001 ], [ -77.334245999984304, 26.691366999616001 ], [ -77.509246000084602, 26.857108000133302 ], [ -77.588933000418507, 26.891864000064899 ], [ -77.6936209999498, 26.893257999733802 ], [ -77.8219410003218, 26.912503999681899 ], [ -77.880046000209106, 26.625736000270599 ], [ -78.245866000011503, 26.616743999975601 ], [ -78.304558000428003, 26.657508999742898 ], [ -78.495183000136294, 26.636560999780801 ], [ -78.649040000181401, 26.561116000351401 ], [ -78.736734999776104, 26.516995999795999 ] ] ] } },
{ "type": "Feature", "properties": { "OBJECTID": 66, "cable_id": 1234, "Name": "ALPAL-2", "color": "#f4878f", "length": "312 km", "rfs": "July 2002", "owners": "Telecom Italia Sparkle,  Orange,  Algerie Telecom,  Telefonica", "url": null, "Symbol": 16, "year": 2002 }, "geometry": { "type": "LineString", "coordinates": [ [ 2.90143899957111, 36.800219000123903 ], [ 2.97097100016545, 39.354841999696099 ] ] } },
{ "type": "Feature", "properties": { "OBJECTID": 67, "cable_id": 1238, "Name": "Thailand-Indonesia-Singapore (TIS)", "color": "#f37380", "length": "968 km", "rfs": "November 2003", "owners": "SingTel,  Communications Authority of Thailand,  Telkom Indonesia", "url": null, "Symbol": 14, "year": 2003 }, "geometry": { "type": "LineString", "coordinates": [ [ 100.599710000439998, 7.07591899959228 ], [ 103.425195999869999, 6.68384099963665 ], [ 105.510742000354995, 2.6083100000518 ], [ 104.379394999910005, 1.34326900030245 ], [ 104.192090000117005, 1.30265500014078 ], [ 103.987012000413003, 1.38944699996311 ], [ 104.033497000148003, 1.29074400009288 ], [ 103.962597999948002, 1.1347250003427 ] ] } },
{ "type": "Feature", "properties": { "OBJECTID": 68, "cable_id": 1240, "Name": "FARICE-1", "color": "#ffd633", "length": "1,205 km", "rfs": "January 2004", "owners": "Icelandic Shareholders", "url": "http://www.farice.is", "Symbol": 18, "year": 2004 }, "geometry": { "type": "MultiLineString", "coordinates": [ [ [ -3.34621199976336, 58.615420000084796 ], [ -4.9772660003353, 58.7471459999934 ], [ -6.58341699982231, 59.955733999925897 ], [ -5.62033199973823, 62.314227999860698 ], [ -6.79315983221956, 62.975686748859403 ] ], [ [ -6.92794799997952, 62.244112999854799 ], [ -6.79315983221956, 62.975686748859403 ] ], [ [ -6.79315983221956, 62.975686748859403 ], [ -6.79074099973946, 62.988650999993197 ] ], [ [ -6.79315983221956, 62.975686748859403 ], [ -9.104459999571271, 64.236604999858599 ], [ -14.0180800000056, 65.250848999912407 ] ] ] } },
{ "type": "Feature", "properties": { "OBJECTID": 69, "cable_id": 1242, "Name": "Finland Estonia Connection (FEC)", "color": "#4fc1af", "length": "250 km", "rfs": "January 2000", "owners": "Elisa Corporation", "url": "http://www.elisa.com", "Symbol": 10, "year": 2000 }, "geometry": { "type": "LineString", "coordinates": [ [ 24.9324780002291, 60.171162999996 ], [ 24.711872999927699, 59.765312000102902 ], [ 24.7524979998067, 59.423711999800297 ], [ 24.986287000407899, 59.790896999847803 ], [ 24.9324780002291, 60.171162999996 ] ] } },
{ "type": "Feature", "properties": { "OBJECTID": 70, "cable_id": 1245, "Name": "Saint Maarten Puerto Rico Network One (SMPR-1)", "color": "#895c3c", "length": "374 km", "rfs": "December 2004", "owners": "TelEm Group", "url": null, "Symbol": 8, "year": 2004 }, "geometry": { "type": "LineString", "coordinates": [ [ -66.016871000132696, 18.4418350000408 ], [ -65.596950000073406, 19.307199000162001 ], [ -64.124294000375798, 19.239168000423401 ], [ -63.0736600002869, 18.031041000418401 ] ] } },
{ "type": "Feature", "properties": { "OBJECTID": 71, "cable_id": 1246, "Name": "Eastern Africa Submarine System (EASSy)", "color": "#b2703f", "length": "10,500 km", "rfs": "July 2010", "owners": "Botswana Fibre Networks,  Telkom South Africa,  Sudan Telecom Company,  Telma (Telecom Malagasy),  Tanzania Telecommunications Company Limited,  Zambia Telecom,  Mauritius Telecom,  Vodacom DRC,  MTN Group,  Comores Telecom,  Neotel,  BT,  Etisalat,  Saudi Telecom,  Orange,  Airtel (Bharti),  WIOCC,  Djibouti Telecom", "url": "http://www.eassy.org", "Symbol": 4, "year": 2010 }, "geometry": { "type": "MultiLineString", "coordinates": [ [ [ 31.757962000250402, -28.950555000019602 ], [ 34.201123999662201, -29.018724000153099 ], [ 36.144677999579201, -25.747430999741301 ] ], [ [ 32.5806180000884, -25.968270000311499 ], [ 36.144677999579201, -25.747430999741301 ] ], [ [ 36.144677999579201, -25.747430999741301 ], [ 37.539207999615698, -23.341849999640299 ] ], [ [ 43.6632269997205, -23.354761000244999 ], [ 37.539207999615698, -23.341849999640299 ] ], [ [ 37.539207999615698, -23.341849999640299 ], [ 41.101704999682497, -17.001649999872001 ], [ 41.762446999810699, -12.157682999921301 ] ], [ [ 41.762446999810699, -12.157682999921301 ], [ 42.507857000419598, -6.58657799983774 ] ], [ [ 43.243304999836297, -11.7005869998156 ], [ 41.762446999810699, -12.157682999921301 ] ], [ [ 42.507857000419598, -6.58657799983774 ], [ 39.269674999844199, -6.82313199991862 ] ], [ [ 42.507857000419598, -6.58657799983774 ], [ 42.873286000409799, -3.82972599962409 ] ], [ [ 39.672898000417902, -4.05292699964146 ], [ 42.873286000409799, -3.82972599962409 ] ], [ [ 42.873286000409799, -3.82972599962409 ], [ 42.926898999871703, -3.42390099978653 ], [ 46.585001999608103, 1.00340000013088 ] ], [ [ 46.585001999608103, 1.00340000013088 ], [ 45.344183000026803, 2.04120199988421 ] ], [ [ 46.585001999608103, 1.00340000013088 ], [ 48.195060000437799, 2.95175299978327 ], [ 52.513415999682501, 12.1377960003654 ], [ 52.399939000192298, 12.6472230001431 ], [ 45.243889999938197, 10.8004309998985 ], [ 43.835198999983703, 10.9694050002535 ], [ 43.320676060722597, 11.8321603698214 ] ], [ [ 43.147992999894598, 11.594869000206799 ], [ 43.320676060722597, 11.8321603698214 ] ], [ [ 43.320676060722597, 11.8321603698214 ], [ 43.321821000383203, 11.833732999609801 ] ], [ [ 43.320676060722597, 11.8321603698214 ], [ 43.293989000093497, 11.8768370002946 ], [ 43.462836000435097, 12.131877000174899 ], [ 42.401703999576803, 13.8777350000178 ], [ 41.221724999817098, 15.0816700001601 ], [ 38.272507999627301, 19.909657000158099 ], [ 37.219676999729501, 19.615563999896001 ] ] ] } },
{ "type": "Feature", "properties": { "OBJECTID": 72, "cable_id": 1247, "Name": "Saudi Arabia-Sudan-1 (SAS-1)", "color": "#0982c5", "length": "333 km", "rfs": "April 2003", "owners": "Sudan Telecom Company,  Saudi Telecom,  The Arab Investment Company", "url": null, "Symbol": 13, "year": 2003 }, "geometry": { "type": "LineString", "coordinates": [ [ 37.219676999729501, 19.615563999896001 ], [ 39.182761000049098, 21.481532000197301 ] ] } },
{ "type": "Feature", "properties": { "OBJECTID": 73, "cable_id": 1249, "Name": "Vodafone Malta-Sicily Cable System (VMSCS)", "color": "#38bced", "length": "260 km", "rfs": "July 2004", "owners": "Vodafone Malta", "url": "http://www.vodafone.com.mt", "Symbol": 9, "year": 2004 }, "geometry": { "type": "LineString", "coordinates": [ [ 15.0674460002232, 37.513447999740698 ], [ 15.760317000174499, 37.096475999829103 ], [ 15.168910999923799, 36.163349999717198 ], [ 14.3800450001405, 35.934059999683299 ] ] } },
{ "type": "Feature", "properties": { "OBJECTID": 74, "cable_id": 1250, "Name": "Kuwait-Iran", "color": "#ba5aa3", "length": "380 km", "rfs": "June 2005", "owners": "Telecommunication Infrastructure Company of Iran,  Kuwait Ministry of Communications", "url": null, "Symbol": 15, "year": 2005 }, "geometry": { "type": "MultiLineString", "coordinates": [ [ [ 47.9748450001237, 29.374101000357399 ], [ 49.436269999831197, 29.486967999824898 ] ], [ [ 49.436269999831197, 29.486967999824898 ], [ 49.4780670002203, 29.072739999790699 ] ], [ [ 49.436269999831197, 29.486967999824898 ], [ 50.281191000005997, 29.552231999936801 ] ], [ [ 50.281191000005997, 29.552231999936801 ], [ 50.312050000307998, 29.246029000230099 ] ], [ [ 50.281191000005997, 29.552231999936801 ], [ 50.521131999642797, 29.5707499998659 ] ] ] } },
{ "type": "Feature", "properties": { "OBJECTID": 75, "cable_id": 1251, "Name": "Estepona-Tetouan", "color": "#38bced", "length": "113 km", "rfs": "July 1994", "owners": "Telefonica,  Maroc Telecom,  KPN,  Telecom Italia Sparkle", "url": null, "Symbol": 9, "year": 1994 }, "geometry": { "type": "LineString", "coordinates": [ [ -5.39181600026027, 35.565920999714002 ], [ -5.17555699989614, 35.742396000287897 ], [ -5.14586900027946, 36.427417000094501 ] ] } },
{ "type": "Feature", "properties": { "OBJECTID": 76, "cable_id": 1252, "Name": "Tata TGN-Tata Indicom", "color": "#0982c5", "length": "3,175 km", "rfs": "November 2004", "owners": "Tata Communications", "url": "http://www.tatacommunications.com", "Symbol": 13, "year": 2004 }, "geometry": { "type": "LineString", "coordinates": [ [ 80.242986000433206, 13.063853999649499 ], [ 82.783901999817999, 10.6959490002242 ], [ 90.674717000321706, 9.97483999957665 ], [ 102.959571999700003, 1.40174899971283 ], [ 103.919726999855996, 1.17221700009374 ], [ 103.987012000413003, 1.38944699996311 ] ] } },
{ "type": "Feature", "properties": { "OBJECTID": 77, "cable_id": 1254, "Name": "Qatar-U.A.E. Submarine Cable System", "color": "#91a34b", "length": "100 km", "rfs": "December 2004", "owners": "Etisalat,  Ooredoo", "url": null, "Symbol": 2, "year": 2004 }, "geometry": { "type": "LineString", "coordinates": [ [ 51.519276000376202, 25.294605999856 ], [ 52.420252000044201, 25.668917000058499 ], [ 52.865954999998998, 25.1526360003005 ], [ 54.419078999829999, 24.4439639996064 ] ] } },
{ "type": "Feature", "properties": { "OBJECTID": 78, "cable_id": 1259, "Name": "Denmark-Sweden 15", "color": "#895c3c", "length": "5 km", "rfs": "1989", "owners": "TDC,  TeliaSonera", "url": null, "Symbol": 8, "year": 1989 }, "geometry": { "type": "LineString", "coordinates": [ [ 12.5921550000901, 56.030634999871701 ], [ 12.695768000094001, 56.043918999935698 ] ] } },
{ "type": "Feature", "properties": { "OBJECTID": 79, "cable_id": 1261, "Name": "Denmark-Sweden 16", "color": "#ffd633", "length": "15 km", "rfs": "1991", "owners": "TDC", "url": null, "Symbol": 18, "year": 1991 }, "geometry": { "type": "LineString", "coordinates": [ [ 12.2731120001005, 55.576073999977197 ], [ 12.457779999868601, 55.471374000171203 ], [ 12.963931999832701, 55.471374000171203 ] ] } },
{ "type": "Feature", "properties": { "OBJECTID": 80, "cable_id": 1262, "Name": "Denmark-Poland 2", "color": "#f4878f", "length": "110 km", "rfs": "1991", "owners": "Orange Polska,  TDC,  TeliaSonera,  Telenor", "url": null, "Symbol": 16, "year": 1991 }, "geometry": { "type": "LineString", "coordinates": [ [ 14.966665000238001, 55.012786999923598 ], [ 16.062270000143101, 54.260141000222497 ] ] } },
{ "type": "Feature", "properties": { "OBJECTID": 81, "cable_id": 1263, "Name": "Finland-Estonia 2 (EESF-2)", "color": "#b2703f", "length": "98 km", "rfs": "1992", "owners": "Elion,  TeliaSonera", "url": null, "Symbol": 4, "year": 1992 }, "geometry": { "type": "LineString", "coordinates": [ [ 24.7524979998067, 59.436400999793499 ], [ 25.128181000168802, 59.788464999867401 ], [ 24.9324780002291, 60.171162999996 ] ] } },
{ "type": "Feature", "properties": { "OBJECTID": 82, "cable_id": 1268, "Name": "Finland-Estonia 3 (EESF-3)", "color": "#f04230", "length": "104 km", "rfs": "1994", "owners": "TeliaSonera,  Elion", "url": null, "Symbol": 6, "year": 1994 }, "geometry": { "type": "LineString", "coordinates": [ [ 24.276620000163501, 59.400952000190799 ], [ 24.5798419998283, 59.7716549999354 ], [ 24.9324780002291, 60.171162999996 ] ] } },
{ "type": "Feature", "properties": { "OBJECTID": 83, "cable_id": 1270, "Name": "Latvia-Sweden 1 (LV-SE 1)", "color": "#91a34b", "length": "304 km", "rfs": "1994", "owners": "TeliaSonera,  Tele2,  Lattelecom,  Telecom Italia Sparkle", "url": null, "Symbol": 2, "year": 1994 }, "geometry": { "type": "LineString", "coordinates": [ [ 21.5700779997198, 57.389722000149597 ], [ 17.946545999837799, 58.622538999830901 ], [ 17.946545999837799, 58.9030980001071 ] ] } },
{ "type": "Feature", "properties": { "OBJECTID": 84, "cable_id": 1271, "Name": "Botnia", "color": "#f89635", "length": "93 km", "rfs": "1994", "owners": "TeliaSonera", "url": null, "Symbol": 5, "year": 1994 }, "geometry": { "type": "LineString", "coordinates": [ [ 21.616368000359198, 63.095388000177799 ], [ 20.9682230000017, 63.095388000177799 ], [ 20.587070999596001, 63.682508999979099 ], [ 20.2630480001827, 63.825950999886899 ] ] } },
{ "type": "Feature", "properties": { "OBJECTID": 85, "cable_id": 1286, "Name": "Italy-Croatia", "color": "#f04230", "length": "230 km", "rfs": "1994", "owners": "Telecom Italia Sparkle,  T-Hrvatski Telekom", "url": null, "Symbol": 6, "year": 1994 }, "geometry": { "type": "LineString", "coordinates": [ [ 12.244206000108299, 45.496077999962303 ], [ 12.331998999612299, 45.433271999702299 ], [ 13.520280000157401, 45.433271999702299 ] ] } },
{ "type": "Feature", "properties": { "OBJECTID": 86, "cable_id": 1287, "Name": "Italy-Libya", "color": "#76266a", "length": "570 km", "rfs": "1998", "owners": "Telecom Italia Sparkle,  Libya International Telecommunications Company", "url": null, "Symbol": 24, "year": 1998 }, "geometry": { "type": "LineString", "coordinates": [ [ 12.5913740002905, 37.650583999948402 ], [ 13.1873699999776, 32.877626999639503 ] ] } },
{ "type": "Feature", "properties": { "OBJECTID": 87, "cable_id": 1289, "Name": "Alonso de Ojeda", "color": "#8dc851", "length": "128 km", "rfs": "1999", "owners": "n.a.", "url": null, "Symbol": 11, "year": 1999 }, "geometry": { "type": "LineString", "coordinates": [ [ -69.878587000058701, 12.4146180003456 ], [ -69.693626000387596, 12.0904369996532 ], [ -68.892650000006995, 12.0904369996532 ] ] } },
{ "type": "Feature", "properties": { "OBJECTID": 88, "cable_id": 1290, "Name": "Eastern Caribbean Fiber System (ECFS)", "color": "#f04230", "length": "1,730 km", "rfs": "September 1995", "owners": "Orange,  AT&T,  BT,  Verizon,  Sprint,  CANTV,  Guyana Telephone and Telegraph (GT&T),  Codetel,  C&W Networks", "url": null, "Symbol": 6, "year": 1995 }, "geometry": { "type": "LineString", "coordinates": [ [ -61.650810000064197, 10.686256999759999 ], [ -61.541240000119998, 11.3426830001842 ], [ -61.541240000119998, 12.2917500004061 ], [ -61.715262999703903, 12.2917500004061 ], [ -61.7108680002612, 12.188010000249999 ], [ -61.769218000370898, 12.2917500004061 ], [ -61.254668000260203, 13.1878709998453 ], [ -61.254668000260203, 13.068800999661899 ], [ -59.607403000274502, 13.0844960000029 ], [ -60.898759999624701, 14.126276000382701 ], [ -61.0068159996502, 14.126276000382701 ], [ -61.0068159996502, 13.9945059996077 ], [ -61.162675000408903, 14.4977750001513 ], [ -61.094169999661403, 14.6154539995711 ], [ -61.370683000041197, 14.6745059998701 ], [ -61.370683000041197, 15.252081999858399 ], [ -61.262674999696301, 15.1995969996923 ], [ -61.154618999670703, 15.4093640003861 ], [ -61.533036000142197, 16.241324999984698 ], [ -61.857938999987603, 17.051483999607399 ], [ -62.074003000358097, 17.051483999607399 ], [ -62.323709999571903, 16.810824999767899 ], [ -62.215652999721499, 16.706843999589701 ], [ -62.323709999571903, 16.706843999589701 ], [ -62.729764000339401, 17.090879000327998 ], [ -62.729764000339401, 17.2986390000036 ], [ -62.729764000339401, 17.402384000109699 ], [ -63.0736600002869, 18.031041000418401 ], [ -63.0571560000717, 18.2176840002003 ], [ -63.14900199961, 18.316075000414099 ], [ -64.1523709999895, 18.344535000073101 ], [ -64.500807999867902, 18.316075000414099 ], [ -64.597145999831596, 18.414411000300198 ] ] } },
{ "type": "Feature", "properties": { "OBJECTID": 89, "cable_id": 1295, "Name": "Corfu-Bar", "color": "#f04230", "length": "323 km", "rfs": "1999", "owners": "OTEGLOBE,  PTT Montenegro,  Telecom Italia Sparkle", "url": null, "Symbol": 6, "year": 1999 }, "geometry": { "type": "LineString", "coordinates": [ [ 19.919590999728001, 39.619532999661999 ], [ 18.8708620002683, 39.8884610002466 ], [ 18.8708620002683, 41.2701009998027 ], [ 19.1003540004378, 42.093259000290502 ] ] } },
{ "type": "Feature", "properties": { "OBJECTID": 90, "cable_id": 1296, "Name": "Italy-Albania", "color": "#0982c5", "length": "240 km", "rfs": "1997", "owners": "Telecom Italia Sparkle,  Albania Telecom", "url": null, "Symbol": 13, "year": 1997 }, "geometry": { "type": "LineString", "coordinates": [ [ 16.868811999753301, 41.125712999782301 ], [ 18.146839000112099, 41.316913000196998 ], [ 19.4500600000124, 41.316913000196998 ] ] } },
{ "type": "Feature", "properties": { "OBJECTID": 91, "cable_id": 1299, "Name": "Italy-Greece 1", "color": "#0982c5", "length": "161 km", "rfs": "1995", "owners": "WIS Telecom", "url": null, "Symbol": 13, "year": 1995 }, "geometry": { "type": "LineString", "coordinates": [ [ 18.485706000232099, 40.148202999847697 ], [ 18.485706000232099, 39.619532999661999 ], [ 19.919590999728001, 39.619532999661999 ] ] } },
{ "type": "Feature", "properties": { "OBJECTID": 92, "cable_id": 1301, "Name": "Italy-Malta", "color": "#4fc1af", "length": "238 km", "rfs": "1995", "owners": "Telecom Italia Sparkle,  GO plc", "url": null, "Symbol": 10, "year": 1995 }, "geometry": { "type": "LineString", "coordinates": [ [ 15.0674460002232, 37.513447999740698 ], [ 15.559633999912799, 37.069598000332903 ], [ 15.0501610002086, 36.282389000117 ], [ 14.488051999762201, 35.891904000354202 ] ] } },
{ "type": "Feature", "properties": { "OBJECTID": 93, "cable_id": 1302, "Name": "Italy-Monaco", "color": "#b2703f", "length": "162 km", "rfs": "1995", "owners": "Telecom Italia Sparkle,  Monaco Telecom", "url": null, "Symbol": 4, "year": 1995 }, "geometry": { "type": "LineString", "coordinates": [ [ 7.42672899964391, 43.738257999708999 ], [ 8.182880999623119, 43.738257999708999 ], [ 8.483759999889109, 44.305750000274003 ] ] } },
{ "type": "Feature", "properties": { "OBJECTID": 94, "cable_id": 1303, "Name": "Aphrodite 2", "color": "#f04230", "length": "868 km", "rfs": "September 1994", "owners": "n.a.", "url": null, "Symbol": 6, "year": 1994 }, "geometry": { "type": "LineString", "coordinates": [ [ 32.466652999803202, 34.766571999678497 ], [ 30.738235999968801, 34.766571999678497 ], [ 27.0116760000639, 35.992313999794902 ], [ 24.395564999872398, 35.735659000219002 ], [ 24.012167000152299, 35.512043999860097 ] ] } },
{ "type": "Feature", "properties": { "OBJECTID": 95, "cable_id": 1304, "Name": "CIOS", "color": "#548f51", "length": "250 km", "rfs": "April 1994", "owners": "Cyta,  KPN,  Telecom Italia Sparkle,  BT,  Orange", "url": null, "Symbol": 12, "year": 1994 }, "geometry": { "type": "LineString", "coordinates": [ [ 34.0000499995882, 34.983209000094 ], [ 35.094677999875103, 33.011209999648798 ] ] } },
{ "type": "Feature", "properties": { "OBJECTID": 96, "cable_id": 1305, "Name": "CADMOS", "color": "#0982c5", "length": "230 km", "rfs": "September 1995", "owners": "Cyta,  Lebanese Ministry of Telecommunications,  OTEGLOBE,  AT&T,  BT,  Orange,  Telekom Austria,  Syrian Telecommunications Establishment,  Telecom Italia Sparkle,  Tata Communications,  Deutsche Telekom", "url": null, "Symbol": 13, "year": 1995 }, "geometry": { "type": "LineString", "coordinates": [ [ 33.610597000018601, 34.827278000121296 ], [ 35.485107999961201, 33.892636999768598 ] ] } },
{ "type": "Feature", "properties": { "OBJECTID": 97, "cable_id": 1306, "Name": "UGARIT", "color": "#f5cb13", "length": "239 km", "rfs": "February 1995", "owners": "Cyta,  Tata Communications,  Telecom Italia Sparkle,  BT,  Telekom Austria,  OTEGLOBE,  AT&T,  Orange,  Orange Jordan,  Lebanese Ministry of Telecommunications,  SingTel,  Telefonica,  Syrian Telecommunications Establishment,  Vivacom,  Deutsche Telekom", "url": null, "Symbol": 28, "year": 1995 }, "geometry": { "type": "LineString", "coordinates": [ [ 35.897803000384101, 34.891704999767001 ], [ 33.610597000018601, 34.827278000121296 ] ] } },
{ "type": "Feature", "properties": { "OBJECTID": 98, "cable_id": 1307, "Name": "Aden-Djibouti", "color": "#f37380", "length": "266 km", "rfs": "1994", "owners": "Djibouti Telecom,  TeleYemen,  Tata Communications,  Orange,  Telecom Italia Sparkle", "url": null, "Symbol": 14, "year": 1994 }, "geometry": { "type": "LineString", "coordinates": [ [ 43.147992999894598, 11.594869000206799 ], [ 45.033538000183803, 12.8008740001692 ] ] } },
{ "type": "Feature", "properties": { "OBJECTID": 99, "cable_id": 1308, "Name": "UAE-Iran", "color": "#f594a8", "length": "170 km", "rfs": "1992", "owners": "Etisalat,  Telecommunication Infrastructure Company of Iran", "url": null, "Symbol": 31, "year": 1992 }, "geometry": { "type": "LineString", "coordinates": [ [ 56.333725999930003, 25.121692999774499 ], [ 57.603647000220299, 25.234286999898998 ], [ 57.797298999940899, 25.681326999747501 ] ] } },
{ "type": "Feature", "properties": { "OBJECTID": 100, "cable_id": 1314, "Name": "UK-France 3", "color": "#f04230", "length": "155 km", "rfs": "1989", "owners": "BT,  Orange,  Vodafone", "url": null, "Symbol": 6, "year": 1989 }, "geometry": { "type": "LineString", "coordinates": [ [ 1.07751499980136, 49.923244999790398 ], [ -0.137132999721935, 50.822743999872102 ] ] } },
{ "type": "Feature", "properties": { "OBJECTID": 101, "cable_id": 1317, "Name": "Adria-1", "color": "#b2703f", "length": "440 km", "rfs": "September 1996", "owners": "T-Hrvatski Telekom,  Albania Telecom", "url": null, "Symbol": 4, "year": 1996 }, "geometry": { "type": "LineString", "coordinates": [ [ 19.919590999728001, 39.619532999661999 ], [ 19.044396999955499, 39.9863259999672 ], [ 19.044396999955499, 40.9084959999783 ], [ 19.4500600000124, 41.316913000196998 ], [ 18.310413000228699, 41.7406060002277 ], [ 18.106507000136201, 42.642076999852598 ] ] } },
{ "type": "Feature", "properties": { "OBJECTID": 102, "cable_id": 1319, "Name": "Aletar", "color": "#ba5aa3", "length": "787 km", "rfs": "April 1997", "owners": "Syrian Telecommunications Establishment,  Telecom Egypt,  Liban Telecom", "url": null, "Symbol": 15, "year": 1997 }, "geometry": { "type": "LineString", "coordinates": [ [ 29.8935099997877, 31.191469000025101 ], [ 35.897803000384101, 34.891704999767001 ] ] } },
{ "type": "Feature", "properties": { "OBJECTID": 103, "cable_id": 1321, "Name": "BERYTAR", "color": "#8dc851", "length": "134 km", "rfs": "April 1997", "owners": "Syrian Telecommunications Establishment,  Lebanese Ministry of Telecommunications", "url": null, "Symbol": 11, "year": 1997 }, "geometry": { "type": "LineString", "coordinates": [ [ 35.897803000384101, 34.891704999767001 ], [ 35.779247999764202, 34.671854999817597 ], [ 35.859228999825802, 34.439742000065401 ], [ 35.470557000055798, 34.222246000155202 ], [ 35.485107999961201, 33.892636999768598 ], [ 35.289990999827502, 33.715412000136801 ], [ 35.386377000369997, 33.450191000028603 ] ] } },
{ "type": "Feature", "properties": { "OBJECTID": 104, "cable_id": 1323, "Name": "Circe South", "color": "#0982c5", "length": "115 km", "rfs": "February 1999", "owners": "VTLWavenet,  euNetworks", "url": null, "Symbol": 13, "year": 1999 }, "geometry": { "type": "LineString", "coordinates": [ [ 0.366675999945086, 50.819320000061801 ], [ 1.49343300005505, 50.179175999877501 ] ] } },
{ "type": "Feature", "properties": { "OBJECTID": 105, "cable_id": 1324, "Name": "Tangerine", "color": "#895c3c", "length": "112 km", "rfs": "September 2000", "owners": "Level 3", "url": null, "Symbol": 8, "year": 2000 }, "geometry": { "type": "LineString", "coordinates": [ [ 1.44099100038007, 51.358574999960403 ], [ 2.9127669996456, 51.231222000187202 ] ] } },
{ "type": "Feature", "properties": { "OBJECTID": 106, "cable_id": 1326, "Name": "Denmark-Norway 5", "color": "#91a34b", "length": "130 km", "rfs": "1992", "owners": "TDC,  Telenor", "url": null, "Symbol": 2, "year": 1992 }, "geometry": { "type": "LineString", "coordinates": [ [ 9.995673000035289, 57.4563419999796 ], [ 8.772430999648501, 58.461900999882403 ] ] } },
{ "type": "Feature", "properties": { "OBJECTID": 107, "cable_id": 1327, "Name": "Denmark-Norway 6", "color": "#f04230", "length": "120 km", "rfs": "1992", "owners": "TDC,  Telenor", "url": null, "Symbol": 6, "year": 1992 }, "geometry": { "type": "LineString", "coordinates": [ [ 8.703584000390929, 56.959345000226101 ], [ 7.99626000044356, 58.151064999857198 ] ] } },
{ "type": "Feature", "properties": { "OBJECTID": 108, "cable_id": 1333, "Name": "KAFOS", "color": "#bd75b1", "length": "538 km", "rfs": "June 1997", "owners": "Turk Telekom,  Vivacom,  Romtelecom,  KPN,  Telecom Italia Sparkle,  Slovak Telekom,  Rostelecom,  BT,  Orange", "url": null, "Symbol": 3, "year": 1997 }, "geometry": { "type": "LineString", "coordinates": [ [ 28.988236999687999, 41.040620999738103 ], [ 28.988236999687999, 41.367283000060702 ], [ 28.4179249999871, 41.884177000154601 ], [ 27.985406000332201, 41.884177000154601 ], [ 28.201617000117398, 42.206531000006699 ], [ 28.130815999826901, 42.884765999864797 ], [ 27.914507999957198, 43.202044000271698 ], [ 28.563238000295701, 43.202044000271698 ], [ 28.8044479996287, 43.496006000257601 ], [ 28.5881399997591, 43.8099360000381 ] ] } },
{ "type": "Feature", "properties": { "OBJECTID": 109, "cable_id": 1336, "Name": "Fehmarn Bält", "color": "#b2703f", "length": "20 km", "rfs": "2000", "owners": "TeliaSonera", "url": null, "Symbol": 4, "year": 2000 }, "geometry": { "type": "LineString", "coordinates": [ [ 11.212565999946399, 54.496183999938502 ], [ 11.3585620001453, 54.663064999997701 ] ] } },
{ "type": "Feature", "properties": { "OBJECTID": 110, "cable_id": 1340, "Name": "Sweden-Finland 6", "color": "#895c3c", "length": "175 km", "rfs": "January 1998", "owners": "TeliaSonera", "url": null, "Symbol": 8, "year": 1998 }, "geometry": { "type": "LineString", "coordinates": [ [ 18.062757000335601, 59.332308000036399 ], [ 19.119298999961, 59.562099000137202 ], [ 22.062949000198, 59.903008999978397 ], [ 22.2985940001263, 60.305756000073004 ] ] } },
{ "type": "Feature", "properties": { "OBJECTID": 111, "cable_id": 1341, "Name": "Turcyos-1", "color": "#f04230", "length": "110 km", "rfs": "1993", "owners": "Turk Telekom", "url": null, "Symbol": 6, "year": 1993 }, "geometry": { "type": "LineString", "coordinates": [ [ 34.633448000221698, 36.7999060001614 ], [ 34.633448000221698, 36.625877999935099 ], [ 33.236281000160297, 35.4762639999526 ], [ 33.236281000160297, 35.299123000102 ] ] } },
{ "type": "Feature", "properties": { "OBJECTID": 112, "cable_id": 1343, "Name": "Ulysses", "color": "#bd75b1", "length": "250 km", "rfs": "1997", "owners": "Verizon", "url": null, "Symbol": 3, "year": 1997 }, "geometry": { "type": "MultiLineString", "coordinates": [ [ [ 1.31774900023945, 51.125678000161997 ], [ 1.85300300001431, 50.953007999990099 ] ], [ [ 4.61286400019202, 52.460913000136202 ], [ 1.72927200015213, 52.4688259999811 ] ] ] } },
{ "type": "Feature", "properties": { "OBJECTID": 113, "cable_id": 1346, "Name": "FALCON", "color": "#f89635", "length": "10,300 km", "rfs": "September 2006", "owners": "Global Cloud Xchange", "url": "http://www.globalcloudxchange.com", "Symbol": 5, "year": 2006 }, "geometry": { "type": "MultiLineString", "coordinates": [ [ [ 53.028258999696099, 13.8133530003439 ], [ 44.302680000203502, 11.4652160000763 ], [ 43.877777999997299, 12.182092000064999 ], [ 43.648675999815097, 12.2072910003376 ], [ 42.612934999938297, 13.971384000122599 ], [ 41.908052000197401, 15.4833500001454 ] ], [ [ 43.008540000340098, 14.685653000343599 ], [ 41.908052000197401, 15.4833500001454 ] ], [ [ 41.908052000197401, 15.4833500001454 ], [ 38.8283670002305, 20.515317999695899 ] ], [ [ 52.182458999812503, 16.213008000352598 ], [ 52.432360999918302, 16.210381999691698 ], [ 53.028258999696099, 13.8133530003439 ] ], [ [ 72.875901999636099, 19.076074000258199 ], [ 72.609006999593603, 19.031859000031599 ], [ 70.393481000125902, 18.400605000228499 ], [ 62.269072999737901, 16.2699200001361 ], [ 60.286848000076503, 23.507597000042601 ], [ 58.936848999640198, 24.015082999912899 ], [ 58.176205000133898, 23.684878999638201 ] ], [ [ 38.8283670002305, 20.515317999695899 ], [ 37.219676999729501, 19.615563999896001 ] ], [ [ 38.8283670002305, 20.515317999695899 ], [ 34.7410649998561, 26.948548999662901 ], [ 33.769288999722498, 27.8789759999678 ], [ 32.904054999695802, 29.0204920002144 ], [ 32.540676000099701, 29.974233999882099 ] ], [ [ 39.182761000049098, 21.481532000197301 ], [ 38.8283670002305, 20.515317999695899 ] ], [ [ 58.176205000133898, 23.684878999638201 ], [ 58.901985999707797, 23.875137000193401 ], [ 59.611945999855202, 23.5815459998948 ], [ 61.629523000068801, 16.104670999950802 ], [ 53.028258999696099, 13.8133530003439 ] ], [ [ 58.176205000133898, 23.684878999638201 ], [ 57.278647000290498, 25.520249000048 ], [ 56.743002999629901, 26.973181999619001 ], [ 56.274154999804601, 27.1872539996657 ], [ 56.274154999804601, 26.768382000082902 ], [ 55.257457000258597, 26.151156000045901 ], [ 53.849157000116399, 26.2046159996707 ], [ 48.462833000364199, 29.0991099997138 ], [ 48.320092016851198, 29.179623807826299 ] ], [ [ 60.627374999704898, 25.258665000101299 ], [ 59.748175999578798, 23.710364000212799 ] ], [ [ 48.6046300000407, 29.023907000357202 ], [ 48.531778000429398, 29.9236339997315 ], [ 48.320092016851198, 29.179623807826299 ] ], [ [ 48.320092016851198, 29.179623807826299 ], [ 48.318691999667401, 29.1746849998454 ] ], [ [ 48.320092016851198, 29.179623807826299 ], [ 47.9748450001237, 29.374101000357399 ], [ 49.480214999625403, 28.110157000241301 ], [ 50.214199000250602, 26.285373000255401 ], [ 50.653455999645303, 26.734982999875299 ], [ 50.576015000422501, 26.229497000094401 ], [ 51.587634999737197, 26.259101999960102 ], [ 51.519276000376202, 25.294605999856 ], [ 52.600135000382302, 25.968418000325801 ], [ 55.149448999913702, 25.924248999957399 ], [ 55.308530999604898, 25.269351000354 ], [ 55.365561999789598, 25.924248999957399 ], [ 56.165170999666401, 26.410864000337501 ], [ 56.201401999927498, 26.410864000337501 ], [ 56.246812000134902, 26.181306999890801 ], [ 56.360483999618701, 26.408852000299898 ], [ 56.468491000138798, 26.408852000299898 ], [ 58.176205000133898, 23.684878999638201 ] ] ] } },
{ "type": "Feature", "properties": { "OBJECTID": 114, "cable_id": 1348, "Name": "Alaska United West", "color": "#0982c5", "length": "2,485 km", "rfs": "June 2004", "owners": "GCI", "url": "http://www.alaskaunited.com", "Symbol": 13, "year": 2004 }, "geometry": { "type": "LineString", "coordinates": [ [ -149.447671000353012, 60.110047999951597 ], [ -149.622037000069014, 59.182397999980203 ], [ -136.045581000043995, 52.425881999839397 ], [ -127.185382999932997, 47.358769000103699 ], [ -123.923764000307003, 46.165221000118102 ] ] } },
{ "type": "Feature", "properties": { "OBJECTID": 115, "cable_id": 1350, "Name": "Dumai-Melaka Cable System", "color": "#f4878f", "length": "159 km", "rfs": "February 2005", "owners": "Telkom Indonesia,  Telekom Malaysia", "url": null, "Symbol": 16, "year": 2005 }, "geometry": { "type": "LineString", "coordinates": [ [ 101.447658999553994, 1.66552099968763 ], [ 101.366896999692997, 1.9010510003268 ], [ 101.377443999967994, 2.12757100016872 ], [ 101.539650999580005, 2.25726099964419 ], [ 102.220899999728999, 2.27326400027697 ] ] } },
{ "type": "Feature", "properties": { "OBJECTID": 116, "cable_id": 1351, "Name": "Transworld (TW1)", "color": "#0982c5", "length": "1,300 km", "rfs": "June 2006", "owners": "TransWorld Associates (Pvt.) Limited", "url": "http://www.tw1.com", "Symbol": 13, "year": 2006 }, "geometry": { "type": "MultiLineString", "coordinates": [ [ [ 58.176205000133898, 23.684878999638201 ], [ 59.1913791470392, 24.740664012270098 ] ], [ [ 59.1913791470392, 24.740664012270098 ], [ 59.191438999989998, 24.740725999678201 ] ], [ [ 59.1913791470392, 24.740664012270098 ], [ 62.559502999638198, 24.290067999748601 ], [ 67.028542000399298, 24.889728000017701 ] ], [ [ 56.333725999930003, 25.121692999774499 ], [ 59.1913791470392, 24.740664012270098 ] ] ] } },
{ "type": "Feature", "properties": { "OBJECTID": 117, "cable_id": 1356, "Name": "Bharat Lanka Cable System", "color": "#895c3c", "length": "325 km", "rfs": "June 2006", "owners": "Bharat Sanchar Nigam Ltd. (BSNL),  Sri Lanka Telecom", "url": null, "Symbol": 8, "year": 2006 }, "geometry": { "type": "LineString", "coordinates": [ [ 78.145233999989202, 8.80249899965632 ], [ 78.5545109996891, 7.52730499965703 ], [ 79.866815000174398, 6.83309000031746 ] ] } },
{ "type": "Feature", "properties": { "OBJECTID": 118, "cable_id": 1357, "Name": "Glo-1", "color": "#0982c5", "length": "9,800 km", "rfs": "October 2010", "owners": "Globacom Limited", "url": "http://www.gloworld.com", "Symbol": 13, "year": 2010 }, "geometry": { "type": "MultiLineString", "coordinates": [ [ [ -0.638746463833952, 1.94531321133175 ], [ -0.640989999967828, 1.92662199968302 ] ], [ [ -0.638746463833952, 1.94531321133175 ], [ 3.4235089999444, 1.9431170004313 ], [ 3.4235089999444, 6.43906899965545 ] ], [ [ -0.20432000036937, 5.55828300033293 ], [ -0.638746463833952, 1.94531321133175 ] ], [ [ -4.54440500037365, 50.828203000114399 ], [ -13.4750139998901, 47.5439020002989 ], [ -13.4750139998901, 37.9767699998593 ], [ -13.088001999628601, 28.292955999960999 ], [ -19.2237399996202, 20.2846590001331 ], [ -19.208164000416001, 14.638131999934901 ], [ -19.2076270001156, 14.442362999912399 ], [ -10.297330999552701, 1.95053500039701 ], [ -0.638746463833952, 1.94531321133175 ] ] ] } },
{ "type": "Feature", "properties": { "OBJECTID": 119, "cable_id": 1361, "Name": "Fibralink", "color": "#895c3c", "length": "1,000 km", "rfs": "March 2006", "owners": "C&W Networks", "url": "http://www.columbus-networks.com", "Symbol": 8, "year": 2006 }, "geometry": { "type": "MultiLineString", "coordinates": [ [ [ -76.666619999628097, 17.949769999667598 ], [ -75.877117999810196, 17.450648999574302 ], [ -74.874238000050497, 18.216291999836098 ], [ -74.007343999617007, 19.695757999745499 ] ], [ [ -74.007343999617007, 19.695757999745499 ], [ -72.802656999664407, 18.864771999660999 ], [ -72.608662999637005, 18.865050000203698 ] ], [ [ -74.007343999617007, 19.695757999745499 ], [ -73.640938000008703, 20.3172649996066 ], [ -71.353683999962698, 20.3131439997012 ], [ -70.691184000416698, 19.799436000176801 ] ] ] } },
{ "type": "Feature", "properties": { "OBJECTID": 120, "cable_id": 1364, "Name": "BCF-1", "color": "#b2703f", "length": "391 km", "rfs": "January 2005", "owners": "SIA Baltcom Fiber", "url": "http://www.bcfiber.lv", "Symbol": 4, "year": 2005 }, "geometry": { "type": "LineString", "coordinates": [ [ 21.5700779997198, 57.389722000149597 ], [ 19.041857999839898, 57.8629800000042 ], [ 18.838928000438901, 59.338259999802901 ], [ 18.403673999951401, 59.338259999802901 ], [ 18.062757000335601, 59.332308000036399 ] ] } },
{ "type": "Feature", "properties": { "OBJECTID": 121, "cable_id": 1365, "Name": "UK-Netherlands 14", "color": "#0982c5", "length": "208 km", "rfs": "1996", "owners": "BT,  KPN,  Vodafone", "url": null, "Symbol": 13, "year": 1996 }, "geometry": { "type": "LineString", "coordinates": [ [ 1.69352999961253, 52.715201000056801 ], [ 1.94352999962765, 52.715201000056801 ], [ 3.5370830004173, 52.748995999916303 ], [ 4.61647700001026, 52.616591999763799 ] ] } },
{ "type": "Feature", "properties": { "OBJECTID": 122, "cable_id": 1366, "Name": "Med Cable Network", "color": "#8dc851", "length": "1,300 km", "rfs": "October 2005", "owners": "Orascom Telecom Holding", "url": null, "Symbol": 11, "year": 2005 }, "geometry": { "type": "MultiLineString", "coordinates": [ [ [ 7.75544000019957, 36.902822000150799 ], [ 6.97438599985863, 39.064278000211203 ] ], [ [ 6.97438599985863, 39.064278000211203 ], [ 3.0357169997082, 36.762128000132797 ], [ 1.19069799956369, 36.701629000216002 ], [ -0.642015000164916, 35.701644999910201 ] ], [ [ 6.97438599985863, 39.064278000211203 ], [ 5.37253100008015, 43.293627000000399 ] ] ] } },
{ "type": "Feature", "properties": { "OBJECTID": 123, "cable_id": 1369, "Name": "Dhiraagu-SLT Submarine Cable Network", "color": "#f89635", "length": "850 km", "rfs": "February 2007", "owners": "Sri Lanka Telecom,  Dhiraagu", "url": "http://www.dhiraagu.com.mv", "Symbol": 5, "year": 2007 }, "geometry": { "type": "LineString", "coordinates": [ [ 79.872088000399401, 6.92703699974167 ], [ 73.500021999690901, 4.16666599999001 ] ] } },
{ "type": "Feature", "properties": { "OBJECTID": 124, "cable_id": 1374, "Name": "Angola Domestic Network System (ADONES)", "color": "#f04230", "length": "1,600 km", "rfs": "2008", "owners": "Angola Telecom", "url": "http://www.angolatelecom.com", "Symbol": 6, "year": 2008 }, "geometry": { "type": "MultiLineString", "coordinates": [ [ [ 12.3522139995549, -6.14061399961231 ], [ 11.920084999887401, -6.57280199988962 ], [ 12.326529999568701, -7.23291900016791 ], [ 12.8666669995812, -7.23291900016791 ], [ 12.542643000343, -7.55647499956731 ], [ 13.2350260003976, -8.81256499966649 ], [ 12.777506999573401, -8.677145999790801 ], [ 12.777506999573401, -9.83528300024906 ], [ 13.2422520000341, -10.7025989995894 ], [ 13.782389000046599, -10.7025989995894 ], [ 13.4078770003697, -11.8358650003637 ], [ 13.4078770003697, -12.5795899998022 ], [ 12.8677410001821, -12.5795899998022 ], [ 12.0988939996246, -13.4439119996579 ], [ 12.531022000365599, -13.8664819997928 ], [ 11.9908860001779, -13.8664819997928 ], [ 11.723991999960401, -14.7665299996599 ], [ 12.156119999803, -15.1866199997565 ] ], [ [ 12.3522139995549, -6.14061399961231 ], [ 11.811785000362701, -5.97843899980272 ], [ 11.811785000362701, -5.71847200036892 ], [ 12.1898119999485, -5.5561750004346 ], [ 11.649772999845201, -5.5561750004346 ], [ 11.649772999845201, -6.14061399961231 ], [ 12.3522139995549, -6.14061399961231 ] ] ] } },
{ "type": "Feature", "properties": { "OBJECTID": 125, "cable_id": 1383, "Name": "Greece-Western Europe Network (GWEN)", "color": "#bd75b1", "length": "700 km", "rfs": "June 2004", "owners": "OTEGLOBE", "url": "http://www.oteglobe.gr", "Symbol": 3, "year": 2004 }, "geometry": { "type": "LineString", "coordinates": [ [ 16.868811999753301, 41.125712999782301 ], [ 19.2179319996429, 40.653825000081703 ], [ 19.2179319996429, 40.0339729999383 ], [ 19.9239860000691, 39.754053999908002 ], [ 18.697326999682701, 39.754053999908002 ], [ 18.697326999682701, 40.571536999844703 ], [ 16.868811999753301, 41.125712999782301 ] ] } },
{ "type": "Feature", "properties": { "OBJECTID": 126, "cable_id": 1387, "Name": "Scotland-Northern Ireland 1", "color": "#4fc1af", "length": "35 km", "rfs": "1989", "owners": "BT", "url": null, "Symbol": 10, "year": 1989 }, "geometry": { "type": "LineString", "coordinates": [ [ -5.11549799987415, 54.8440270002327 ], [ -5.53869100016809, 54.643037000163503 ] ] } },
{ "type": "Feature", "properties": { "OBJECTID": 127, "cable_id": 1427, "Name": "Corse-Continent 4 (CC4)", "color": "#565da6", "length": "190 km", "rfs": "1992", "owners": "Orange", "url": null, "Symbol": 17, "year": 1992 }, "geometry": { "type": "LineString", "coordinates": [ [ 7.01745199994395, 43.553006999831602 ], [ 8.72106400039932, 42.796189000092099 ], [ 8.937177000275289, 42.6366890000265 ] ] } },
{ "type": "Feature", "properties": { "OBJECTID": 128, "cable_id": 1428, "Name": "Corse-Continent 5 (CC5)", "color": "#f89635", "length": "299 km", "rfs": "1995", "owners": "Orange", "url": null, "Symbol": 5, "year": 1995 }, "geometry": { "type": "LineString", "coordinates": [ [ 5.87819500014761, 43.103193000307101 ], [ 5.87819500014761, 42.944700000135498 ], [ 8.41461900000534, 41.919501999731601 ], [ 8.738740000226279, 41.919501999731601 ] ] } },
{ "type": "Feature", "properties": { "OBJECTID": 129, "cable_id": 1448, "Name": "Pencan-6", "color": "#99ca3f", "length": "1,854 km", "rfs": "2000", "owners": "Telefonica", "url": null, "Symbol": 27, "year": 2000 }, "geometry": { "type": "LineString", "coordinates": [ [ -16.538586000352499, 28.046741999977701 ], [ -15.4383910001127, 28.773062999798899 ], [ -11.094839999705, 33.8627190000308 ], [ -11.261343999749499, 34.914849999969199 ], [ -9.515153000178859, 35.744933000007897 ], [ -6.08712800041791, 36.276720999686397 ] ] } },
{ "type": "Feature", "properties": { "OBJECTID": 130, "cable_id": 1449, "Name": "TRANSCAN-3", "color": "#f89635", "length": "210 km", "rfs": "2000", "owners": "Telefonica", "url": null, "Symbol": 5, "year": 2000 }, "geometry": { "type": "LineString", "coordinates": [ [ -13.6504039999779, 29.0385079998787 ], [ -13.900403999992999, 29.0385079998787 ], [ -14.562610999636, 28.690856000013 ], [ -14.8461069999779, 27.957758999715601 ], [ -15.596594000094999, 27.957758999715601 ] ] } },
{ "type": "Feature", "properties": { "OBJECTID": 131, "cable_id": 1455, "Name": "HICS (Hawaii Inter-Island Cable System)", "color": "#f04230", "length": "479.081 km", "rfs": "July 1994", "owners": "Hawaiian Telcom", "url": null, "Symbol": 6, "year": 1994 }, "geometry": { "type": "MultiLineString", "coordinates": [ [ [ -157.696004999698999, 21.277561999767801 ], [ -157.696004999698999, 21.1739689996934 ], [ -157.279892000350003, 21.001120999843401 ], [ -157.007334000095, 21.011514000118201 ], [ -156.89727600025401, 21.0001180000916 ], [ -156.753573999948998, 20.880181999962801 ], [ -156.71309600038299, 20.782154999983799 ], [ -156.563193999563993, 20.688540999877699 ], [ -156.463096000368012, 20.782154999983799 ], [ -156.513193999920986, 20.6417579999965 ], [ -156.463096000368012, 20.5482410001059 ], [ -156.139023999652011, 20.316074000081901 ], [ -155.831406999645992, 20.039987000041901 ] ], [ [ -159.368562999858995, 21.974942999933699 ], [ -159.268464999764007, 21.882088000344599 ], [ -159.031746999957988, 21.455811999619002 ], [ -158.343514999847002, 21.2337850001162 ], [ -158.119490999895987, 21.3397019996216 ] ] ] } },
{ "type": "Feature", "properties": { "OBJECTID": 132, "cable_id": 1456, "Name": "HIFN (Hawaii Island Fibre Network)", "color": "#f89635", "length": "529 km", "rfs": "June 1997", "owners": "TW Telecom,  Hawaiian Telcom", "url": null, "Symbol": 5, "year": 1997 }, "geometry": { "type": "MultiLineString", "coordinates": [ [ [ -156.759726999706999, 20.636458000239301 ], [ -156.896885000442012, 20.746451000023601 ] ], [ [ -156.759726999706999, 20.636458000239301 ], [ -156.463096000368012, 20.782154999983799 ], [ -156.502646999646004, 20.517604000218199 ], [ -156.173593999681998, 20.282186000151899 ], [ -155.831406999645992, 20.039987000041901 ] ], [ [ -157.552207000032013, 20.732751999624298 ], [ -157.347324000321009, 20.562321999901201 ], [ -156.896885000442012, 20.562321999901201 ], [ -156.759726999706999, 20.636458000239301 ] ], [ [ -157.552207000032013, 20.732751999624298 ], [ -157.134189000053993, 20.974405999763899 ], [ -157.023886999816, 21.093355999671498 ] ], [ [ -157.696004999698999, 21.277561999767801 ], [ -157.746005000241013, 21.1739689996934 ], [ -157.746005000241013, 20.893868000063801 ], [ -157.552207000032013, 20.732751999624298 ] ], [ [ -159.368562999858995, 21.974942999933699 ], [ -159.179597999658995, 21.924672999922201 ], [ -158.961238999570014, 21.531594000378 ], [ -158.456064000122012, 21.460265999973 ], [ -158.206014999703996, 21.460538999892702 ] ] ] } },
{ "type": "Feature", "properties": { "OBJECTID": 133, "cable_id": 1472, "Name": "Bass Strait-1", "color": "#548f51", "length": "241 km", "rfs": "1995", "owners": "Telstra", "url": null, "Symbol": 12, "year": 1995 }, "geometry": { "type": "LineString", "coordinates": [ [ 146.119696999933012, -38.819878000185398 ], [ 145.623799000340995, -40.950498999794803 ] ] } },
{ "type": "Feature", "properties": { "OBJECTID": 134, "cable_id": 1487, "Name": "Aqualink", "color": "#f04230", "length": "n.a.", "rfs": "December 2001", "owners": "Telstra", "url": null, "Symbol": 6, "year": 2001 }, "geometry": { "type": "LineString", "coordinates": [ [ 171.707373999728986, -43.494186000247502 ], [ 172.232569000024, -43.887567999836897 ], [ 173.237452000322008, -44.132551000112699 ], [ 174.524950999630988, -41.809852000277601 ], [ 174.312450999573997, -41.527245999722197 ], [ 173.580713000060001, -41.527245999722197 ], [ 174.606201000287996, -41.389215000290797 ], [ 174.767138000378992, -41.280546000167398 ], [ 174.767138000378992, -40.149047000300598 ], [ 175.618212000313008, -39.625423999812803 ], [ 174.634422999665986, -40.008867000321999 ], [ 173.916650000251991, -39.791379999790898 ], [ 173.621045000035991, -39.519887999771598 ], [ 173.621045000035991, -39.365285000098403 ], [ 174.371532999978001, -39.287854999954497 ], [ 173.621045000035991, -39.210338999797401 ], [ 173.621045000035991, -39.055051000005903 ], [ 174.384227999658009, -38.073646000284903 ], [ 175.534911000335995, -37.9158789999506 ], [ 174.384227999658009, -37.9158789999506 ], [ 174.29448199984401, -37.233233000238101 ], [ 174.770458000295008, -36.884180000109801 ] ] } },
{ "type": "Feature", "properties": { "OBJECTID": 135, "cable_id": 1492, "Name": "Bass Strait-2", "color": "#1ca5de", "length": "239 km", "rfs": "2003", "owners": "Telstra", "url": null, "Symbol": 19, "year": 2003 }, "geometry": { "type": "LineString", "coordinates": [ [ 145.729657999658997, -38.633300000344803 ], [ 145.294111999991998, -40.760227000162899 ] ] } },
{ "type": "Feature", "properties": { "OBJECTID": 136, "cable_id": 1494, "Name": "Amerigo Vespucci", "color": "#f4878f", "length": "85 km", "rfs": "1999", "owners": "Antelecom", "url": null, "Symbol": 16, "year": 1999 }, "geometry": { "type": "LineString", "coordinates": [ [ -68.276635000195796, 12.1510669996205 ], [ -68.785326000275603, 11.9714299996501 ], [ -68.892015999622203, 11.9878610000269 ], [ -68.892650000006995, 12.0904369996532 ] ] } },
{ "type": "Feature", "properties": { "OBJECTID": 137, "cable_id": 1507, "Name": "Asia-America Gateway (AAG) Cable System", "color": "#f4878f", "length": "20,000 km", "rfs": "November 2009", "owners": "Telekom Malaysia,  AT&T,  Starhub,  PLDT,  Communications Authority of Thailand,  Airtel (Bharti),  Telstra,  Telkom Indonesia,  BT,  Eastern Telecom,  PT Indonesia Satellite Corp.,  Spark New Zealand,  Viettel Corporation,  Saigon Postel Corporation,  Vietnam Telecom International,  Brunei International Gateway,  BayanTel", "url": "http://www.asia-america-gateway.com", "Symbol": 16, "year": 2009 }, "geometry": { "type": "MultiLineString", "coordinates": [ [ [ 103.987012000413003, 1.38944699996311 ], [ 104.154395000166005, 1.1977969997684 ], [ 104.332227000285002, 1.21224700004634 ], [ 105.149706999982996, 1.39647700038214 ], [ 104.799706999782003, 2.58001899958936 ], [ 103.850683999881994, 2.29570699985265 ], [ 107.766306000070998, 5.23987900030768 ] ], [ [ 107.766306000070998, 5.23987900030768 ], [ 109.963960999717997, 6.88651299968404 ], [ 110.061226999794002, 7.27377100011549 ] ], [ [ 110.061226999794002, 7.27377100011549 ], [ 114.885636999992002, 4.92676000037032 ] ], [ [ 110.061226999794002, 7.27377100011549 ], [ 110.631245999591997, 9.53153799966273 ] ], [ [ 110.631245999591997, 9.53153799966273 ], [ 113.949114999602998, 22.271491999766202 ], [ 115.759172000080994, 18.5815739999024 ], [ 120.389734999666004, 16.582591000241401 ], [ 120.095204000050998, 17.142957000410199 ], [ 120.095204000050998, 18.524729000299999 ], [ 121.146375000440003, 19.120738000271899 ], [ 144.786494999615002, 13.4464479998916 ], [ 146.153291000169986, 12.992783000246501 ], [ 179.999947000393007, 18.176864000032701 ] ], [ [ 107.079197999890994, 10.342133999581 ], [ 110.631245999591997, 9.53153799966273 ] ], [ [ 100.930569000400993, 13.1743689998598 ], [ 100.703323000444001, 12.9485309998201 ], [ 107.766306000070998, 5.23987900030768 ] ], [ [ -179.999944999845013, 18.1628530002784 ], [ -158.151717999628005, 21.426089000163699 ], [ -158.236629999607999, 21.346522999945002 ], [ -157.900546000000986, 21.1133080000448 ], [ -147.02780000040201, 26.0417930000364 ], [ -139.250217999889003, 26.0417930000364 ], [ -120.662535999594994, 35.285572000213001 ] ] ] } },
{ "type": "Feature", "properties": { "OBJECTID": 138, "cable_id": 1510, "Name": "Bahamas Domestic Submarine Network (BDSNi)", "color": "#0982c5", "length": "2,817 km", "rfs": "2006", "owners": "Bahamas Telecommunications Company,  Teleco", "url": "http://www.btcbahamas.com", "Symbol": 13, "year": 2006 }, "geometry": { "type": "MultiLineString", "coordinates": [ [ [ -73.682978999897003, 20.950513000015999 ], [ -73.682978999897003, 18.907552999913399 ], [ -72.834346999994693, 18.611931999951199 ], [ -72.510275000177501, 18.611931999951199 ], [ -72.343135999923305, 18.542877000327699 ] ], [ [ -73.682978999897003, 20.950513000015999 ], [ -75.733367999823898, 22.183261999972601 ], [ -75.375263000277798, 23.7332520002055 ], [ -74.8404980002245, 23.652233000316102 ] ], [ [ -73.682978999897003, 20.950513000015999 ], [ -73.064132000067104, 22.401746000366899 ], [ -73.678780000272795, 22.7658420000276 ], [ -73.965400999638106, 22.736303000189899 ], [ -74.062080000083597, 22.644944000024601 ], [ -74.195039000295793, 22.629891999659701 ], [ -74.363838000058493, 22.497686999880401 ], [ -74.450166000047702, 22.5591159998771 ], [ -74.525703000262794, 24.052631999606302 ] ], [ [ -74.8404980002245, 23.652233000316102 ], [ -75.385859000058204, 23.769721000409799 ], [ -75.780146000360006, 23.5165519996592 ], [ -76.002996999975693, 24.923564000003999 ], [ -76.127898999624904, 25.1481269996892 ], [ -76.240642999894405, 25.196206999734802 ] ], [ [ -74.525703000262794, 24.052631999606302 ], [ -74.966180999673199, 23.098342999608199 ], [ -74.8404980002245, 23.652233000316102 ] ], [ [ -74.525703000262794, 24.052631999606302 ], [ -75.5258980003169, 24.403328999600401 ], [ -75.759931000417396, 24.544294999759298 ], [ -76.132636000272697, 25.196206999734802 ], [ -76.240642999894405, 25.196206999734802 ] ], [ [ -77.3402029999245, 25.067215000301001 ], [ -77.186883000179805, 25.045186999609701 ], [ -77.186883000179805, 24.946764999857901 ], [ -77.844596999572502, 24.6897170003867 ] ], [ [ -77.3402029999245, 25.067215000301001 ], [ -77.440203000110202, 25.2225370002255 ], [ -78.521257000109898, 26.316014000260399 ], [ -78.736734999776104, 26.516995999795999 ], [ -77.399528999827396, 26.025296999779702 ], [ -77.399528999827396, 25.8298819999799 ], [ -76.831170000436302, 25.712038000263099 ], [ -76.240642999894405, 25.294428999746199 ], [ -76.240642999894405, 25.196206999734802 ] ], [ [ -76.240642999894405, 25.196206999734802 ], [ -77.3402029999245, 25.067215000301001 ] ] ] } },
{ "type": "Feature", "properties": { "OBJECTID": 139, "cable_id": 1512, "Name": "Atlas Offshore", "color": "#ffd633", "length": "1,634 km", "rfs": "July 2007", "owners": "Maroc Telecom", "url": "http://www.maroctelecom.ma", "Symbol": 18, "year": 2007 }, "geometry": { "type": "LineString", "coordinates": [ [ -6.03576100027039, 35.4706179996911 ], [ -5.94782200027819, 35.8899260002133 ], [ -5.03405300012262, 35.934139000344302 ], [ -4.62565500013151, 35.412697000009302 ], [ 4.97770700037628, 39.362468000069498 ], [ 5.37253100008015, 43.293627000000399 ] ] } },
{ "type": "Feature", "properties": { "OBJECTID": 140, "cable_id": 1513, "Name": "Trans-Pacific Express (TPE) Cable System", "color": "#8dc851", "length": "17,000 km", "rfs": "August 2008", "owners": "China Telecom,  China Unicom,  Chunghwa Telecom,  KT,  Verizon,  NTT,  AT&T", "url": "http://tpecable.org", "Symbol": 11, "year": 2008 }, "geometry": { "type": "MultiLineString", "coordinates": [ [ [ 129.023369519113004, 29.870089209452601 ], [ 130.617071999566008, 29.5000580000012 ], [ 135.358766999593001, 30.938845000113201 ] ], [ [ 129.023369519113004, 29.870089209452601 ], [ 130.913678715646995, 31.010139660961102 ] ], [ [ 135.358766999593001, 30.938845000113201 ], [ 130.913678715646995, 31.010139660961102 ] ], [ [ 135.358766999593001, 30.938845000113201 ], [ 143.20719899990101, 33.272953000119301 ], [ 157.207971000326012, 39.156345000263997 ], [ 179.999947000393007, 39.1559660001287 ] ], [ [ 130.913678715646995, 31.010139660961102 ], [ 130.913751000383002, 31.010183000006901 ] ], [ [ 130.913678715646995, 31.010139660961102 ], [ 127.862287999794006, 31.059050000367499 ], [ 128.620783999895991, 34.880730000248903 ], [ 127.680842999857006, 33.997871999962101 ], [ 124.764244000109997, 33.997871999962101 ], [ 120.342469000131999, 36.087309999995803 ], [ 126.495395000054003, 30.4542400001766 ] ], [ [ 121.411557279749005, 31.6161075687127 ], [ 122.677428999927997, 30.5342649996383 ], [ 121.462586000410994, 25.181715000095199 ], [ 129.023369519113004, 29.870089209452601 ] ], [ [ 121.411557279749005, 31.6161075687127 ], [ 126.495004000242005, 30.454324000077101 ], [ 129.023369519113004, 29.870089209452601 ] ], [ [ 121.408191000426996, 31.618967999963999 ], [ 121.411557279749005, 31.6161075687127 ] ], [ [ 121.395300999854996, 31.6198000003291 ], [ 121.411557279749005, 31.6161075687127 ] ], [ [ 139.816967000001, 35.037518999732598 ], [ 137.152515999673994, 31.880385999692201 ], [ 134.290311000087002, 30.956013999778801 ] ], [ [ -179.999944999845013, 39.156345000263997 ], [ -139.250217999889003, 39.156345000263997 ], [ -128.318389999885994, 43.599417000190797 ], [ -123.940169999714996, 45.644014999771002 ] ] ] } },
{ "type": "Feature", "properties": { "OBJECTID": 141, "cable_id": 1514, "Name": "Gondwana-1", "color": "#f04230", "length": "2,151 km", "rfs": "September 2008", "owners": "OPT", "url": "http://telecom.opt.nc", "Symbol": 6, "year": 2008 }, "geometry": { "type": "LineString", "coordinates": [ [ 151.206997999645012, -33.869554999752303 ], [ 166.341752999816009, -22.3003449998732 ] ] } },
{ "type": "Feature", "properties": { "OBJECTID": 142, "cable_id": 1516, "Name": "The East African Marine System (TEAMS)", "color": "#f5cb13", "length": "4,900 km", "rfs": "October 2009", "owners": "Etisalat,  TEAMS Ltd.", "url": null, "Symbol": 28, "year": 2009 }, "geometry": { "type": "LineString", "coordinates": [ [ 39.672898000417902, -4.05292699964146 ], [ 43.835198999983703, -3.48297299967884 ], [ 48.892129000188298, 2.62274799996215 ], [ 53.174645999707302, 11.7704519997614 ], [ 64.227664999632097, 14.6027909997892 ], [ 61.7612610002653, 23.510821000301299 ], [ 56.333725999930003, 25.121692999774499 ] ] } },
{ "type": "Feature", "properties": { "OBJECTID": 143, "cable_id": 1517, "Name": "WARF Submarine Cable", "color": "#ffd633", "length": "680 km", "rfs": "March 2007", "owners": "Wataniya Telecom Maldives,  Focus Infocom,  Global Cloud Xchange", "url": null, "Symbol": 18, "year": 2007 }, "geometry": { "type": "MultiLineString", "coordinates": [ [ [ 75.361447000141297, 6.6565859998752 ], [ 75.361640914970096, 6.6565976295858 ] ], [ [ 75.361640914970096, 6.6565976295858 ], [ 73.500021999690901, 4.16666599999001 ] ], [ [ 75.361640914970096, 6.6565976295858 ], [ 79.872088000399401, 6.92703699974167 ] ], [ [ 76.970234999653201, 8.798156000422781 ], [ 75.361640914970096, 6.6565976295858 ] ] ] } },
{ "type": "Feature", "properties": { "OBJECTID": 144, "cable_id": 1518, "Name": "Russia-Japan Cable Network (RJCN)", "color": "#4fc1af", "length": "1,800 km", "rfs": "September 2008", "owners": "Rostelecom,  KDDI", "url": null, "Symbol": 10, "year": 2008 }, "geometry": { "type": "LineString", "coordinates": [ [ 132.874003999610011, 42.8126679997415 ], [ 136.391970000077009, 39.721462000089701 ], [ 138.241967999819991, 37.169970999717798 ], [ 136.856031999749007, 39.916479999783 ], [ 132.874003999610011, 42.8126679997415 ] ] } },
{ "type": "Feature", "properties": { "OBJECTID": 145, "cable_id": 1520, "Name": "PIPE Pacific Cable-1 (PPC-1)", "color": "#1ca5de", "length": "6,900 km", "rfs": "October 2009", "owners": "TPG", "url": "http://www.pipeinternational.com", "Symbol": 19, "year": 2009 }, "geometry": { "type": "MultiLineString", "coordinates": [ [ [ 151.206997999645012, -33.869554999752303 ], [ 154.432973000436988, -30.983587999682001 ], [ 154.399574000194008, -11.9893240002816 ], [ 147.813055000016988, -5.59961999995153 ], [ 147.690674547116004, -4.84928723282056 ] ], [ [ 145.784737000257991, -5.23368500039142 ], [ 147.690674547116004, -4.84928723282056 ] ], [ [ 147.690674547116004, -4.84928723282056 ], [ 147.715984999759002, -4.84418099961336 ] ], [ [ 147.690674547116004, -4.84928723282056 ], [ 144.69469799958199, 13.4647779998981 ] ] ] } },
{ "type": "Feature", "properties": { "OBJECTID": 146, "cable_id": 1523, "Name": "Hawk", "color": "#38bced", "length": "3,400 km", "rfs": "2011", "owners": "Global Cloud Xchange", "url": "http://www.globalcloudxchange.com", "Symbol": 9, "year": 2011 }, "geometry": { "type": "MultiLineString", "coordinates": [ [ [ 28.256304000180201, 32.440813999689702 ], [ 29.8935099997877, 31.191469000025101 ] ], [ [ 32.466652999803202, 34.766571999678497 ], [ 29.645658999900899, 32.8418609999705 ], [ 28.256304000180201, 32.440813999689702 ] ], [ [ 5.37253100008015, 43.293627000000399 ], [ 8.20270499975352, 37.272929999767499 ], [ 11.2032890000909, 37.268034000289198 ], [ 11.453484000099699, 37.045360999891599 ], [ 11.167448999642, 36.736697999753297 ], [ 11.2520190002134, 36.297816999643899 ], [ 13.1451819997763, 34.700280999709101 ], [ 17.281897999988399, 34.1496220000245 ], [ 17.382776999882999, 33.978601000325 ], [ 28.256304000180201, 32.440813999689702 ] ] ] } },
{ "type": "Feature", "properties": { "OBJECTID": 147, "cable_id": 1525, "Name": "Unity/EAC-Pacific", "color": "#a6459a", "length": "9,620 km", "rfs": "March 2010", "owners": "Telstra,  Google,  Global Transit,  SingTel,  KDDI,  Airtel (Bharti)", "url": "http://unity-cable-system.com", "Symbol": 30, "year": 2010 }, "geometry": { "type": "MultiLineString", "coordinates": [ [ [ -179.999944999845013, 29.5000580000012 ], [ -139.250217999889003, 29.5000580000012 ], [ -118.388024999807996, 33.8446339999537 ] ], [ [ 139.954857999956005, 34.976567999875499 ], [ 143.682198999659988, 31.0506840001005 ], [ 157.260119000272994, 29.5000580000012 ], [ 179.999947000393007, 29.496998000139602 ] ] ] } },
{ "type": "Feature", "properties": { "OBJECTID": 148, "cable_id": 1526, "Name": "Telstra Endeavour", "color": "#ffd633", "length": "9,125 km", "rfs": "September 2008", "owners": "Telstra", "url": "http://www.telstrawholesale.com", "Symbol": 18, "year": 2008 }, "geometry": { "type": "MultiLineString", "coordinates": [ [ [ 151.228483000007003, -33.882042000148203 ], [ 179.999947000393007, -20.831752000303101 ] ], [ [ -179.999944999845013, -20.845533000154099 ], [ -158.151717999628005, 21.426089000163699 ] ] ] } },
{ "type": "Feature", "properties": { "OBJECTID": 149, "cable_id": 1527, "Name": "Australia-Papua New Guinea-2 (APNG-2)", "color": "#91a34b", "length": "1,800 km", "rfs": "2006", "owners": "Telikom Papua New Guinea,  Telstra", "url": "http://www.telikompng.com.pg", "Symbol": 2, "year": 2006 }, "geometry": { "type": "LineString", "coordinates": [ [ 147.117547999864996, -9.434090000278101 ], [ 147.117547999864996, -11.153642000282399 ], [ 152.070767000156991, -11.153642000282399 ], [ 154.085120999640992, -13.087949000082199 ], [ 154.085120999640992, -30.9492559998912 ], [ 151.206997999645012, -33.869554999752303 ] ] } },
{ "type": "Feature", "properties": { "OBJECTID": 150, "cable_id": 1528, "Name": "Hokkaido-Sakhalin Cable System (HSCS)", "color": "#91a34b", "length": "570 km", "rfs": "July 2008", "owners": "NTT,  TTK", "url": null, "Symbol": 2, "year": 2008 }, "geometry": { "type": "LineString", "coordinates": [ [ 141.315403999768989, 43.171177000104201 ], [ 140.589232000382992, 45.704200000303103 ], [ 141.85934899959301, 46.684850999948303 ] ] } },
{ "type": "Feature", "properties": { "OBJECTID": 151, "cable_id": 1529, "Name": "ALBA-1", "color": "#f04230", "length": "1,860 km", "rfs": "August 2012", "owners": "Transbit,  Telecom Venezuela", "url": null, "Symbol": 6, "year": 2012 }, "geometry": { "type": "MultiLineString", "coordinates": [ [ [ -75.7123720000817, 19.963729999945901 ], [ -74.465449000247204, 15.382060000403399 ], [ -68.860619000093294, 11.797218999886599 ], [ -66.889623999698799, 10.6035260000083 ] ], [ [ -75.828924999988004, 20.029343999990299 ], [ -77.103239999896104, 18.398659000331399 ] ] ] } },
{ "type": "Feature", "properties": { "OBJECTID": 152, "cable_id": 1530, "Name": "Kodiak Kenai Fiber Link (KKFL)", "color": "#ffd633", "length": "966 km", "rfs": "January 2007", "owners": "GCI", "url": "http://www.alaskaunited.com", "Symbol": 18, "year": 2007 }, "geometry": { "type": "LineString", "coordinates": [ [ -149.447671000353012, 60.110047999951597 ], [ -152.329065999686009, 57.424492999767203 ], [ -151.994153999691008, 57.904567000196302 ], [ -152.395178999732991, 57.794421999807703 ], [ -151.831507999687005, 58.173423000204799 ], [ -152.614270999940004, 59.331236999908299 ], [ -151.54425200011201, 59.646567000191901 ], [ -151.904750000184009, 59.683484000093898 ], [ -152.049768999865989, 59.823703999898697 ], [ -151.563929999754009, 60.412589000095501 ], [ -151.26871500042401, 60.553104000203902 ], [ -151.591859000128011, 60.709069999815597 ], [ -151.591859000128011, 60.867467000134297 ], [ -149.858412999568003, 61.217557000034397 ] ] } },
{ "type": "Feature", "properties": { "OBJECTID": 153, "cable_id": 1532, "Name": "ECLink", "color": "#6c70b5", "length": "987 km", "rfs": "October 2007", "owners": "C&W Networks", "url": "http://www.columbus-networks.com", "Symbol": 7, "year": 2007 }, "geometry": { "type": "LineString", "coordinates": [ [ -61.649296000145597, 10.6876960000361 ], [ -61.649296000145597, 11.3426830001842 ], [ -64.432009000290904, 11.3426830001842 ], [ -65.351880999976601, 11.023568000085699 ], [ -68.924095999939794, 11.9745829996717 ], [ -68.892650000006995, 12.0904369996532 ] ] } },
{ "type": "Feature", "properties": { "OBJECTID": 154, "cable_id": 1534, "Name": "Tata TGN-Intra Asia (TGN-IA)", "color": "#38bced", "length": "6,700 km", "rfs": "March 2009", "owners": "Tata Communications", "url": "http://www.tatacommunications.com", "Symbol": 9, "year": 2009 }, "geometry": { "type": "MultiLineString", "coordinates": [ [ [ 115.154485000343996, 9.371726000099789 ], [ 110.635835999926996, 4.24107499956352 ], [ 104.367676000024005, 1.31046600039231 ], [ 104.182618000267993, 1.2763920003552 ], [ 103.987012000413003, 1.38944699996311 ] ], [ [ 107.079197999890994, 10.342133999581 ], [ 115.154485000343996, 9.371726000099789 ] ], [ [ 120.678614921510004, 19.164363473739499 ], [ 118.328310999568004, 17.8254220000216 ], [ 118.013272000106994, 15.4532320000061 ], [ 117.269131999916993, 11.7490359996604 ], [ 115.154485000343996, 9.371726000099789 ] ], [ [ 120.678614921510004, 19.164363473739499 ], [ 121.513073999951999, 18.418302999578898 ] ], [ [ 120.678602000143002, 19.1643750001884 ], [ 120.678614921510004, 19.164363473739499 ] ], [ [ 121.259035845461, 19.493386389425499 ], [ 120.678614921510004, 19.164363473739499 ] ], [ [ 121.259035845461, 19.493386389425499 ], [ 121.541297000054001, 19.449621999674498 ] ], [ [ 114.183977999907, 22.249619999626201 ], [ 118.060927999629001, 19.988418999916298 ], [ 121.259035845461, 19.493386389425499 ] ], [ [ 141.476145999866986, 23.3055940001138 ], [ 129.610528999758998, 21.679499000181099 ], [ 125.468931000032995, 18.846565999697599 ], [ 121.267272999561001, 19.498050999815199 ], [ 121.259035845461, 19.493386389425499 ] ] ] } },
{ "type": "Feature", "properties": { "OBJECTID": 155, "cable_id": 1535, "Name": "Matrix Cable System", "color": "#f89635", "length": "1,055 km", "rfs": "August 2008", "owners": "Matrix Networks Pte. Ltd.", "url": "http://www.matrixnetworks.sg", "Symbol": 5, "year": 2008 }, "geometry": { "type": "MultiLineString", "coordinates": [ [ [ 105.640917000228995, 1.2366560003038 ], [ 107.026854000124999, -1.40207099963629 ], [ 107.026854000124999, -4.57468399989861 ], [ 106.936326999613996, -5.32197999976392 ], [ 106.833397000397994, -6.17158700020941 ] ], [ [ 105.640917000228995, 1.2366560003038 ], [ 104.346973000183993, 1.25325300005601 ], [ 104.166114000053, 1.23060199974051 ], [ 104.019922000036004, 1.21263800033361 ], [ 103.962597999948002, 1.1347250003427 ] ], [ [ 103.987012000413003, 1.38944699996311 ], [ 104.194434000238999, 1.30919600042993 ], [ 104.382421999922997, 1.35147000003147 ], [ 105.553123999826994, 1.40370099986304 ], [ 105.640917000228995, 1.2366560003038 ] ] ] } },
{ "type": "Feature", "properties": { "OBJECTID": 156, "cable_id": 1536, "Name": "IMEWE", "color": "#565da6", "length": "12,091 km", "rfs": "December 2010", "owners": "Telecom Italia Sparkle,  Etisalat,  Tata Communications,  Pakistan Telecommunications Company Ltd.,  Orange,  Airtel (Bharti),  Saudi Telecom,  Ogero,  Telecom Egypt", "url": "http://imewecable.com", "Symbol": 17, "year": 2010 }, "geometry": { "type": "MultiLineString", "coordinates": [ [ [ 64.335185000080401, 16.189845000333399 ], [ 67.807349999629196, 17.085931999676799 ] ], [ [ 67.807349999629196, 17.085931999676799 ], [ 70.542700000155804, 17.788975000262301 ], [ 72.578245000274407, 18.887781000150799 ], [ 72.875901999636099, 19.076074000258199 ] ], [ [ 38.364206999750799, 21.803407999800399 ], [ 42.142818000416803, 15.6607689996157 ], [ 42.704048000255902, 13.9526200003307 ], [ 43.681977000148301, 12.295185000342601 ], [ 44.097601999600798, 12.304916999665901 ], [ 44.468303999815902, 11.6755019997841 ], [ 45.811663000421802, 11.3442149999542 ], [ 64.335185000080401, 16.189845000333399 ] ], [ [ 38.364206999750799, 21.803407999800399 ], [ 39.182761000049098, 21.481532000197301 ] ], [ [ 67.028542000399298, 24.889728000017701 ], [ 67.807349999629196, 17.085931999676799 ] ], [ [ 56.333725999930003, 25.121692999774499 ], [ 62.162725999624598, 23.814845999708901 ], [ 64.335185000080401, 16.189845000333399 ] ], [ [ 32.529933999831201, 29.9725420001967 ], [ 32.892140999815403, 28.973172000082901 ], [ 33.882960000279802, 27.8148199998808 ], [ 34.990674000059002, 27.080965000053901 ], [ 38.364206999750799, 21.803407999800399 ] ], [ [ 32.529933999831201, 29.9725420001967 ], [ 32.099661000388899, 30.650103999641601 ], [ 30.7990759997904, 31.249092999939201 ], [ 29.8935099997877, 31.191469000025101 ] ], [ [ 29.8935099997877, 31.191469000025101 ], [ 30.748197000437798, 31.1673230000922 ], [ 32.048782000137997, 30.567651999795199 ], [ 32.529933999831201, 29.9725420001967 ] ], [ [ 28.589214000359998, 32.362484000168401 ], [ 29.8935099997877, 31.191469000025101 ] ], [ [ 35.859228999825802, 34.439742000065401 ], [ 32.295559000322299, 32.815683999837603 ], [ 28.589214000359998, 32.362484000168401 ] ], [ [ 16.692347999963001, 35.1212720000877 ], [ 17.4804329999467, 34.094001000066903 ], [ 28.323979999650899, 32.598914000061903 ], [ 28.589214000359998, 32.362484000168401 ] ], [ [ 15.0674460002232, 37.513447999740698 ], [ 16.692347999963001, 35.1212720000877 ] ], [ [ 5.37253100008015, 43.293627000000399 ], [ 8.35485299988634, 37.4269510002025 ], [ 11.3994799999272, 37.419738000302701 ], [ 13.6359040001261, 35.5778359998939 ], [ 16.692347999963001, 35.1212720000877 ] ] ] } },
{ "type": "Feature", "properties": { "OBJECTID": 157, "cable_id": 1538, "Name": "Concerto", "color": "#f04230", "length": "550 km", "rfs": "1999", "owners": "Interoute", "url": null, "Symbol": 6, "year": 1999 }, "geometry": { "type": "LineString", "coordinates": [ [ 1.62028800001391, 52.207211999960002 ], [ 1.77868599998988, 52.170691999834602 ], [ 1.61325700037114, 52.180932000141603 ], [ 3.20690800017181, 51.330942000255099 ], [ 3.84245400021042, 51.9886629999192 ], [ 4.52721900009311, 52.370703999929198 ], [ 1.62028800001391, 52.207211999960002 ] ] } },
{ "type": "Feature", "properties": { "OBJECTID": 158, "cable_id": 1539, "Name": "Pan European Crossing (UK-Belgium)", "color": "#ffd633", "length": "117 km", "rfs": "1999", "owners": "Level 3", "url": null, "Symbol": 18, "year": 1999 }, "geometry": { "type": "LineString", "coordinates": [ [ 1.44099100038007, 51.358574999960403 ], [ 2.96188900030364, 51.2466600001434 ] ] } },
{ "type": "Feature", "properties": { "OBJECTID": 159, "cable_id": 1541, "Name": "Danica North", "color": "#f04230", "length": "25 km", "rfs": "1998", "owners": "TeliaSonera", "url": null, "Symbol": 6, "year": 1998 }, "geometry": { "type": "LineString", "coordinates": [ [ 12.9555339996861, 55.7705779998632 ], [ 12.545573000270901, 55.720777999849098 ] ] } },
{ "type": "Feature", "properties": { "OBJECTID": 160, "cable_id": 1544, "Name": "Scandinavian Ring North", "color": "#8dc851", "length": "5 km", "rfs": "2000", "owners": "TeliaSonera", "url": null, "Symbol": 11, "year": 2000 }, "geometry": { "type": "LineString", "coordinates": [ [ 12.6404950002253, 56.070691999756399 ], [ 12.695768000094001, 56.043918999935698 ], [ 12.6702799999264, 56.0055539997553 ], [ 12.6132489997416, 56.033390000184397 ], [ 12.6404950002253, 56.070691999756399 ] ] } },
{ "type": "Feature", "properties": { "OBJECTID": 161, "cable_id": 1545, "Name": "Scandinavian Ring South", "color": "#0982c5", "length": "21 km", "rfs": "2000", "owners": "TeliaSonera", "url": null, "Symbol": 13, "year": 2000 }, "geometry": { "type": "LineString", "coordinates": [ [ 12.6702799999264, 55.593735999945203 ], [ 12.8168619999312, 55.587664999931597 ], [ 12.9188150004266, 55.556802000006897 ], [ 12.795573000286, 55.544814000001502 ], [ 12.6702799999264, 55.593735999945203 ] ] } },
{ "type": "Feature", "properties": { "OBJECTID": 162, "cable_id": 1547, "Name": "Pan European Crossing (UK-Ireland)", "color": "#ffd633", "length": "495 km", "rfs": "September 2000", "owners": "Level 3", "url": null, "Symbol": 18, "year": 2000 }, "geometry": { "type": "MultiLineString", "coordinates": [ [ [ -4.54440500037365, 50.828203000114399 ], [ -6.36486299973996, 52.401756999983199 ] ], [ [ -6.55880800026187, 52.1842560000565 ], [ -5.72516599975779, 50.720502000225402 ], [ -5.69845699957452, 50.078697000071699 ] ] ] } },
{ "type": "Feature", "properties": { "OBJECTID": 163, "cable_id": 1551, "Name": "Gemini Bermuda", "color": "#38bced", "length": "1,287 km", "rfs": "October 2007", "owners": "C&W Networks", "url": "http://www.cwc.com", "Symbol": 9, "year": 2007 }, "geometry": { "type": "LineString", "coordinates": [ [ -74.047089999787104, 40.1234899999588 ], [ -65.287574999751499, 33.276627000245597 ], [ -64.810671000086401, 32.247753000013397 ] ] } },
{ "type": "Feature", "properties": { "OBJECTID": 164, "cable_id": 1552, "Name": "SEACOM/Tata TGN-Eurasia", "color": "#1ca5de", "length": "15,000 km", "rfs": "July 2009", "owners": "Industrial Promotion Services,  Remgro Limited,  Herakles Telecom LLC,  Convergence Partners,  Shanduka,  Tata Communications", "url": "http://www.seacom.mu", "Symbol": 19, "year": 2009 }, "geometry": { "type": "MultiLineString", "coordinates": [ [ [ 36.447802000232997, -26.003910000234299 ], [ 34.590382000136401, -29.1660989996791 ], [ 31.757962000250402, -28.950555000019602 ] ], [ [ 32.5806180000884, -25.968270000311499 ], [ 36.447802000232997, -26.003910000234299 ] ], [ [ 42.873970000124999, -6.79540000042033 ], [ 39.269674999844199, -6.82313199991862 ] ], [ [ 42.873970000124999, -6.79540000042033 ], [ 41.496041000388097, -16.987173999867 ], [ 36.447802000232997, -26.003910000234299 ] ], [ [ 43.248383000067697, -3.97158399987161 ], [ 39.672898000417902, -4.05292699964146 ] ], [ [ 43.248383000067697, -3.97158399987161 ], [ 42.873970000124999, -6.79540000042033 ] ], [ [ 43.147992999894598, 11.594869000206799 ], [ 44.1271910003816, 12.020529999671901 ] ], [ [ 44.1271910003816, 12.020529999671901 ], [ 43.999944999712099, 12.2261900001175 ], [ 43.683734999566099, 12.2482360002177 ], [ 42.663814000189198, 13.9651299999088 ], [ 42.0354939997871, 15.5448899997839 ], [ 38.249948999562697, 21.713525000288001 ] ], [ [ 52.723571999618301, 13.003059000017799 ], [ 45.882073000001697, 11.227283000153401 ], [ 45.235003000070002, 11.205922000373 ], [ 44.386859000064398, 11.6005130003976 ], [ 44.1271910003816, 12.020529999671901 ] ], [ [ 52.723571999618301, 13.003059000017799 ], [ 52.912633999902503, 12.259686999605799 ], [ 48.559707999730001, 2.89265000001885 ], [ 43.316352000339599, -3.45850600043666 ], [ 43.248383000067697, -3.97158399987161 ] ], [ [ 72.875901999636099, 19.076074000258199 ], [ 72.605002999963205, 18.932311000008799 ], [ 70.692894999978805, 17.605789999601999 ], [ 63.388018000405502, 15.7470710000359 ], [ 52.723571999618301, 13.003059000017799 ] ], [ [ 38.249948999562697, 21.713525000288001 ], [ 39.182761000049098, 21.481532000197301 ] ], [ [ 38.249948999562697, 21.713525000288001 ], [ 34.879248999714399, 26.999201999970499 ], [ 33.903273000131698, 27.730832999850499 ], [ 33.3022970001225, 28.276273000388201 ], [ 32.613722999704699, 29.104229999613501 ] ] ] } },
{ "type": "Feature", "properties": { "OBJECTID": 165, "cable_id": 1554, "Name": "Colombia-Florida Subsea Fiber (CFX-1)", "color": "#ffd633", "length": "2,400 km", "rfs": "August 2008", "owners": "C&W Networks", "url": "http://www.columbus-networks.com", "Symbol": 18, "year": 2008 }, "geometry": { "type": "MultiLineString", "coordinates": [ [ [ -74.746064000166797, 17.492100999763299 ], [ -75.934344999813504, 17.918366000132998 ], [ -76.184344000003705, 17.918366000132998 ] ], [ [ -80.088931999846295, 26.350585999604899 ], [ -77.700945000393801, 25.051821999743701 ], [ -74.085567000260895, 20.772841999854499 ], [ -74.654072000140303, 18.027419000112001 ], [ -75.684637999701394, 11.9431510000337 ], [ -75.505731999879799, 10.3868030001093 ] ] ] } },
{ "type": "Feature", "properties": { "OBJECTID": 166, "cable_id": 1555, "Name": "Trapani-Kelibia", "color": "#f37380", "length": "209 km", "rfs": "November 1995", "owners": "Tunisia Telecom,  Telecom Italia Sparkle", "url": null, "Symbol": 14, "year": 1995 }, "geometry": { "type": "LineString", "coordinates": [ [ 11.090887000128101, 36.849935999722803 ], [ 11.4410820003226, 36.677978999795599 ], [ 12.1730149998304, 37.457577000237499 ], [ 12.1056320002627, 37.818872000133901 ], [ 12.513737000350799, 38.018250000138998 ] ] } },
{ "type": "Feature", "properties": { "OBJECTID": 167, "cable_id": 1556, "Name": "Honotua", "color": "#7ac252", "length": "4,805 km", "rfs": "September 2010", "owners": "OPT French Polynesia", "url": "http://www.opt.pf", "Symbol": 23, "year": 2010 }, "geometry": { "type": "LineString", "coordinates": [ [ -155.856358000412001, 20.003744000344899 ], [ -156.291464999688003, 18.7014039999451 ], [ -149.441080000027995, -17.512152999700799 ], [ -149.574820000040006, -17.3544159998144 ], [ -149.829506999576012, -17.538321000023601 ], [ -149.724379999652996, -17.323001000034601 ], [ -150.675600000260999, -16.729599999877799 ], [ -150.999964999980989, -16.729599999877799 ], [ -150.928382999890999, -16.3846589999436 ], [ -151.144643000080009, -16.3846589999436 ], [ -151.442983000229987, -16.730535000271001 ], [ -151.373987999935991, -16.319440000343899 ], [ -151.749476000305009, -16.5058559998525 ] ] } },
{ "type": "Feature", "properties": { "OBJECTID": 168, "cable_id": 1558, "Name": "Middle East North Africa (MENA) Cable System/Gulf Bridge International", "color": "#f4878f", "length": "8,000 km", "rfs": "December 2014", "owners": "MENA,  Gulf Bridge International", "url": "http://www.mena-scs.com", "Symbol": 16, "year": 2014 }, "geometry": { "type": "MultiLineString", "coordinates": [ [ [ 43.6432069997715, 11.5330639998829 ], [ 43.147992999894598, 11.594869000206799 ] ], [ [ 43.6432069997715, 11.5330639998829 ], [ 43.831000000359602, 11.213488999724699 ], [ 61.891631999958001, 16.025186999693101 ], [ 60.015167999705596, 23.1449550001788 ], [ 58.240559999864402, 24.106840000023901 ], [ 58.176205000133898, 23.684878999638201 ] ], [ [ 37.785691999896898, 21.190359000126001 ], [ 41.451704999883297, 15.212129999736399 ], [ 42.440376000044303, 13.933853000187799 ], [ 43.524164000153299, 12.131877000174899 ], [ 43.415277999924399, 11.930443999589301 ], [ 43.468696000290997, 11.8298149998509 ], [ 43.6432069997715, 11.5330639998829 ] ], [ [ 37.785691999896898, 21.190359000126001 ], [ 39.182761000049098, 21.481532000197301 ] ], [ [ 32.653175999971801, 29.1136160000163 ], [ 33.786280999834197, 27.424147999870701 ], [ 37.785691999896898, 21.190359000126001 ] ], [ [ 29.700931999769601, 31.072266999644398 ], [ 30.2902869998013, 30.427297000101198 ], [ 31.590872000399902, 29.823118000358399 ], [ 32.653175999971801, 29.1136160000163 ] ], [ [ 29.700931999769601, 31.072266999644398 ], [ 30.341166000052201, 30.5098689999562 ], [ 31.641750999752499, 29.906112000287699 ], [ 32.653175999971801, 29.1136160000163 ] ], [ [ 12.5913740002905, 37.650583999948402 ], [ 11.426922000229499, 36.337160000024497 ], [ 13.201334000252199, 34.838018999989501 ], [ 28.767534000375601, 32.684847000281302 ], [ 29.700931999769601, 31.072266999644398 ] ] ] } },
{ "type": "Feature", "properties": { "OBJECTID": 169, "cable_id": 1559, "Name": "SeaMeWe-5", "color": "#9ea0a2", "length": "20,000 km", "rfs": "November 2016", "owners": "Telekom Malaysia,  Bangladesh Telegraph and Telephone Board (BTTB),  China Mobile,  China Telecom,  Orange,  Myanmar Post and Telecommunication (MPT),  Saudi Telecom,  Sri Lanka Telecom,  Telkom Indonesia,  TOT,  SingTel,  Telecom Italia Sparkle,  TeleYemen,  China Unicom,  du,  Turk Telekom International,  TransWorld Associates (Pvt.) Limited", "url": "http://www.seamewe5.com", "Symbol": 0, "year": 2016 }, "geometry": { "type": "MultiLineString", "coordinates": [ [ [ 103.646094999899006, 1.33858299963515 ], [ 103.555176999574996, 1.21849599976482 ], [ 103.464063000330995, 1.23724200006641 ], [ 103.023439000432006, 1.39501199997668 ], [ 102.181153999559001, 2.01621799983528 ] ], [ [ 102.220899999728999, 2.27326400027697 ], [ 102.181153999559001, 2.01621799983528 ] ], [ [ 101.460061000229004, 2.54782500014789 ], [ 101.328518000025994, 2.15245599982087 ], [ 101.316506000236998, 1.89382800026921 ], [ 101.447658999553994, 1.66552099968763 ] ], [ [ 101.460061000229004, 2.54782500014789 ], [ 102.181153999559001, 2.01621799983528 ] ], [ [ 98.987895000017701, 4.36864300007671 ], [ 98.675980999580105, 3.75203399974194 ] ], [ [ 98.987895000017701, 4.36864300007671 ], [ 101.460061000229004, 2.54782500014789 ] ], [ [ 97.963286000396806, 5.12210000042382 ], [ 98.987895000017701, 4.36864300007671 ] ], [ [ 97.963286000396806, 5.12210000042382 ], [ 98.541899000160001, 5.50122599991771 ], [ 99.644729999701497, 6.35715999968442 ], [ 99.679691000441494, 6.43004400022234 ], [ 99.775687000098401, 6.46488099990441 ], [ 99.853128000219499, 6.53561499960849 ], [ 100.066116999998997, 6.61351700022683 ] ], [ [ 89.935361999562303, 7.88275700040508 ], [ 93.572957000351394, 7.64278899988867 ], [ 95.706354000352306, 6.77839999991872 ], [ 97.963286000396806, 5.12210000042382 ] ], [ [ 43.147992999894598, 11.594869000206799 ], [ 44.513519000029603, 12.256156000248399 ] ], [ [ 70.385766999694596, 12.0691420002528 ], [ 76.384688000331707, 7.49196599960006 ], [ 79.745916000330894, 5.94082099970896 ], [ 80.539861000170404, 5.94082099970896 ], [ 81.861930000407796, 5.51357100009592 ], [ 89.935361999562303, 7.88275700040508 ] ], [ [ 70.385766999694596, 12.0691420002528 ], [ 71.265257999898793, 16.881858999905798 ], [ 72.875901999636099, 19.076074000258199 ] ], [ [ 44.513519000029603, 12.256156000248399 ], [ 44.740960999804997, 11.8984339997542 ], [ 44.854045999657998, 11.895757999683999 ], [ 57.972884999847203, 15.4120950004232 ], [ 62.558623999929402, 14.580487000179801 ] ], [ [ 62.558623999929402, 14.580487000179801 ], [ 70.385766999694596, 12.0691420002528 ] ], [ [ 62.558623999929402, 14.580487000179801 ], [ 60.142120999573798, 23.295458999941999 ] ], [ [ 43.008540000340098, 14.685653000343599 ], [ 42.699652999914903, 14.7137079998456 ] ], [ [ 42.699652999914903, 14.7137079998456 ], [ 42.907954000348496, 13.993179999928399 ], [ 43.8190859995808, 12.428160999829901 ], [ 44.362543000406902, 12.4933840003751 ], [ 44.513519000029603, 12.256156000248399 ] ], [ [ 94.391217999848394, 16.858028000099399 ], [ 90.051378000066507, 16.910078000347202 ] ], [ [ 90.051378000066507, 16.910078000347202 ], [ 89.935361999562303, 7.88275700040508 ] ], [ [ 90.116612000404203, 21.820814999887801 ], [ 90.051378000066507, 16.910078000347202 ] ], [ [ 60.142120999573798, 23.295458999941999 ], [ 58.402180999671202, 24.133133999871799 ] ], [ [ 58.004427999864397, 23.679601999742101 ], [ 58.402180999671202, 24.133133999871799 ] ], [ [ 37.492625999796502, 23.743621000210499 ], [ 38.326413999890498, 22.391001000088199 ], [ 38.633640999908899, 21.769764999620101 ], [ 39.006883000064697, 21.1737860000671 ], [ 39.682761000079303, 20.226482000085099 ], [ 42.357465999879601, 15.892329000377201 ], [ 42.699652999914903, 14.7137079998456 ] ], [ [ 38.106981000099303, 24.070644999754201 ], [ 37.492625999796502, 23.743621000210499 ] ], [ [ 58.402180999671202, 24.133133999871799 ], [ 56.333725999930003, 25.121692999774499 ] ], [ [ 67.028542000399298, 24.889728000017701 ], [ 60.142120999573798, 23.295458999941999 ] ], [ [ 32.653175999971801, 29.1136160000163 ], [ 33.950635999750403, 27.813264999981499 ], [ 34.153663000134102, 27.696943000247099 ], [ 35.239893000274499, 27.234759999910601 ], [ 37.492625999796502, 23.743621000210499 ] ], [ [ 29.700931999769601, 31.072266999644398 ], [ 30.087065000322301, 30.096652000325101 ], [ 31.3876500000225, 29.4901980002935 ], [ 32.653175999971801, 29.1136160000163 ] ], [ [ 29.700931999769601, 31.072266999644398 ], [ 30.137845999765599, 30.179416999813 ], [ 31.438431000364101, 29.573551999798099 ], [ 32.653175999971801, 29.1136160000163 ] ], [ [ 27.553374999675601, 33.872692999827599 ], [ 29.700931999769601, 31.072266999644398 ] ], [ [ 27.553374999675601, 33.872692999827599 ], [ 28.400834999966001, 36.246640999692801 ], [ 28.253570000070901, 36.8552489999296 ] ], [ [ 16.029359999622098, 35.537953999668801 ], [ 27.553374999675601, 33.872692999827599 ] ], [ [ 16.029359999622098, 35.537953999668801 ], [ 15.906508000367101, 37.192690000071003 ], [ 15.0674460002232, 37.513447999740698 ] ], [ [ 5.93034300009474, 43.1252929999538 ], [ 7.8375689996663, 39.3802089999553 ], [ 8.512567999972029, 38.226064000182298 ], [ 10.0000669996531, 38.222228000044304 ], [ 11.1474300004163, 37.852344999781202 ], [ 13.72418600025, 35.805305999786597 ], [ 14.4879549996779, 35.6953790003531 ], [ 15.1719379999361, 35.660555000315703 ], [ 16.029359999622098, 35.537953999668801 ] ] ] } },
{ "type": "Feature", "properties": { "OBJECTID": 170, "cable_id": 1560, "Name": "West African Cable System (WACS)", "color": "#548f51", "length": "14,916 km", "rfs": "May 2012", "owners": "Broadband Infraco,  Telkom South Africa,  Vodacom DRC,  MTN Group,  Tata Communications,  Togo Telecom,  Telecom Namibia,  Office Congolais de Poste et Télécommunication,  Congo Telecom,  Portugal Telecom,  Angola Cables,  Cape Verde Telecom,  Vodafone Espana,  Vodafone,  Neotel,  PCCW,  Botswana Fibre Networks", "url": "http://wacscable.com", "Symbol": 12, "year": 2012 }, "geometry": { "type": "MultiLineString", "coordinates": [ [ [ 18.155530000161701, -33.348060999647501 ], [ 16.5426410000366, -33.594968000026803 ], [ 7.55202200000361, -24.1186330002107 ], [ 7.55036199959681, -23.055426000059001 ] ], [ [ 7.55036199959681, -23.055426000059001 ], [ 7.55817399993748, -18.366715000116901 ], [ 7.57038099972087, -10.726779999832599 ] ], [ [ 14.5334619999695, -22.685433000154301 ], [ 7.55036199959681, -23.055426000059001 ] ], [ [ 7.57038099972087, -10.726779999832599 ], [ 13.2350260003976, -8.81256499966649 ] ], [ [ 7.57038099972087, -10.726779999832599 ], [ 7.55036199959681, -6.9221230001674 ] ], [ [ 7.55036199959681, -6.9221230001674 ], [ 7.57760800008054, -4.62841700000681 ] ], [ [ 12.3499680002405, -5.93337100040566 ], [ 7.55036199959681, -6.9221230001674 ] ], [ [ 7.57760800008054, -4.62841700000681 ], [ 11.8636400004068, -4.77878699975804 ] ], [ [ 7.57760800008054, -4.62841700000681 ], [ 7.57907299959531, -3.97275300041347 ], [ 5.28962099991551, 0.360285000423546 ] ], [ [ -2.46608600024776, 0.360285000423546 ], [ -10.7868319998869, 0.360285000423546 ], [ -20.694295999593301, 14.362721000143001 ], [ -20.694295999593301, 15.066582000116499 ] ], [ [ -1.19758099996676, 0.360285000423546 ], [ -2.46608600024776, 0.360285000423546 ] ], [ [ 0.77019099969852, 0.360285000423546 ], [ -1.19758099996676, 0.360285000423546 ] ], [ [ 4.29665300022107, 0.360285000423546 ], [ 0.77019099969852, 0.360285000423546 ] ], [ [ 5.28962099991551, 0.360285000423546 ], [ 4.29665300022107, 0.360285000423546 ] ], [ [ 5.28962099991551, 0.360285000423546 ], [ 9.208660999929251, 4.01471099960714 ] ], [ [ -4.02624099972151, 5.32350599960536 ], [ -2.46608600024776, 0.360285000423546 ] ], [ [ -0.20432000036937, 5.55828300033293 ], [ -1.19758099996676, 0.360285000423546 ] ], [ [ 1.22780800043201, 6.12631100031669 ], [ 0.77019099969852, 0.360285000423546 ] ], [ [ 3.4235089999444, 6.43906899965545 ], [ 4.29665300022107, 0.360285000423546 ] ], [ [ -23.505621999827799, 14.9353719999178 ], [ -20.694295999593301, 15.066582000116499 ] ], [ [ -20.694295999593301, 15.066582000116499 ], [ -20.694295999593301, 20.304351000132801 ], [ -17.095958999975899, 25.026429000053898 ], [ -17.095958999975899, 27.615633999993701 ] ], [ [ -17.095958999975899, 27.615633999993701 ], [ -15.3695930003606, 27.615633999993701 ], [ -15.254064999753, 27.870948000288202 ], [ -15.398742999851899, 27.959398000073801 ] ], [ [ -17.095958999975899, 27.615633999993701 ], [ -17.095958999975899, 29.392310999635001 ], [ -9.107438999902991, 38.642659000115103 ], [ -11.4058750004336, 38.001706999812697 ], [ -13.8308730001218, 38.139475999681999 ], [ -15.4261840003293, 38.886475000119503 ], [ -15.4261840003293, 48.796343000053902 ], [ -4.44118200035705, 51.289156000141098 ], [ -2.9748750002368, 51.222445999816799 ] ] ] } },
{ "type": "Feature", "properties": { "OBJECTID": 171, "cable_id": 1561, "Name": "Moratelindo International Cable System-1 (MIC-1)", "color": "#8dc851", "length": "70 km", "rfs": "January 2008", "owners": "Moratelindo", "url": "http://www.moratelindo.co.id", "Symbol": 11, "year": 2008 }, "geometry": { "type": "LineString", "coordinates": [ [ 103.987012000413003, 1.38944699996311 ], [ 103.962597999948002, 1.1347250003427 ] ] } },
{ "type": "Feature", "properties": { "OBJECTID": 172, "cable_id": 1563, "Name": "Caucasus Cable System", "color": "#38bced", "length": "1,200 km", "rfs": "November 2008", "owners": "Caucasus Online", "url": "http://www.co.ge/en/", "Symbol": 9, "year": 2008 }, "geometry": { "type": "LineString", "coordinates": [ [ 41.667524999856298, 42.1467529997947 ], [ 28.167437000075299, 43.414625000185197 ] ] } },
{ "type": "Feature", "properties": { "OBJECTID": 173, "cable_id": 1565, "Name": "Main One", "color": "#f4878f", "length": "7,000 km", "rfs": "July 2010", "owners": "Main One Cable Company", "url": "http://www.mainonecable.com", "Symbol": 16, "year": 2010 }, "geometry": { "type": "MultiLineString", "coordinates": [ [ [ 0.307984000426913, 0.732533000080795 ], [ 3.11540400004198, 0.732533000080795 ], [ 3.4235089999444, 6.43906899965545 ] ], [ [ -0.20432000036937, 5.55828300033293 ], [ 0.307984000426913, 0.732533000080795 ] ], [ [ -9.107438999902991, 38.642659000115103 ], [ -10.427847999733601, 34.795848000168 ], [ -10.1061690004423, 33.849094999815598 ], [ -14.3824839997987, 28.896937000265599 ], [ -14.3824839997987, 28.037778000127702 ], [ -20.3162199996037, 20.306091999672301 ], [ -20.3162199996037, 14.3944110003837 ], [ -10.646451000219701, 0.732533000080795 ], [ 0.307984000426913, 0.732533000080795 ] ] ] } },
{ "type": "Feature", "properties": { "OBJECTID": 174, "cable_id": 1567, "Name": "Alaska United Southeast", "color": "#895c3c", "length": "626 km", "rfs": "November 2008", "owners": "GCI", "url": "http://www.alaskaunited.com", "Symbol": 8, "year": 2008 }, "geometry": { "type": "MultiLineString", "coordinates": [ [ [ -136.948217000119001, 54.454563000047102 ], [ -134.466529999654995, 56.033580999793898 ], [ -134.415456000308012, 56.466475000037597 ], [ -134.524733000350011, 56.8494980002258 ], [ -134.457544999877001, 56.942275999866098 ], [ -134.285279999711008, 56.999311000061397 ], [ -134.183815000011009, 57.059657000194399 ], [ -134.100806999936992, 57.145000000014697 ], [ -133.916334999986987, 57.220102000088502 ], [ -133.658131999819005, 57.2296710001146 ] ], [ [ -135.334399999880986, 57.053018999902399 ], [ -135.476148000052007, 57.142854000066798 ], [ -135.56560099996301, 57.256327999876703 ], [ -135.620142000436005, 57.292940999969503 ], [ -135.684742000389008, 57.327909999961001 ], [ -135.702906000112989, 57.351546000170202 ], [ -135.652369000167994, 57.376640999801197 ], [ -135.616920000430014, 57.397641999782799 ], [ -135.572338999702993, 57.431537999868702 ], [ -135.529761000413004, 57.465797000234303 ], [ -135.532398000438008, 57.507002000077499 ], [ -135.532398000438008, 57.5492080001193 ], [ -135.505396000350999, 57.568539000149599 ], [ -135.418579999566987, 57.583775999810697 ], [ -135.32531800001999, 57.563746000027201 ], [ -135.163111000407014, 57.497348000129101 ], [ -135.059791000306006, 57.449880000181103 ], [ -134.969751999690999, 57.430459999987001 ], [ -134.857251999818999, 57.415896000052101 ], [ -134.771704999629009, 57.425570999832601 ], [ -134.582252000430998, 57.501939000068603 ], [ -134.752760000106008, 57.594611000199002 ], [ -134.802857999659011, 57.734649000103097 ], [ -134.852858000200996, 58.012977999779302 ], [ -134.897290999891993, 58.107211000127798 ], [ -134.741724999934007, 58.1282040000969 ], [ -134.636158999620989, 58.212978000080803 ], [ -134.711744000414996, 58.291673999835503 ], [ -134.679517999609004, 58.334249999891298 ], [ -134.598267999851004, 58.348421999798298 ], [ -134.529224999876988, 58.348421999798298 ], [ -134.400806999595005, 58.299576999946801 ], [ -134.295826999985991, 58.237095999885803 ], [ -134.136548999577997, 58.165131000212597 ], [ -134.124831000413991, 58.101251000072601 ], [ -133.991431999985991, 57.9864040000611 ], [ -133.824732999947997, 57.823712000059302 ], [ -133.802564999695988, 57.7078949998468 ], [ -133.691433000151989, 57.558770000163697 ], [ -133.664771999649986, 57.3730349998932 ], [ -133.630495000421007, 57.313963000054201 ], [ -133.658131999819005, 57.2296710001146 ] ], [ [ -133.658131999819005, 57.2296710001146 ], [ -133.685769000114988, 57.1376620000418 ], [ -133.516335000142988, 57.094423000009598 ], [ -133.232936999710006, 57.051159999865099 ], [ -133.008229999869002, 57.020979000209699 ], [ -132.970242000014991, 56.983298000043703 ], [ -132.901101000131007, 56.913365999888299 ], [ -132.969851000202993, 56.807794000063403 ], [ -132.796609000417988, 56.819420000104998 ], [ -132.697780999844014, 56.778780000149602 ], [ -132.629323999675989, 56.729685000196604 ], [ -132.59895300016899, 56.690020000168701 ], [ -132.569362999562998, 56.626737999844501 ], [ -132.502077999904998, 56.597825000175597 ], [ -132.458230000194987, 56.559151000245301 ], [ -132.383816000086, 56.4707899999365 ], [ -132.459011999819012, 56.386224000197203 ], [ -132.519753999731989, 56.368054999972102 ], [ -132.591823999718002, 56.350471999856303 ], [ -132.597194999853002, 56.313170999835997 ], [ -132.626003999760002, 56.2596449997517 ], [ -132.729714999674002, 56.232895000200401 ], [ -132.84104299993399, 56.190506000241598 ], [ -132.855007000207991, 56.127040000187101 ], [ -132.741824000446002, 56.0667940000437 ], [ -132.613504000073988, 56.006344999890104 ], [ -132.451491999556993, 55.892666000162102 ], [ -132.34348400011001, 55.79764999983 ], [ -132.276003999560004, 55.633777000246702 ], [ -132.133621000077, 55.5267429997999 ], [ -131.975516000004006, 55.452133999836498 ], [ -131.913308999679003, 55.466198000043697 ], [ -131.825321000180992, 55.434269999855303 ], [ -131.647879000048988, 55.341966999795901 ], [ -131.627859999924993, 55.180532999872703 ], [ -131.747586000332007, 54.993632000150498 ], [ -131.729128999806989, 54.768832000049002 ], [ -132.063309000407003, 54.439629000134602 ], [ -132.924148000092003, 54.5114089998861 ], [ -136.045581000043995, 52.425881999839397 ] ] ] } },
{ "type": "Feature", "properties": { "OBJECTID": 175, "cable_id": 1568, "Name": "DANICE", "color": "#f04230", "length": "2,304 km", "rfs": "August 2009", "owners": "Icelandic Shareholders", "url": "http://www.farice.is", "Symbol": 6, "year": 2009 }, "geometry": { "type": "LineString", "coordinates": [ [ -20.666414999798199, 63.733185000130803 ], [ -20.198398000001099, 63.029072000145 ], [ -5.7658879997211, 60.420977999957103 ], [ 0.145776999915833, 61.881139999928699 ], [ 6.71540199989102, 56.899982000170397 ], [ 8.32916999972503, 55.751649000219103 ] ] } },
{ "type": "Feature", "properties": { "OBJECTID": 176, "cable_id": 1569, "Name": "Greenland Connect", "color": "#38bced", "length": "4,780 km", "rfs": "March 2009", "owners": "TELE Greenland", "url": "http://www.tele.gl", "Symbol": 9, "year": 2009 }, "geometry": { "type": "MultiLineString", "coordinates": [ [ [ -53.965903000366602, 48.186400000075402 ], [ -53.050375999894896, 48.278023000187602 ], [ -51.291784000372097, 49.338069000092403 ], [ -51.729967000064299, 64.181220000012701 ], [ -49.5671269997707, 60.094325000108903 ], [ -43.579484999702601, 59.4348369998078 ], [ -20.141854999713001, 63.642367999835002 ] ], [ [ -46.035391000096602, 60.7190299998109 ], [ -46.603213000085603, 59.773621000176703 ] ] ] } },
{ "type": "Feature", "properties": { "OBJECTID": 177, "cable_id": 1571, "Name": "ACS Alaska-Oregon Network (AKORN)", "color": "#91a34b", "length": "3,000 km", "rfs": "April 2009", "owners": "Alaska Communications Systems Group", "url": "http://akorn.alaskacommunications.com", "Symbol": 2, "year": 2009 }, "geometry": { "type": "LineString", "coordinates": [ [ -124.099936000018999, 43.982203999831398 ], [ -127.830303999736003, 46.862091999935103 ], [ -150.266909000367008, 58.807005999768499 ], [ -150.749964999966011, 58.5225330001456 ], [ -152.31446600027499, 59.246376999798599 ], [ -151.54425200011201, 59.646567000191901 ], [ -152.032826000157996, 59.6100290000877 ], [ -152.257875000306001, 59.8055360000874 ], [ -151.721351000112008, 60.461107999928998 ], [ -151.291663999576997, 60.689928999913299 ], [ -151.291663999576997, 60.848420999838297 ], [ -149.858412999568003, 61.217557000034397 ] ] } },
{ "type": "Feature", "properties": { "OBJECTID": 178, "cable_id": 1573, "Name": "TE North/TGN-Eurasia/SEACOM/Alexandros", "color": "#91a34b", "length": "3,634 km", "rfs": "July 2011", "owners": "Telecom Egypt,  Cyta,  SEACOM,  Tata Communications", "url": "http://www.telecomegypt.com.eg", "Symbol": 2, "year": 2011 }, "geometry": { "type": "MultiLineString", "coordinates": [ [ [ 26.2816959999675, 33.896609000194204 ], [ 29.700931999769601, 31.072266999644398 ] ], [ [ 26.2816959999675, 33.896609000194204 ], [ 32.276126000004197, 33.0252120003261 ], [ 33.610597000018601, 34.827278000121296 ] ], [ [ 5.37253100008015, 43.293627000000399 ], [ 8.441181999700451, 37.553021000152398 ], [ 11.427995999932, 37.535212000085998 ], [ 13.694790999637901, 35.729554999926499 ], [ 26.2816959999675, 33.896609000194204 ] ] ] } },
{ "type": "Feature", "properties": { "OBJECTID": 179, "cable_id": 1576, "Name": "SHEFA-2", "color": "#bd75b1", "length": "1,000 km", "rfs": "March 2008", "owners": "Faroese Telecom", "url": "http://www.shefa.fo", "Symbol": 3, "year": 2008 }, "geometry": { "type": "MultiLineString", "coordinates": [ [ [ -2.52365399983462, 57.666864999984497 ], [ -2.90002099991198, 58.833372999887203 ], [ -1.23854800015245, 59.996070999984497 ], [ -1.32365500012603, 60.004078999908302 ], [ -2.54329276286187, 60.465982641006697 ] ], [ [ -2.54329276286187, 60.465982641006697 ], [ -3.90363399979061, 60.170774999987898 ], [ -4.33332100032521, 60.333366999777901 ] ], [ [ -2.54329276286187, 60.465982641006697 ], [ -6.77184499972173, 62.017645999834897 ] ], [ [ -2.40002199970667, 60.750085000202802 ], [ -1.9703350000704, 60.589522999863803 ], [ -2.54329276286187, 60.465982641006697 ] ] ] } },
{ "type": "Feature", "properties": { "OBJECTID": 180, "cable_id": 1577, "Name": "Persona", "color": "#f04230", "length": "800 km", "rfs": "2008", "owners": "EastLink", "url": null, "Symbol": 6, "year": 2008 }, "geometry": { "type": "LineString", "coordinates": [ [ -60.135381000184204, 46.251455000127997 ], [ -59.2892389999937, 46.851240000161901 ], [ -58.6865049996685, 47.617681000218198 ], [ -59.516289999956904, 46.978783999832899 ], [ -60.135381000184204, 46.251455000127997 ] ] } },
{ "type": "Feature", "properties": { "OBJECTID": 181, "cable_id": 1580, "Name": "Europe India Gateway (EIG)", "color": "#bd75b1", "length": "15,000 km", "rfs": "February 2011", "owners": "AT&T,  Airtel (Bharti),  Bharat Sanchar Nigam Ltd. (BSNL),  BT,  Djibouti Telecom,  du,  Gibtelecom,  Libya International Telecommunications Company,  MTN Group,  Omantel,  Portugal Telecom,  Saudi Telecom,  Telecom Egypt,  Telkom South Africa,  Verizon,  Vodafone,  Zajil Telecom", "url": "https://www.europeindiagateway.com", "Symbol": 3, "year": 2011 }, "geometry": { "type": "MultiLineString", "coordinates": [ [ [ 44.485393999837001, 12.0050559996589 ], [ 43.147992999894598, 11.594869000206799 ] ], [ [ 44.485393999837001, 12.0050559996589 ], [ 44.6206479997673, 11.7781949996984 ], [ 44.877874000317199, 11.760700000387001 ], [ 62.894366000127803, 16.5783789996315 ] ], [ [ 62.894366000127803, 16.5783789996315 ], [ 72.565744999689798, 19.0888099998329 ], [ 72.875901999636099, 19.076074000258199 ] ], [ [ 38.429831999900699, 21.9593659996446 ], [ 42.250142000148202, 15.776581999996299 ], [ 42.806000999852998, 13.9729010004085 ], [ 43.750532000226201, 12.361681000313 ], [ 44.263909999826701, 12.376467000333401 ], [ 44.485393999837001, 12.0050559996589 ] ], [ [ 38.429831999900699, 21.9593659996446 ], [ 39.182761000049098, 21.481532000197301 ] ], [ [ 56.333725999930003, 25.121692999774499 ], [ 58.004427999864397, 23.679601999742101 ], [ 58.197688999772701, 25.075883999841 ], [ 60.628742000208803, 24.761389999781699 ], [ 62.894366000127803, 16.5783789996315 ] ], [ [ 32.653175999971801, 29.1136160000163 ], [ 33.422804000328902, 28.2920959998523 ], [ 33.896436999584303, 27.763070000345401 ], [ 34.136085000216497, 27.6738539999842 ], [ 35.115283999630002, 27.1578889997724 ], [ 38.429831999900699, 21.9593659996446 ] ], [ [ 29.700931999769601, 31.072266999644398 ], [ 30.1886270001072, 30.2621139999973 ], [ 31.489211999807399, 29.6568380000381 ], [ 32.653175999971801, 29.1136160000163 ] ], [ [ 29.700931999769601, 31.072266999644398 ], [ 30.239408000448801, 30.3447400002077 ], [ 31.539993000149, 29.740055000182299 ], [ 32.653175999971801, 29.1136160000163 ] ], [ [ 13.9685238166213, 34.451839430814999 ], [ 13.1873699999776, 32.877626999639503 ] ], [ [ 13.9685238166213, 34.451839430814999 ], [ 17.184631999912, 34.024342999778298 ], [ 17.27496400043, 33.855582999778001 ], [ 27.419391000164701, 32.404461000173598 ], [ 29.700931999769601, 31.072266999644398 ] ], [ [ 13.9705719997236, 34.455928999728798 ], [ 13.9685238166213, 34.451839430814999 ] ], [ [ -5.3477249999779, 35.936590000032702 ], [ -5.3475779996648, 36.156016999640201 ] ], [ [ -5.3477249999779, 35.936590000032702 ], [ -2.16022699965972, 36.216786000051897 ], [ 2.3075920000123, 38.098757000208899 ], [ 8.82291999991206, 38.1138179997427 ] ], [ [ -13.039272000404299, 36.983446999968699 ], [ -11.8392729997974, 36.314814999939202 ], [ -7.17267499976964, 35.752779000031801 ], [ -5.3477249999779, 35.936590000032702 ] ], [ [ -13.039272000404299, 36.983446999968699 ], [ -11.411928999559899, 37.427415999984603 ], [ -9.102750999658991, 38.443075999707503 ] ], [ [ 8.82291999991206, 38.1138179997427 ], [ 10.6863949998582, 38.118274000286199 ], [ 11.769109000264701, 37.892507999710098 ], [ 12.765592999693, 36.885951999762703 ], [ 13.285221000035, 36.507129000189899 ], [ 11.9864919996618, 35.468310999692797 ], [ 13.0375650001419, 34.575180000254001 ], [ 13.9685238166213, 34.451839430814999 ] ], [ [ 7.42672899964391, 43.738257999708999 ], [ 7.96911199986916, 39.4235230002554 ], [ 8.82291999991206, 38.1138179997427 ] ], [ [ -4.54440500037365, 50.828203000114399 ], [ -14.4505989996605, 48.348976999935701 ], [ -14.4505989996605, 38.886475000119503 ], [ -13.039272000404299, 36.983446999968699 ] ] ] } },
{ "type": "Feature", "properties": { "OBJECTID": 182, "cable_id": 1581, "Name": "GO-1 Mediterranean Cable System", "color": "#0982c5", "length": "290 km", "rfs": "December 2008", "owners": "GO plc", "url": "https://www.go.com.mt/business", "Symbol": 13, "year": 2008 }, "geometry": { "type": "LineString", "coordinates": [ [ 12.5913740002905, 37.650583999948402 ], [ 12.5770180003788, 36.853999000232001 ], [ 13.7538730000417, 36.0012420001839 ], [ 14.411880000235699, 35.950583999999203 ] ] } },
{ "type": "Feature", "properties": { "OBJECTID": 183, "cable_id": 1592, "Name": "EAC-C2C", "color": "#ffd633", "length": "36,500 km", "rfs": "November 2002", "owners": "Telstra", "url": "http://www.pacnet.com", "Symbol": 18, "year": 2002 }, "geometry": { "type": "MultiLineString", "coordinates": [ [ [ 103.987012000413003, 1.38944699996311 ], [ 104.173144999696007, 1.25032400024948 ], [ 104.355762000143002, 1.27775899988594 ], [ 110.995015000074005, 4.1446539999042 ], [ 120.100673000095, 14.070489000341301 ], [ 120.376206795491996, 14.153287964909801 ] ], [ [ 103.987012000413003, 1.38944699996311 ], [ 104.177930000024006, 1.26340700038376 ], [ 104.361719000083994, 1.29416100011834 ], [ 105.122408409426995, 1.72976883547782 ] ], [ [ 105.122408409426995, 1.72976883547782 ], [ 104.373535000055, 1.32696499983506 ], [ 104.187402999697994, 1.28957299989738 ], [ 103.987012000413003, 1.38944699996311 ] ], [ [ 105.122408409426995, 1.72976883547782 ], [ 108.894154155909007, 3.88768798836722 ] ], [ [ 108.894154155909007, 3.88768798836722 ], [ 108.850777999895001, 3.73351900000852 ], [ 105.122408409426995, 1.72976883547782 ] ], [ [ 108.894154155909007, 3.88768798836722 ], [ 109.849801000336996, 4.43368499986341 ], [ 114.220446998022993, 22.170052482903699 ] ], [ [ 108.894154155909007, 3.88768798836722 ], [ 114.202923000328994, 22.222049999772 ], [ 114.220446998022993, 22.170052482903699 ] ], [ [ 120.376206795491996, 14.153287964909801 ], [ 121.066004000391004, 13.7624229999801 ], [ 112.008099999801999, 4.39717300008449 ], [ 104.344043000257003, 1.24505199964966 ], [ 104.163769999931006, 1.22406100044375 ], [ 103.987012000413003, 1.38944699996311 ] ], [ [ 120.376206795491996, 14.153287964909801 ], [ 120.820203, 14.2866470000764 ] ], [ [ 120.820203, 14.2866470000764 ], [ 120.435828999589006, 14.480472000397601 ], [ 118.261331542090005, 15.743660533153299 ] ], [ [ 119.758234827512993, 14.502884515973401 ], [ 120.376206795491996, 14.153287964909801 ] ], [ [ 119.758234827512993, 14.502884515973401 ], [ 120.820203, 14.2866470000764 ] ], [ [ 118.261331542090005, 15.743660533153299 ], [ 118.214151000187002, 15.373963000068599 ], [ 119.758234827512993, 14.502884515973401 ] ], [ [ 118.261331542090005, 15.743660533153299 ], [ 117.844033999952998, 15.98519800014 ], [ 118.170009999675997, 17.915577999748798 ], [ 120.908192000221007, 19.4930799997924 ], [ 121.265028902878001, 19.922704025664899 ] ], [ [ 121.265028902878001, 19.922704025664899 ], [ 121.491884166228999, 20.195228796460899 ] ], [ [ 121.265028902878001, 19.922704025664899 ], [ 124.075181999796001, 19.4701559998568 ], [ 129.830939000066991, 23.481355999621901 ] ], [ [ 121.491884166228999, 20.195228796460899 ], [ 121.730828300903994, 20.481761322440299 ] ], [ [ 121.491884166228999, 20.195228796460899 ], [ 118.635829999663997, 20.662502000011301 ], [ 114.258684999918998, 22.318296000211198 ] ], [ [ 121.730828300903994, 20.481761322440299 ], [ 123.285534000387997, 20.228314999619801 ], [ 125.319564883807004, 24.741019588096801 ] ], [ [ 121.730828300903994, 20.481761322440299 ], [ 122.685924999983996, 21.6216799997908 ], [ 124.087682000379999, 24.795170999744101 ], [ 121.972681317012004, 25.4102131479866 ] ], [ [ 120.364442000390994, 20.704163000214901 ], [ 121.730828300903994, 20.481761322440299 ] ], [ [ 120.364442000390994, 20.704163000214901 ], [ 120.662195999836996, 22.249258999982398 ] ], [ [ 114.220446998022993, 22.170052482903699 ], [ 116.531535000372003, 15.1585979997036 ], [ 119.758234827512993, 14.502884515973401 ] ], [ [ 114.220446998022993, 22.170052482903699 ], [ 114.258684999918998, 22.318296000211198 ] ], [ [ 114.258684999918998, 22.318296000211198 ], [ 118.455557000236993, 20.373851000221201 ], [ 121.265028902878001, 19.922704025664899 ] ], [ [ 114.258684999918998, 22.318296000211198 ], [ 118.690516999726995, 20.976139000396099 ], [ 120.364442000390994, 20.704163000214901 ] ], [ [ 129.830939000066991, 23.481355999621901 ], [ 138.879858999806004, 29.540422999894901 ], [ 138.705936327665995, 29.966109838146501 ] ], [ [ 125.609708706508997, 24.6603808519829 ], [ 123.798619000086006, 19.816800999898099 ], [ 121.491884166228999, 20.195228796460899 ] ], [ [ 125.609708706508997, 24.6603808519829 ], [ 129.830939000066991, 23.481355999621901 ] ], [ [ 125.319564883807004, 24.741019588096801 ], [ 125.609708706508997, 24.6603808519829 ] ], [ [ 125.319564883807004, 24.741019588096801 ], [ 125.472543999850998, 25.074292000393701 ], [ 122.549205999641003, 25.6692690003017 ], [ 122.327237559756995, 25.569595882687299 ] ], [ [ 125.795786000362995, 25.148215999853701 ], [ 125.609708706508997, 24.6603808519829 ] ], [ [ 121.383289000065005, 25.149984000378002 ], [ 121.366004000049998, 25.4890469996405 ], [ 121.455456999961001, 25.809926999833401 ], [ 121.713222172938003, 25.738917213016801 ] ], [ [ 121.383289000065005, 25.149984000378002 ], [ 121.228601999817002, 25.514961000368899 ], [ 121.347840000326997, 26.034422999745502 ], [ 121.805554272435998, 25.943532208032401 ] ], [ [ 121.498301619228002, 25.261273572519201 ], [ 121.383289000065005, 25.149984000378002 ] ], [ [ 121.498301619228002, 25.261273572519201 ], [ 121.713222172938003, 25.738917213016801 ] ], [ [ 121.972681317012004, 25.4102131479866 ], [ 121.840320000093996, 25.350659000027498 ], [ 121.462586000410994, 25.181715000095199 ], [ 121.498301619228002, 25.261273572519201 ] ], [ [ 121.972681317012004, 25.4102131479866 ], [ 121.726354999809004, 25.481643000294099 ], [ 121.498301619228002, 25.261273572519201 ] ], [ [ 122.327237559756995, 25.569595882687299 ], [ 121.972681317012004, 25.4102131479866 ] ], [ [ 122.327237559756995, 25.569595882687299 ], [ 125.319564883807004, 24.741019588096801 ] ], [ [ 121.713222172938003, 25.738917213016801 ], [ 122.327237559756995, 25.569595882687299 ] ], [ [ 121.713222172938003, 25.738917213016801 ], [ 121.805554272435998, 25.943532208032401 ] ], [ [ 121.805554272435998, 25.943532208032401 ], [ 125.795786000362995, 25.148215999853701 ] ], [ [ 121.805554272435998, 25.943532208032401 ], [ 123.757311000315994, 30.182794000129899 ], [ 121.472546999982001, 31.247506999701599 ], [ 123.659752000336994, 30.688995000341201 ], [ 125.721747802368, 31.6660716156272 ] ], [ [ 138.705936327665995, 29.966109838146501 ], [ 135.569119000244996, 28.901296999619799 ], [ 126.958480000107997, 30.4912730003051 ], [ 126.486597048383004, 32.0259187804064 ] ], [ [ 138.705936327665995, 29.966109838146501 ], [ 136.874001000377007, 34.336831000020602 ] ], [ [ 143.399206358610002, 31.538118396116701 ], [ 138.705936327665995, 29.966109838146501 ] ], [ [ 143.399206358610002, 31.538118396116701 ], [ 144.487863000284989, 30.4235920001212 ], [ 125.855258999680998, 18.4988930001191 ], [ 121.128796999624001, 19.264890000342099 ], [ 118.523427999701994, 17.784789999947701 ], [ 118.261331542090005, 15.743660533153299 ] ], [ [ 125.721747802368, 31.6660716156272 ], [ 126.699203000237006, 27.538161999735198 ], [ 125.795786000362995, 25.148215999853701 ] ], [ [ 125.721747802368, 31.6660716156272 ], [ 126.486597048383004, 32.0259187804064 ] ], [ [ 126.486597048383004, 32.0259187804064 ], [ 128.221174999862995, 32.836774000234101 ], [ 128.99949500009501, 35.170382000054403 ], [ 130.299981999886, 30.543768999909101 ], [ 135.522438999618004, 29.618303000227002 ], [ 137.980249999742995, 30.498510000058801 ], [ 136.874001000377007, 34.336831000020602 ] ], [ [ 126.486597048383004, 32.0259187804064 ], [ 125.231820999690996, 35.982042000004498 ], [ 126.391586000231001, 36.5763300002017 ], [ 124.624204999851003, 36.091333999810999 ], [ 124.625952611151007, 36.084472047496597 ] ], [ [ 141.668500198107012, 33.2827846493309 ], [ 143.399206358610002, 31.538118396116701 ] ], [ [ 141.668500198107012, 33.2827846493309 ], [ 142.852707000173012, 33.6937199998995 ], [ 140.612475000162988, 36.383480999681197 ], [ 145.283759999711009, 32.162063999633297 ], [ 143.399206358610002, 31.538118396116701 ] ], [ [ 136.874001000377007, 34.336831000020602 ], [ 139.297435999742987, 32.454164000085001 ], [ 141.668500198107012, 33.2827846493309 ] ], [ [ 136.874001000377007, 34.336831000020602 ], [ 139.230639999805987, 32.751151999808101 ], [ 140.400365000091995, 33.177455000012003 ], [ 139.954857999956005, 34.976567999875499 ], [ 141.668500198107012, 33.2827846493309 ] ], [ [ 124.630551999779001, 36.0844689998615 ], [ 124.625952611151007, 36.084472047496597 ] ], [ [ 124.625952611151007, 36.084472047496597 ], [ 125.721747802368, 31.6660716156272 ] ], [ [ 124.625952611151007, 36.084472047496597 ], [ 120.342469000131999, 36.087309999995803 ] ] ] } },
{ "type": "Feature", "properties": { "OBJECTID": 184, "cable_id": 1594, "Name": "Lower Indian Ocean Network (LION)", "color": "#f4878f", "length": "1,060 km", "rfs": "November 2009", "owners": "Orange,  Mauritius Telecom,  Orange Madagascar", "url": "http://lion.orange.com", "Symbol": 16, "year": 2009 }, "geometry": { "type": "LineString", "coordinates": [ [ 57.510091999871399, -20.077534000398401 ], [ 55.547789000249701, -20.897271000376001 ], [ 51.634510000357601, -19.1852489995963 ], [ 49.400235000286997, -18.1460859998415 ] ] } },
{ "type": "Feature", "properties": { "OBJECTID": 185, "cable_id": 1596, "Name": "Challenger Bermuda-1 (CB-1)", "color": "#f89635", "length": "1,448 km", "rfs": "December 2008", "owners": "Cable Co.", "url": "http://cableco.bm", "Symbol": 5, "year": 2008 }, "geometry": { "type": "LineString", "coordinates": [ [ -71.645969000263506, 41.412120999916702 ], [ -70.835325000215207, 40.675010999982803 ], [ -64.979371999939801, 33.721260000097203 ], [ -64.801637999730104, 32.258653999634603 ] ] } },
{ "type": "Feature", "properties": { "OBJECTID": 186, "cable_id": 1597, "Name": "JAKABARE", "color": "#0964b0", "length": "1,330 km", "rfs": "November 2009", "owners": "PT Indonesia Satellite Corp.", "url": "http://www.indosat.com", "Symbol": 25, "year": 2009 }, "geometry": { "type": "MultiLineString", "coordinates": [ [ [ 107.120993999557001, -1.13758600043223 ], [ 107.120993999557001, -5.98115899981518 ] ], [ [ 107.120993999557001, -1.13758600043223 ], [ 109.182222999662002, -0.061392000121412 ] ], [ [ 103.987012000413003, 1.38944699996311 ], [ 104.201562999790994, 1.32881999960123 ], [ 104.391308999790994, 1.37597499993737 ], [ 104.929491999668997, 1.41277999979758 ] ], [ [ 104.929491999668997, 1.41277999979758 ], [ 104.326270000345005, 1.19584500031405 ], [ 104.133204000429998, 1.1736810001759 ] ], [ [ 104.929491999668997, 1.41277999979758 ], [ 105.773144000146999, 1.47067199972663 ], [ 107.120993999557001, -1.13758600043223 ] ] ] } },
{ "type": "Feature", "properties": { "OBJECTID": 187, "cable_id": 1598, "Name": "Gulf Bridge International Cable System (GBICS)/Middle East North Africa (MENA) Cable System", "color": "#f4878f", "length": "n.a.", "rfs": "February 2012", "owners": "Gulf Bridge International,  MENA", "url": "http://www.gbiinc.com", "Symbol": 16, "year": 2012 }, "geometry": { "type": "MultiLineString", "coordinates": [ [ [ 58.176205000133898, 23.684878999638201 ], [ 58.240559999864402, 24.106840000023901 ] ], [ [ 58.240559999864402, 24.106840000023901 ], [ 60.015167999705596, 23.1449550001788 ], [ 69.1429939999787, 21.267370000395101 ], [ 72.875901999636099, 19.076074000258199 ] ], [ [ 56.333725999930003, 25.121692999774499 ], [ 58.240559999864402, 24.106840000023901 ] ], [ [ 56.333725999930003, 25.121692999774499 ], [ 56.697006999616697, 25.745820000234499 ], [ 56.504428999598602, 26.487019000010999 ], [ 56.130502999727703, 26.487019000010999 ], [ 55.311461000431102, 25.988961000128 ], [ 52.503357000202499, 26.0417930000364 ], [ 51.4519909998195, 25.538931000049502 ], [ 52.041052999948199, 26.402729000174201 ], [ 51.7334359999425, 26.690493999888801 ] ], [ [ 56.333725999930003, 25.121692999774499 ], [ 57.098959999770997, 25.422828000364898 ], [ 56.629038000243099, 26.757308000201601 ], [ 56.096127999691902, 26.757308000201601 ], [ 55.257457000258597, 26.2485930002453 ], [ 53.8685910002594, 26.296405000215699 ], [ 49.326601999977797, 29.010499999747299 ] ], [ [ 50.656190999579501, 26.2415849997093 ], [ 51.7334359999425, 26.690493999888801 ] ], [ [ 50.214199000250602, 26.285373000255401 ], [ 50.7403700003387, 27.6676269998155 ] ], [ [ 51.7334359999425, 26.690493999888801 ], [ 50.7403700003387, 27.6676269998155 ] ], [ [ 50.7403700003387, 27.6676269998155 ], [ 49.140468999796603, 28.846651999627401 ] ], [ [ 49.140468999796603, 28.846651999627401 ], [ 47.9748450001237, 29.374101000357399 ] ], [ [ 50.842713999748099, 28.970352000301801 ], [ 50.380213999675199, 28.386987000207299 ] ], [ [ 49.326601999977797, 29.010499999747299 ], [ 49.140468999796603, 28.846651999627401 ] ], [ [ 49.326601999977797, 29.010499999747299 ], [ 48.531778000429398, 29.9236339997315 ] ] ] } },
{ "type": "Feature", "properties": { "OBJECTID": 188, "cable_id": 1600, "Name": "American Samoa-Hawaii (ASH)", "color": "#0982c5", "length": "4,250 km", "rfs": "May 2009", "owners": "American Samoa Government,  Elandia", "url": null, "Symbol": 13, "year": 2009 }, "geometry": { "type": "LineString", "coordinates": [ [ -158.151717999628005, 21.426089000163699 ], [ -170.695703000360993, -14.2765490004213 ] ] } },
{ "type": "Feature", "properties": { "OBJECTID": 189, "cable_id": 1601, "Name": "Batam-Rengit Cable System (BRCS)", "color": "#38bced", "length": "63 km", "rfs": "November 2007", "owners": "PT Excelcomindo Pratama", "url": "http://www.xl.co.id/en/home", "Symbol": 9, "year": 2007 }, "geometry": { "type": "LineString", "coordinates": [ [ 103.147755000274998, 1.67743000024371 ], [ 103.491699999727999, 1.21742200022064 ], [ 103.962597999948002, 1.1347250003427 ] ] } },
{ "type": "Feature", "properties": { "OBJECTID": 190, "cable_id": 1602, "Name": "Melita 1", "color": "#9791c7", "length": "97 km", "rfs": "June 2009", "owners": "Melita", "url": "http://www.melita.com", "Symbol": 26, "year": 2009 }, "geometry": { "type": "LineString", "coordinates": [ [ 14.458754999957799, 35.934139000344302 ], [ 14.853871999564699, 36.733880000265103 ] ] } },
{ "type": "Feature", "properties": { "OBJECTID": 191, "cable_id": 1604, "Name": "Southeast Asia Japan Cable (SJC)", "color": "#b2703f", "length": "8,900 km", "rfs": "June 2013", "owners": "Globe Telecom,  Google,  KDDI,  Telkom Indonesia,  SingTel,  China Telecom,  TOT,  China Mobile,  Chunghwa Telecom,  Brunei International Gateway,  SingTel Optus,  Airtel (Bharti)", "url": null, "Symbol": 4, "year": 2013 }, "geometry": { "type": "MultiLineString", "coordinates": [ [ [ 114.570696000441004, 4.70362500030878 ], [ 113.500485863375005, 6.8504360742434 ] ], [ [ 113.500485863375005, 6.8504360742434 ], [ 112.658392999564001, 3.69765700000558 ], [ 104.349903000111993, 1.26145500040977 ], [ 104.168457000350003, 1.23724200006641 ], [ 103.646094999899006, 1.33858299963515 ] ], [ [ 113.500485863375005, 6.8504360742434 ], [ 113.500383999811007, 6.85063999959176 ] ], [ [ 100.599710000439998, 7.07591899959228 ], [ 113.298723999930999, 6.11766899979537 ] ], [ [ 115.915909999649998, 15.747634999913499 ], [ 113.500485863375005, 6.8504360742434 ] ], [ [ 115.915909999649998, 15.747634999913499 ], [ 120.695692000164001, 14.317590000093601 ] ], [ [ 116.547159999979996, 18.0185040003858 ], [ 115.915909999649998, 15.747634999913499 ] ], [ [ 116.547159999979996, 18.0185040003858 ], [ 114.202923000328994, 22.222049999772 ] ], [ [ 116.677530999672996, 23.355003000106102 ], [ 119.345594999818005, 19.0741359996086 ] ], [ [ 139.954857999956005, 34.976567999875499 ], [ 139.66403800006799, 28.669865000005 ], [ 124.867466000302002, 18.798962999930701 ], [ 120.441297999631999, 19.485530999679401 ], [ 116.547159999979996, 18.0185040003858 ] ] ] } },
{ "type": "Feature", "properties": { "OBJECTID": 192, "cable_id": 1605, "Name": "HANTRU1 Cable System", "color": "#6c70b5", "length": "2,917 km", "rfs": "March 2010", "owners": "Hannon Armstrong,  Federated States of Micronesia Telecommunications Company,  Marshall Islands Telecommunications Authority", "url": null, "Symbol": 7, "year": 2010 }, "geometry": { "type": "MultiLineString", "coordinates": [ [ [ 159.081796999830004, 7.72805199966019 ], [ 157.676720000416992, 10.8122289997597 ] ], [ [ 164.799813907418013, 9.62299841572165 ], [ 171.196242000340987, 7.07776000020327 ] ], [ [ 164.799813907418013, 9.62299841572165 ], [ 167.405814999704006, 9.186486999586871 ] ], [ [ 164.799762000066011, 9.623018999696161 ], [ 164.799813907418013, 9.62299841572165 ] ], [ [ 144.69469799958199, 13.4647779998981 ], [ 146.162275000122008, 12.7269660003351 ], [ 164.799813907418013, 9.62299841572165 ] ] ] } },
{ "type": "Feature", "properties": { "OBJECTID": 193, "cable_id": 1609, "Name": "BCS North - Phase 1", "color": "#f37380", "length": "513 km", "rfs": "1998", "owners": "TeliaSonera", "url": null, "Symbol": 14, "year": 1998 }, "geometry": { "type": "LineString", "coordinates": [ [ 24.9324780002291, 60.171162999996 ], [ 24.640095999843901, 59.978681000088301 ], [ 23.3988859995521, 59.823409000103403 ], [ 22.966756999884598, 59.823409000103403 ], [ 22.642733999572901, 59.877706000156202 ], [ 22.2985940001263, 60.036603000206199 ], [ 22.2985940001263, 60.305756000073004 ], [ 22.082578000334699, 60.090600000038599 ], [ 20.5495709996387, 59.948618999980901 ], [ 19.937755000349998, 60.006030999840704 ], [ 19.937755000349998, 60.114037999969803 ], [ 18.764612000239399, 59.822820000109502 ] ] } },
{ "type": "Feature", "properties": { "OBJECTID": 194, "cable_id": 1610, "Name": "BCS North - Phase 2", "color": "#f89635", "length": "280.4 km", "rfs": "2000", "owners": "TeliaSonera", "url": null, "Symbol": 5, "year": 2000 }, "geometry": { "type": "LineString", "coordinates": [ [ 28.4999560004429, 59.799986000031801 ], [ 26.8836489995949, 60.501141000219597 ], [ 26.0602119999573, 60.162006000134198 ], [ 24.9324780002291, 60.171162999996 ] ] } },
{ "type": "Feature", "properties": { "OBJECTID": 195, "cable_id": 1611, "Name": "BCS East", "color": "#548f51", "length": "97.8 km", "rfs": "1995", "owners": "TeliaSonera", "url": null, "Symbol": 12, "year": 1995 }, "geometry": { "type": "LineString", "coordinates": [ [ 21.011192000002701, 56.508369000133598 ], [ 20.808849000232499, 56.3545849999065 ], [ 21.082676000183501, 56.028507000170599 ] ] } },
{ "type": "Feature", "properties": { "OBJECTID": 196, "cable_id": 1612, "Name": "Suriname-Guyana Submarine Cable System (SG-SCS)", "color": "#c4b830", "length": "1,249 km", "rfs": "July 2010", "owners": "Guyana Telephone and Telegraph (GT&T),  Telesur", "url": null, "Symbol": 29, "year": 2010 }, "geometry": { "type": "MultiLineString", "coordinates": [ [ [ -56.375374000356103, 5.88661900043509 ], [ -55.609944999623202, 7.38205900000687 ], [ -57.279474999945698, 8.32294599975272 ] ], [ [ -58.154865000435102, 6.80429100019019 ], [ -57.279474999945698, 8.32294599975272 ] ], [ [ -57.279474999945698, 8.32294599975272 ], [ -60.556523000259098, 10.1631060003334 ], [ -60.714434000163401, 10.8307420000048 ], [ -60.922440999970803, 10.9611600001595 ], [ -61.542656000129298, 10.9611600001595 ], [ -61.650810000064197, 10.686256999759999 ] ] ] } },
{ "type": "Feature", "properties": { "OBJECTID": 197, "cable_id": 1614, "Name": "Scotland-Northern Ireland 2", "color": "#f89635", "length": "82 km", "rfs": "1993", "owners": "BT", "url": null, "Symbol": 5, "year": 1993 }, "geometry": { "type": "LineString", "coordinates": [ [ -4.85416999978454, 55.240403000231197 ], [ -5.39430699979706, 55.240403000231197 ], [ -5.80983400023852, 54.857800999859897 ] ] } },
{ "type": "Feature", "properties": { "OBJECTID": 198, "cable_id": 1616, "Name": "Lanis-1", "color": "#c1af30", "length": "113 km", "rfs": "1992", "owners": "Vodafone", "url": null, "Symbol": 20, "year": 1992 }, "geometry": { "type": "LineString", "coordinates": [ [ -3.05075399986038, 53.808976999782601 ], [ -4.56662200013152, 54.1002869999989 ] ] } },
{ "type": "Feature", "properties": { "OBJECTID": 199, "cable_id": 1617, "Name": "Asia Pacific Gateway (APG)", "color": "#b3b5b7", "length": "10,400 km", "rfs": "2016", "owners": "NTT,  China Telecom,  China Unicom,  Chunghwa Telecom,  KT,  Starhub,  LG Uplus,  China Mobile,  Viettel Corporation,  Vietnam Telecom International,  Global Transit,  Facebook,  TIME dotCom", "url": null, "Symbol": 1, "year": 2016 }, "geometry": { "type": "MultiLineString", "coordinates": [ [ [ 103.946485000443005, 1.32725800017487 ], [ 104.203906999913002, 1.33828999974464 ], [ 104.370215000138998, 1.38154000016674 ], [ 105.694531000414003, 2.33376200041087 ], [ 106.294920999718997, 5.59580000009321 ] ], [ [ 103.322656999567997, 3.81517699968522 ], [ 106.294920999718997, 5.59580000009321 ] ], [ [ 106.294920999718997, 5.59580000009321 ], [ 108.450095000160005, 6.88360500037678 ] ], [ [ 108.450095000160005, 6.88360500037678 ], [ 100.599710000439998, 7.07591899959228 ] ], [ [ 108.450095000160005, 6.88360500037678 ], [ 112.172259999724005, 9.098844999973521 ], [ 113.543840999709005, 14.176937000189101 ] ], [ [ 113.543840999709005, 14.176937000189101 ], [ 108.192477999798001, 16.043395000189001 ] ], [ [ 113.543840999709005, 14.176937000189101 ], [ 114.607219999706004, 18.037540999815899 ] ], [ [ 114.607219999706004, 18.037540999815899 ], [ 114.258684999918998, 22.318296000211198 ] ], [ [ 114.607219999706004, 18.037540999815899 ], [ 121.140711000403002, 21.5472180000259 ], [ 124.702622999591, 21.069209000390298 ], [ 125.907993000331999, 24.4084860002135 ] ], [ [ 125.907993000331999, 24.4084860002135 ], [ 122.919420999783995, 25.2562800002801 ], [ 121.801452999633, 24.863503999966198 ] ], [ [ 125.907993000331999, 24.4084860002135 ], [ 127.387581999763, 28.360608000275601 ] ], [ [ 127.387581999763, 28.360608000275601 ], [ 127.874984000197998, 29.635790000352699 ] ], [ [ 127.874984000197998, 29.635790000352699 ], [ 128.699690000429996, 30.3235000002969 ] ], [ [ 127.874984000197998, 29.635790000352699 ], [ 121.395300999854996, 31.6198000003291 ] ], [ [ 121.191296999852995, 30.3062179999432 ], [ 121.407311999819996, 30.493545000347101 ], [ 127.387581999763, 28.360608000275601 ] ], [ [ 128.699690000429996, 30.3235000002969 ], [ 132.237383000043991, 29.653613000275499 ], [ 139.392357999696998, 31.803979999844302 ] ], [ [ 128.699690000429996, 30.3235000002969 ], [ 128.99949500009501, 35.170382000054403 ] ], [ [ 139.392357999696998, 31.803979999844302 ], [ 136.874001000377007, 34.336831000020602 ] ], [ [ 139.392357999696998, 31.803979999844302 ], [ 139.816967000001, 35.037518999732598 ] ] ] } },
{ "type": "Feature", "properties": { "OBJECTID": 200, "cable_id": 1619, "Name": "Southern Caribbean Fiber", "color": "#38bced", "length": "n.a.", "rfs": "September 2006", "owners": "Digicel", "url": "http://www.southern-caribbean.com", "Symbol": 9, "year": 2006 }, "geometry": { "type": "MultiLineString", "coordinates": [ [ [ -60.986600999707598, 14.0324059996003 ], [ -61.0947069999619, 14.0324059996003 ], [ -61.350761000001597, 13.505991999798299 ], [ -61.362822000195102, 13.2409200001663 ], [ -61.254668000260203, 13.1878709998453 ], [ -61.3615519997756, 13.136236000263001 ], [ -61.872977999789597, 12.2943259998092 ], [ -61.7108680002612, 12.188010000249999 ], [ -61.873074999874, 12.081556999614101 ], [ -61.649296000145597, 10.6876960000361 ] ], [ [ -61.284062000149099, 14.222379999899401 ], [ -61.284012777861399, 14.222379999899401 ] ], [ [ -61.284012777861399, 14.222379999899401 ], [ -60.986600999707598, 14.0324059996003 ] ], [ [ -61.284012777861399, 14.222379999899401 ], [ -61.102498823242897, 14.222379999899401 ] ], [ [ -61.102498823242897, 14.222379999899401 ], [ -60.986600999707598, 14.0324059996003 ] ], [ [ -61.102498823242897, 14.222379999899401 ], [ -60.743437000239901, 14.222379999899401 ], [ -59.607403000274502, 13.0844960000029 ] ], [ [ -61.102498823242897, 14.222379999899401 ], [ -61.270682999855502, 14.4977750001513 ], [ -61.094169999661403, 14.6154539995711 ], [ -61.418437000370503, 14.6154539995711 ], [ -61.500662999921701, 15.202988999646999 ], [ -61.392508999986802, 15.3080389999333 ], [ -61.500662999921701, 15.3080389999333 ], [ -61.820048000218002, 15.811632000241801 ], [ -61.954764999847903, 16.534571000401801 ], [ -61.980838999821501, 16.9484760003938 ], [ -61.857938999987603, 17.051483999607399 ] ], [ [ -63.073270000299502, 17.019644000325801 ], [ -61.955545999647498, 15.8168939996339 ], [ -61.2841600000583, 14.2224739998648 ], [ -61.284012777861399, 14.222379999899401 ] ], [ [ -62.729764000339401, 17.2986390000036 ], [ -63.073270000299502, 17.019644000325801 ] ], [ [ -64.819265000051601, 17.773909999653 ], [ -64.494900000331498, 17.877568999962399 ], [ -63.5501249995609, 17.6525109999378 ], [ -63.238698999918299, 17.197073999686701 ], [ -63.073270000299502, 17.019644000325801 ] ] ] } },
{ "type": "Feature", "properties": { "OBJECTID": 201, "cable_id": 1620, "Name": "Samoa-American Samoa (SAS)", "color": "#f04230", "length": "250 km", "rfs": "May 2009", "owners": "American Samoa Government,  Elandia", "url": null, "Symbol": 6, "year": 2009 }, "geometry": { "type": "LineString", "coordinates": [ [ -171.766698999807005, -13.8334860004194 ], [ -170.695703000360993, -14.2765490004213 ] ] } },
{ "type": "Feature", "properties": { "OBJECTID": 202, "cable_id": 1621, "Name": "HANNIBAL System", "color": "#ffd633", "length": "178 km", "rfs": "October 2009", "owners": "Tunisia Telecom", "url": "http://www.tunisietelecom.tn", "Symbol": 18, "year": 2009 }, "geometry": { "type": "LineString", "coordinates": [ [ 11.090887000128101, 36.849935999722803 ], [ 11.6601250001265, 36.426630999676298 ], [ 12.5913740002905, 37.650583999948402 ] ] } },
{ "type": "Feature", "properties": { "OBJECTID": 203, "cable_id": 1624, "Name": "Pangea Baltic Ring", "color": "#0982c5", "length": "550 km", "rfs": "2000", "owners": "LinxTelecom", "url": null, "Symbol": 13, "year": 2000 }, "geometry": { "type": "LineString", "coordinates": [ [ 22.297715000417401, 59.548119999999102 ], [ 19.119298999961, 59.431609000002801 ], [ 18.062757000335601, 59.332308000036399 ], [ 19.119298999961, 59.486593000165499 ], [ 24.440096000370801, 59.789325000061503 ], [ 24.9324780002291, 60.171162999996 ], [ 24.7524979998067, 59.436400999793499 ], [ 22.297715000417401, 59.548119999999102 ] ] } },
{ "type": "Feature", "properties": { "OBJECTID": 204, "cable_id": 1629, "Name": "Africa Coast to Europe (ACE)", "color": "#9ea0a2", "length": "17,000 km", "rfs": "December 2012", "owners": "Orange,  Dolphin Telecom,  Cote d’Ivoire Telecom,  Gambia Submarine Cable Company,  Portugal Telecom,  Orange Cameroun,  Sonatel,  Cable Consortium of Liberia,  STP Cabo,  International Mauritania Telecom,  Canalink,  Orange Mali,  Orange Niger,  Republic of Equatorial Guinea,  Sierra Leone Cable Company,  GUILAB,  Benin ACE GIE", "url": "http://www.ace-submarinecable.com", "Symbol": 0, "year": 2012 }, "geometry": { "type": "MultiLineString", "coordinates": [ [ [ 18.4220340003919, -33.919002999955801 ], [ 16.896254000055599, -33.052089000293002 ], [ 9.108270999756179, -24.124872000340801 ], [ 9.108270999756179, -22.472268999629399 ] ], [ [ 9.108270999756179, -22.472268999629399 ], [ 14.5334619999695, -22.685433000154301 ] ], [ [ 9.108270999756179, -22.472268999629399 ], [ 9.108270999756179, -11.615464999738499 ] ], [ [ 9.108270999756179, -11.615464999738499 ], [ 13.2350260003976, -8.81256499966649 ] ], [ [ 9.108270999756179, -11.615464999738499 ], [ 9.108270999756179, -7.12052599957959 ] ], [ [ 9.108270999756179, -7.12052599957959 ], [ 12.3499680002405, -5.93337100040566 ] ], [ [ 9.108270999756179, -7.12052599957959 ], [ 9.108270999756179, -3.97275300041347 ], [ 6.82331200032671, 0.50129700038567 ], [ 6.5327839996187, 0.860060000288367 ], [ 6.65924899959021, 1.22493999970001 ] ], [ [ 6.65924899959021, 1.22493999970001 ], [ 9.454267000326521, 0.394463999870519 ] ], [ [ 6.65924899959021, 1.22493999970001 ], [ 6.68786199967943, 1.30763400036769 ], [ 6.65436600025088, 1.39881999960417 ] ], [ [ 6.65436600025088, 1.39881999960417 ], [ 9.76823100025989, 1.86015500013983 ] ], [ [ 6.65436600025088, 1.39881999960417 ], [ 6.49880000029352, 1.82042899978691 ], [ 6.30749199979657, 2.33912799959835 ], [ 1.92888099981298, 2.34293399975449 ] ], [ [ 0.523804000399927, 2.34293399975449 ], [ -3.50807799979261, 2.3485930003704 ], [ -4.02624099972151, 5.32350599960536 ], [ -4.57067400034086, 2.32976100016847 ], [ -10.1684729999537, 2.32546800010394 ], [ -12.2217430003031, 5.26778800021213 ] ], [ [ 1.92888099981298, 2.34293399975449 ], [ 0.523804000399927, 2.34293399975449 ] ], [ [ -12.2217430003031, 5.26778800021213 ], [ -14.034291000317801, 7.84464200043164 ] ], [ [ -0.20432000036937, 5.55828300033293 ], [ 0.523804000399927, 2.34293399975449 ] ], [ [ -10.797184000168199, 6.30037999994965 ], [ -12.2217430003031, 5.26778800021213 ] ], [ [ 2.4401119998333, 6.35667500027702 ], [ 1.92888099981298, 2.34293399975449 ] ], [ [ 3.4235089999444, 6.43906899965545 ], [ 4.44919200016614, 2.36108199983588 ] ], [ [ -14.034291000317801, 7.84464200043164 ], [ -14.708996999822199, 8.79516500027461 ] ], [ [ -13.2381000002656, 8.485438999868871 ], [ -14.034291000317801, 7.84464200043164 ] ], [ [ -14.708996999822199, 8.79516500027461 ], [ -13.703822000344401, 9.51343199976264 ] ], [ [ -18.2195910001643, 13.7492380001678 ], [ -14.708996999822199, 8.79516500027461 ] ], [ [ -18.2195910001643, 13.7492380001678 ], [ -16.5813589996365, 13.4561349999614 ] ], [ [ -15.978283999727701, 18.0838710001523 ], [ -18.795763556676501, 18.097794765484 ] ], [ [ -18.795763556676501, 18.097794765484 ], [ -18.7781349995747, 15.9093279999451 ], [ -17.4457139999543, 14.6865979997627 ], [ -18.2195910001643, 13.7492380001678 ] ], [ [ -18.795763556676501, 18.097794765484 ], [ -18.795811000299899, 18.0977950002993 ] ], [ [ -16.306750000061001, 28.005794999868201 ], [ -18.813437999723099, 20.264871999888399 ], [ -18.795763556676501, 18.097794765484 ] ], [ [ -16.522765999852499, 28.292955999960999 ], [ -16.306750000061001, 28.005794999868201 ] ], [ [ -4.33854599997131, 47.811019999708698 ], [ -10.248258000196801, 45.033437000035399 ], [ -10.248258000196801, 38.886475000119503 ], [ -9.99884399998763, 38.6806339997949 ], [ -9.14806399978192, 38.7238460002566 ], [ -15.737755999561699, 29.148164000148199 ], [ -16.306750000061001, 28.005794999868201 ] ] ] } },
{ "type": "Feature", "properties": { "OBJECTID": 205, "cable_id": 1631, "Name": "Tata TGN-Gulf", "color": "#4fc1af", "length": "4,031 km", "rfs": "February 2012", "owners": "Tata Communications", "url": "http://www.tatacommunications.com", "Symbol": 10, "year": 2012 }, "geometry": { "type": "MultiLineString", "coordinates": [ [ [ 63.388018000405502, 15.7470710000359 ], [ 61.3526669995573, 23.2573329998419 ], [ 58.854525000179699, 24.1962160004041 ] ], [ [ 58.591145999871102, 23.6151040001502 ], [ 58.854525000179699, 24.1962160004041 ] ], [ [ 58.854525000179699, 24.1962160004041 ], [ 57.252083999697, 24.753586000244699 ], [ 56.855013999780503, 25.566419000077602 ] ], [ [ 56.333725999930003, 25.121692999774499 ], [ 56.855013999780503, 25.566419000077602 ] ], [ [ 55.308530999604898, 25.269351000354 ], [ 55.257457000258597, 26.053637999978498 ] ], [ [ 51.519276000376202, 25.294605999856 ], [ 52.6993530000451, 26.693810000345302 ] ], [ [ 56.855013999780503, 25.566419000077602 ], [ 56.539585000332302, 26.5632990003581 ], [ 56.095932999698199, 26.5632990003581 ], [ 55.257457000258597, 26.053637999978498 ] ], [ [ 55.257457000258597, 26.053637999978498 ], [ 53.804039999811998, 26.121172999656402 ], [ 52.6993530000451, 26.693810000345302 ] ], [ [ 50.576015000422501, 26.229497000094401 ], [ 51.886462999784101, 27.126690999986199 ] ], [ [ 52.6993530000451, 26.693810000345302 ], [ 51.886462999784101, 27.126690999986199 ] ], [ [ 51.886462999784101, 27.126690999986199 ], [ 51.049451999859301, 27.6005769996917 ], [ 50.214199000250602, 26.285373000255401 ] ] ] } },
{ "type": "Feature", "properties": { "OBJECTID": 206, "cable_id": 1632, "Name": "Xiamen-Kinmen Undersea Cable", "color": "#8dc851", "length": "21 km", "rfs": "August 2012", "owners": "Chunghwa Telecom,  China Telecom,  China Unicom,  China Mobile", "url": null, "Symbol": 11, "year": 2012 }, "geometry": { "type": "MultiLineString", "coordinates": [ [ [ 118.306924000012998, 24.476053999970901 ], [ 118.300869000163999, 24.5567310001401 ] ], [ [ 118.189053000006993, 24.493917000338499 ], [ 118.289931999901995, 24.455521000329501 ] ] ] } },
{ "type": "Feature", "properties": { "OBJECTID": 207, "cable_id": 1633, "Name": "Bicentenario", "color": "#f89635", "length": "250 km", "rfs": "December 2011", "owners": "Antel Uruguay,  Telecom Argentina", "url": null, "Symbol": 5, "year": 2011 }, "geometry": { "type": "LineString", "coordinates": [ [ -54.942073999942899, -34.9225620001313 ], [ -55.454037000257301, -35.257212999723102 ], [ -56.330744999948401, -36.031992999736701 ], [ -56.695441999644501, -36.470959000229101 ] ] } },
{ "type": "Feature", "properties": { "OBJECTID": 208, "cable_id": 1634, "Name": "Caribbean-Bermuda U.S. (CBUS)", "color": "#6c70b5", "length": "1,600 km", "rfs": "October 2009", "owners": "C&W Networks", "url": "http://www.cwnetworks.com/", "Symbol": 7, "year": 2009 }, "geometry": { "type": "LineString", "coordinates": [ [ -64.801637999730104, 32.258653999634603 ], [ -64.597145999831596, 18.414411000300198 ] ] } },
{ "type": "Feature", "properties": { "OBJECTID": 209, "cable_id": 1636, "Name": "Taiwan Strait Express-1 (TSE)-1", "color": "#f04230", "length": "260 km", "rfs": "January 2013", "owners": "China Unicom,  Far Eastone Telecommunications,  Taiwan Mobile,  China Telecom,  Chunghwa Telecom,  China Mobile", "url": null, "Symbol": 6, "year": 2013 }, "geometry": { "type": "LineString", "coordinates": [ [ 119.292470000253005, 26.071796999604999 ], [ 121.462586000410994, 25.181715000095199 ] ] } },
{ "type": "Feature", "properties": { "OBJECTID": 210, "cable_id": 1641, "Name": "CeltixConnect", "color": "#c1af30", "length": "131 km", "rfs": "January 2012", "owners": "AquaComms", "url": "http://www.aquacomms.com", "Symbol": 20, "year": 2012 }, "geometry": { "type": "LineString", "coordinates": [ [ -6.24830999983364, 53.348126000191399 ], [ -4.63039100005609, 53.306336000106299 ] ] } },
{ "type": "Feature", "properties": { "OBJECTID": 211, "cable_id": 1643, "Name": "Columbus-II b", "color": "#895c3c", "length": "2,068 km", "rfs": "December 1994", "owners": "n.a.", "url": null, "Symbol": 8, "year": 1994 }, "geometry": { "type": "LineString", "coordinates": [ [ -64.937086999654099, 18.372989000168101 ], [ -75.8406439998748, 27.327629000267901 ], [ -78.802409000329902, 27.327629000267901 ], [ -80.053335999794896, 26.715271000172201 ] ] } },
{ "type": "Feature", "properties": { "OBJECTID": 212, "cable_id": 1645, "Name": "Americas-I North", "color": "#f04230", "length": "2,012 km", "rfs": "September 1994", "owners": "n.a.", "url": null, "Symbol": 6, "year": 1994 }, "geometry": { "type": "LineString", "coordinates": [ [ -64.937086999654099, 18.372989000168101 ], [ -74.880780999796698, 27.638735999642599 ], [ -80.394254000133898, 27.638735999642599 ] ] } },
{ "type": "Feature", "properties": { "OBJECTID": 213, "cable_id": 1648, "Name": "Batam Dumai Melaka (BDM) Cable System", "color": "#ffd633", "length": "353 km", "rfs": "November 2009", "owners": "Moratelindo,  Telekom Malaysia", "url": "http://www.moratelindo.co.id", "Symbol": 18, "year": 2009 }, "geometry": { "type": "LineString", "coordinates": [ [ 103.962597999948002, 1.1347250003427 ], [ 103.006154000417993, 1.20873199961882 ], [ 102.269434999858007, 1.7882189999227 ], [ 101.700197999685003, 1.69568399967921 ], [ 101.447658999553994, 1.66552099968763 ], [ 101.670607999976994, 1.70788500029272 ], [ 101.775686000394003, 1.78138599976496 ], [ 101.913967000336996, 1.9600989996695 ], [ 102.220899999728999, 2.27326400027697 ] ] } },
{ "type": "Feature", "properties": { "OBJECTID": 214, "cable_id": 1651, "Name": "Svalbard Undersea Cable System", "color": "#0982c5", "length": "2,714 km", "rfs": "January 2004", "owners": "Telenor", "url": null, "Symbol": 13, "year": 2004 }, "geometry": { "type": "LineString", "coordinates": [ [ 15.557777999687399, 78.221950000021394 ], [ 13.898794999639801, 78.180735999931898 ], [ 12.926627999693901, 78.007982000075103 ], [ 16.167249999752499, 70.134247000049399 ], [ 16.5124649996249, 68.706903000055704 ], [ 16.545375000145899, 70.134247000049399 ], [ 13.358659000350499, 77.979857999971202 ], [ 14.087856999924099, 78.119693999989593 ], [ 15.557777999687399, 78.221950000021394 ] ] } },
{ "type": "Feature", "properties": { "OBJECTID": 215, "cable_id": 1664, "Name": "Oran-Valencia (ORVAL)", "color": "#9ea0a2", "length": "560 km", "rfs": "2016", "owners": "Algerie Telecom", "url": null, "Symbol": 0, "year": 2016 }, "geometry": { "type": "LineString", "coordinates": [ [ -0.376976000347781, 39.459648000232399 ], [ 0.458960999874491, 39.128321000252598 ], [ 0.512964000222059, 36.558839999655 ], [ -0.642015000164916, 35.701644999910201 ] ] } },
{ "type": "Feature", "properties": { "OBJECTID": 216, "cable_id": 1665, "Name": "Silphium", "color": "#76266a", "length": "425 km", "rfs": "January 2013", "owners": "Libya International Telecommunications Company", "url": "http://www.litc.ly", "Symbol": 24, "year": 2013 }, "geometry": { "type": "LineString", "coordinates": [ [ 22.639120999754699, 32.763634999624699 ], [ 23.299081000258401, 35.4644140001609 ], [ 23.531405000446501, 35.735659000219002 ], [ 23.855427999859899, 35.735659000219002 ], [ 24.012167000152299, 35.512043999860097 ] ] } },
{ "type": "Feature", "properties": { "OBJECTID": 217, "cable_id": 1666, "Name": "Canalink", "color": "#4fc1af", "length": "1,835 km", "rfs": "2011", "owners": "IT3", "url": null, "Symbol": 10, "year": 2011 }, "geometry": { "type": "MultiLineString", "coordinates": [ [ [ -15.7394169997935, 28.3947189998837 ], [ -16.0311639999689, 28.292955999960999 ], [ -16.522765999852499, 28.292955999960999 ], [ -16.067981000035999, 28.1819719997116 ], [ -16.2580690003422, 27.824924999761599 ], [ -16.658459000174101, 27.824924999761599 ], [ -17.364805999604901, 28.663267999845601 ], [ -17.765196000335099, 28.663267999845601 ] ], [ [ -15.7394169997935, 28.3947189998837 ], [ -15.4877079998661, 28.1343589999695 ] ], [ [ -15.4744270003801, 28.487115000064801 ], [ -15.7394169997935, 28.3947189998837 ] ], [ [ -15.4744270003801, 28.487115000064801 ], [ -15.254064999753, 28.260103000351599 ], [ -15.254064999753, 27.959398000073801 ], [ -15.398742999851899, 27.959398000073801 ] ], [ [ -15.4744270003801, 28.487115000064801 ], [ -15.6999150000209, 28.5020489997463 ], [ -16.412560999698702, 28.310583000122602 ] ], [ [ -8.280095999645869, 35.8170270003179 ], [ -10.9733550000555, 34.840744999803903 ], [ -10.7754059999031, 33.870178999715002 ], [ -15.4744270003801, 28.487115000064801 ] ], [ [ -8.280095999645869, 35.8170270003179 ], [ -6.03576100027039, 35.4706179996911 ] ], [ [ -6.36300700041291, 36.626269999917199 ], [ -8.280095999645869, 35.8170270003179 ] ] ] } },
{ "type": "Feature", "properties": { "OBJECTID": 218, "cable_id": 1667, "Name": "Lower Indian Ocean Network 2 (LION2)", "color": "#548f51", "length": "2,700 km", "rfs": "April 2012", "owners": "Orange,  Mauritius Telecom,  Orange Madagascar,  Telkom Kenya,  Société réunionnaise du radiotéléphone,  Emtel,  STOI", "url": null, "Symbol": 12, "year": 2012 }, "geometry": { "type": "MultiLineString", "coordinates": [ [ [ 48.222988999913497, -10.192066999734701 ], [ 45.165765000101899, -12.817091999645999 ] ], [ [ 39.700144000003299, -4.05029700038376 ], [ 43.836274000409503, -4.90042199993874 ], [ 52.928259000408801, -15.727923999723 ], [ 51.634510000357601, -19.1852489995963 ] ] ] } },
{ "type": "Feature", "properties": { "OBJECTID": 219, "cable_id": 1668, "Name": "Balkans-Italy Network (BIN)", "color": "#9ea0a2", "length": "276 km", "rfs": "Q2 2016", "owners": "UNIFI Communications", "url": "http://bin.al", "Symbol": 0, "year": 2016 }, "geometry": { "type": "LineString", "coordinates": [ [ 16.868811999753301, 41.125712999782301 ], [ 18.158557000174, 41.210840999880801 ], [ 19.3541620002648, 41.210840999880801 ] ] } },
{ "type": "Feature", "properties": { "OBJECTID": 220, "cable_id": 1669, "Name": "South Atlantic Express (SAEx)", "color": "#9ea0a2", "length": "10,400 km", "rfs": "2017", "owners": "SimplCom", "url": null, "Symbol": 0, "year": 2017 }, "geometry": { "type": "MultiLineString", "coordinates": [ [ [ 8.018361244192249, -25.447536155046699 ], [ 8.018329999888341, -25.4475479996036 ] ], [ [ 8.018361244192249, -25.447536155046699 ], [ 16.408069999996499, -33.777879999685801 ], [ 18.155530000161701, -33.348060999647501 ], [ 16.600062000208698, -33.922648999949203 ], [ 18.4153929998382, -35.6555800002998 ], [ 26.506695999711599, -35.6555800002998 ], [ 32.0355009997538, -30.783618999760598 ], [ 31.757962000250402, -28.950555000019602 ] ], [ [ 14.5223299997136, -22.957357999808099 ], [ 8.018361244192249, -25.447536155046699 ] ], [ [ -38.5429650003327, -3.71873699985809 ], [ -34.108592999685399, -3.8378129999007 ], [ -32.888721000341, -4.81722600018491 ], [ -6.07970699988951, -15.561193999701899 ], [ -5.70470700031601, -15.9221290000614 ], [ -6.07970699988951, -15.9221290000614 ], [ -6.07970699988951, -16.1623930001169 ], [ 6.74225699966417, -24.122466000134899 ], [ 8.018361244192249, -25.447536155046699 ] ] ] } },
{ "type": "Feature", "properties": { "OBJECTID": 221, "cable_id": 1671, "Name": "East-West", "color": "#ca1c6e", "length": "1,750 km", "rfs": "February 2011", "owners": "C&W Networks", "url": "http://www.cwc.com", "Symbol": 22, "year": 2011 }, "geometry": { "type": "MultiLineString", "coordinates": [ [ [ -70.188353000192805, 16.9820080000875 ], [ -67.253149999607899, 16.973322000172299 ], [ -64.597145999831596, 18.414411000300198 ] ], [ [ -76.71676599976, 17.949954999859401 ], [ -76.011932000422803, 16.973322000172299 ], [ -70.188353000192805, 16.9820080000875 ] ], [ [ -70.161789999599407, 18.699369000111499 ], [ -70.188353000192805, 16.9820080000875 ] ] ] } },
{ "type": "Feature", "properties": { "OBJECTID": 222, "cable_id": 1672, "Name": "Seychelles to East Africa System (SEAS)", "color": "#f04230", "length": "1,930 km", "rfs": "August 2012", "owners": "Seychelles Cable System Ltd.", "url": null, "Symbol": 6, "year": 2012 }, "geometry": { "type": "LineString", "coordinates": [ [ 39.269674999844199, -6.82313199991862 ], [ 55.445054000129801, -4.61761200004992 ] ] } },
{ "type": "Feature", "properties": { "OBJECTID": 223, "cable_id": 1673, "Name": "Hibernia Express", "color": "#9ea0a2", "length": "4,600 km", "rfs": "September 2015", "owners": "Hibernia Networks", "url": "http://www.hibernianetworks.com", "Symbol": 0, "year": 2015 }, "geometry": { "type": "MultiLineString", "coordinates": [ [ [ -7.85324100002822, 50.818888000059502 ], [ -20.0237400002075, 48.755926999876401 ], [ -56.996858000210899, 41.709776000286801 ], [ -63.575807999722201, 44.646180000202499 ] ], [ [ -3.01086100027554, 51.2936450000443 ], [ -4.34406299969546, 51.397432999929002 ], [ -7.85324100002822, 50.818888000059502 ] ], [ [ -8.472722000242859, 51.898605999992299 ], [ -8.327557000072231, 51.667824999894798 ], [ -7.85324100002822, 50.818888000059502 ] ] ] } },
{ "type": "Feature", "properties": { "OBJECTID": 224, "cable_id": 1675, "Name": "Saudi Arabia-Sudan-2 (SAS-2)", "color": "#f5cb13", "length": "330 km", "rfs": "July 2011", "owners": "Sudan Telecom Company,  Saudi Telecom", "url": null, "Symbol": 28, "year": 2011 }, "geometry": { "type": "LineString", "coordinates": [ [ 37.219676999729501, 19.615563999896001 ], [ 37.640575000305198, 20.941575999676601 ], [ 39.182761000049098, 21.481532000197301 ] ] } },
{ "type": "Feature", "properties": { "OBJECTID": 225, "cable_id": 1677, "Name": "Jonah", "color": "#ffd633", "length": "2,297 km", "rfs": "January 2012", "owners": "Bezeq International Ltd.", "url": "http://www.bezeqint.net", "Symbol": 18, "year": 2012 }, "geometry": { "type": "LineString", "coordinates": [ [ 34.7696789997702, 32.045010000142398 ], [ 32.037259000069902, 33.527318999970902 ], [ 22.888437000054601, 34.868231999670598 ], [ 18.783751999756301, 39.619532999661999 ], [ 18.783751999756301, 40.643525999976397 ], [ 16.868811999753301, 41.125712999782301 ] ] } },
{ "type": "Feature", "properties": { "OBJECTID": 226, "cable_id": 1679, "Name": "Asia Submarine-cable Express (ASE)/Cahaya Malaysia", "color": "#f89635", "length": "7,500 km", "rfs": "August 2012", "owners": "NTT,  PLDT,  Telekom Malaysia,  Starhub", "url": null, "Symbol": 5, "year": 2012 }, "geometry": { "type": "MultiLineString", "coordinates": [ [ [ 106.930369999673999, 2.63543000042512 ], [ 103.850683999881994, 2.29570699985265 ] ], [ [ 106.930369999673999, 2.63543000042512 ], [ 104.390235000087998, 1.3727530000374 ], [ 104.199316999578997, 1.32237599987386 ], [ 103.985937999811995, 1.38534700043737 ] ], [ [ 110.317280999833997, 4.31693700035593 ], [ 106.930369999673999, 2.63543000042512 ] ], [ [ 110.317280999833997, 4.31693700035593 ], [ 103.916699999843999, 8.305938999702329 ], [ 103.507032000332003, 10.6355839996376 ] ], [ [ 119.371961999695003, 18.759483999928399 ], [ 119.371940802148998, 18.759498921047701 ] ], [ [ 119.371940802148998, 18.759498921047701 ], [ 118.032510000431003, 17.9927789998573 ], [ 116.649894000274998, 11.521389999950699 ], [ 110.317280999833997, 4.31693700035593 ] ], [ [ 119.371940802148998, 18.759498921047701 ], [ 114.258684999918998, 22.318296000211198 ] ], [ [ 126.857211000226002, 19.479730999734102 ], [ 124.031139000091997, 15.169060999978701 ], [ 122.950085000092002, 14.1165219995738 ] ], [ [ 126.857211000226002, 19.479730999734102 ], [ 122.024011000244002, 20.267253999987201 ], [ 119.371940802148998, 18.759498921047701 ] ], [ [ 139.816967000001, 35.037518999732598 ], [ 140.195873000194013, 28.096978000262801 ], [ 126.857211000226002, 19.479730999734102 ] ] ] } },
{ "type": "Feature", "properties": { "OBJECTID": 227, "cable_id": 1680, "Name": "PGASCOM", "color": "#895c3c", "length": "264 km", "rfs": "2010", "owners": "PGASCOM", "url": "http://www.pgascom.co.id", "Symbol": 8, "year": 2010 }, "geometry": { "type": "LineString", "coordinates": [ [ 103.466700000355999, -0.816539000061084 ], [ 103.904102000248002, -0.4609960002152 ], [ 103.842285999734997, 0.305402999674041 ], [ 103.597168999958001, 0.738001000083141 ], [ 103.721386999892005, 1.1649919995558 ], [ 103.962597999948002, 1.1347250003427 ], [ 103.705958000102001, 1.25930699979887 ] ] } },
{ "type": "Feature", "properties": { "OBJECTID": 228, "cable_id": 1682, "Name": "Interchange Cable Network 1 (ICN1)", "color": "#b2703f", "length": "1,238 km", "rfs": "January 2014", "owners": "Interchange", "url": "http://www.interchange.vu", "Symbol": 4, "year": 2014 }, "geometry": { "type": "LineString", "coordinates": [ [ 168.32300199968401, -17.730505000091998 ], [ 178.426705999630997, -18.151561000020401 ] ] } },
{ "type": "Feature", "properties": { "OBJECTID": 229, "cable_id": 1683, "Name": "Australia-Singapore Cable (ASC)", "color": "#b3b5b7", "length": "4,600 km", "rfs": "2017", "owners": "Nextgen Networks", "url": "http://www.ascinternational.net", "Symbol": 1, "year": 2017 }, "geometry": { "type": "MultiLineString", "coordinates": [ [ [ 115.857316000040996, -31.953439000359701 ], [ 112.770990000419005, -31.327397999819599 ], [ 103.623535999834004, -7.61581400034618 ], [ 105.846190999751997, -5.78493199994626 ], [ 106.349998999594007, -5.28940600024876 ] ], [ [ 106.349998999594007, -5.28940600024876 ], [ 106.833397000397994, -6.17158700020941 ] ], [ [ 106.349998999594007, -5.28940600024876 ], [ 106.945799000361006, -4.57468399989861 ], [ 106.945799000361006, -2.18664100033347 ], [ 104.534765999873997, 0.517701999857273 ], [ 104.241699999773999, 0.590452999706853 ], [ 103.952833000195994, 0.899313000029033 ], [ 103.825293999623, 0.950087000080486 ], [ 103.788575000364006, 1.01326199969394 ], [ 103.946485000443005, 1.32725800017487 ] ] ] } },
{ "type": "Feature", "properties": { "OBJECTID": 230, "cable_id": 1684, "Name": "Emerald Bridge Fibres", "color": "#38bced", "length": "120 km", "rfs": "December 2012", "owners": "Zayo Group,  ESB Telecoms", "url": "http://www.emeraldbridgefibres.com", "Symbol": 9, "year": 2012 }, "geometry": { "type": "LineString", "coordinates": [ [ -6.19796799988318, 53.410136999930103 ], [ -5.62296899976318, 53.605364000117703 ], [ -5.09074200000062, 53.541867999788899 ], [ -4.63039100005609, 53.306336000106299 ] ] } },
{ "type": "Feature", "properties": { "OBJECTID": 231, "cable_id": 1685, "Name": "Geo-Eirgrid", "color": "#91a34b", "length": "187 km", "rfs": "December 2012", "owners": "Eirgrid", "url": "http://www.geo-uk.net", "Symbol": 2, "year": 2012 }, "geometry": { "type": "LineString", "coordinates": [ [ -6.16583900006011, 53.5265449997923 ], [ -5.65802699968926, 53.765215999928998 ], [ -3.33083200037782, 53.451941000191397 ], [ -3.02755999958603, 53.201727000102899 ] ] } },
{ "type": "Feature", "properties": { "OBJECTID": 232, "cable_id": 1686, "Name": "America Movil Submarine Cable System-1 (AMX-1)", "color": "#565da6", "length": "17,800 km", "rfs": "2014", "owners": "América Móvil", "url": "http://www.americamovil.com", "Symbol": 17, "year": 2014 }, "geometry": { "type": "MultiLineString", "coordinates": [ [ [ -43.209563000360397, -22.9034840000527 ], [ -41.614447000146697, -23.1545009997653 ], [ -38.591061000070397, -19.3090709997497 ], [ -38.008638999772202, -17.280857999843501 ], [ -35.799803000363802, -14.3493159999403 ] ], [ [ -35.799803000363802, -14.3493159999403 ], [ -33.3208490001836, -11.012573999616601 ], [ -33.3208490001836, -5.02544000010993 ], [ -34.378514999740197, -4.17662999999285 ], [ -38.5429650003327, -3.71873699985809 ], [ -39.183881999607301, -0.038735999785681 ], [ -52.024009999782898, 10.5809679998418 ], [ -59.727129999607897, 19.687299000140499 ], [ -64.909241836350603, 21.628940317434498 ] ], [ [ -38.504487999858902, -12.969972999731599 ], [ -35.799803000363802, -14.3493159999403 ] ], [ [ -75.505731999879799, 10.3868030001093 ], [ -80.519107000277501, 15.7200929996815 ], [ -82.266468999635094, 16.847748000102499 ], [ -85.230691351431304, 19.888642410869299 ] ], [ [ -88.597128999766696, 15.7272380003999 ], [ -85.230691351431304, 19.888642410869299 ] ], [ [ -70.691184000416698, 19.799436000176801 ], [ -70.691184000416698, 21.325510999898501 ] ], [ [ -70.6835670000698, 19.803387000355102 ], [ -68.764574000032496, 20.270460000249599 ], [ -66.6905039997595, 19.436453999923 ], [ -66.106666000350202, 18.466105000394901 ], [ -64.909241836350603, 21.628940317434498 ] ], [ [ -85.230691351431304, 19.888642410869299 ], [ -85.2306269997176, 19.8887209999994 ] ], [ [ -85.230691351431304, 19.888642410869299 ], [ -85.892443000446704, 20.5599449999307 ], [ -85.892443000446704, 21.101828999650099 ] ], [ [ -86.767588999640296, 21.095725000044201 ], [ -85.892443000446704, 21.101828999650099 ] ], [ [ -85.892443000446704, 21.101828999650099 ], [ -85.892443000446704, 21.608516000142401 ], [ -83.4063120001356, 23.913976999677001 ], [ -81.005923000007797, 23.913976999677001 ], [ -79.389859999557302, 24.527859999963699 ], [ -80.226431000164396, 25.789001999907502 ] ], [ [ -70.691184000416698, 21.325510999898501 ], [ -72.645869999691399, 21.010420000107398 ], [ -73.944697999798805, 20.503701000163598 ], [ -75.012861000299907, 18.317281000425801 ], [ -74.779756000312204, 10.940450000107599 ] ], [ [ -64.909241836350603, 21.628940317434498 ], [ -69.217844999930506, 23.2237729996803 ] ], [ [ -64.909205999858997, 21.629034000038502 ], [ -64.909241836350603, 21.628940317434498 ] ], [ [ -69.217844999930506, 23.2237729996803 ], [ -70.691184000416698, 21.325510999898501 ] ], [ [ -69.217844999930506, 23.2237729996803 ], [ -73.3343460002, 28.715438999836 ], [ -81.655629999964503, 30.332098000266299 ] ] ] } },
{ "type": "Feature", "properties": { "OBJECTID": 233, "cable_id": 1687, "Name": "Tonga Cable", "color": "#a6459a", "length": "827 km", "rfs": "August 2013", "owners": "Tonga Communications Corporation,  Government of Tonga", "url": "http://www.tongacable.net", "Symbol": 30, "year": 2013 }, "geometry": { "type": "MultiLineString", "coordinates": [ [ [ -179.99979800042999, -18.8682199997154 ], [ -175.199996999793001, -21.133467999877201 ] ], [ [ 179.999947000393007, -18.8682199997154 ], [ 178.437447999899007, -18.1238119996002 ] ] ] } },
{ "type": "Feature", "properties": { "OBJECTID": 234, "cable_id": 1688, "Name": "Kattegat 2", "color": "#ffd633", "length": "75 km", "rfs": "2001", "owners": "TDC", "url": null, "Symbol": 18, "year": 2001 }, "geometry": { "type": "MultiLineString", "coordinates": [ [ [ 10.514617999588699, 57.244916999886897 ], [ 10.966961000272301, 57.272646000190697 ] ], [ [ 11.199284999562099, 57.313752000044801 ], [ 12.2903000000308, 56.683368999996901 ], [ 12.6833660003169, 56.683368999996901 ] ] ] } },
{ "type": "Feature", "properties": { "OBJECTID": 235, "cable_id": 1689, "Name": "Pishgaman Oman Iran (POI) Network", "color": "#b3b5b7", "length": "400 km", "rfs": "June 2012", "owners": "Pishgaman Kavir", "url": "http://www.pishgaman.com", "Symbol": 1, "year": 2012 }, "geometry": { "type": "LineString", "coordinates": [ [ 60.632843999748602, 25.295930000075501 ], [ 58.004427999864397, 23.679601999742101 ], [ 57.959310999560003, 25.190817000079701 ], [ 57.797298999940899, 25.681326999747501 ] ] } },
{ "type": "Feature", "properties": { "OBJECTID": 236, "cable_id": 1691, "Name": "AEConnect (AEC)", "color": "#b3b5b7", "length": "5,400 km", "rfs": "December 2015", "owners": "AquaComms", "url": "http://www.aquacomms.com", "Symbol": 1, "year": 2015 }, "geometry": { "type": "LineString", "coordinates": [ [ -9.23214599955841, 54.207115000204404 ], [ -9.44840499992257, 54.396755999998199 ], [ -20.284140000184401, 54.414347999915002 ], [ -56.865217999923701, 42.981932999928603 ], [ -72.8721890002588, 40.800579999839499 ] ] } },
{ "type": "Feature", "properties": { "OBJECTID": 237, "cable_id": 1692, "Name": "Guam Okinawa Kyushu Incheon (GOKI)", "color": "#548f51", "length": "4,244 km", "rfs": "December 2013", "owners": "AT&T", "url": "http://www.att.com", "Symbol": 12, "year": 2013 }, "geometry": { "type": "MultiLineString", "coordinates": [ [ [ 144.800361999805006, 13.513682999672801 ], [ 127.114827999689993, 25.814058999761599 ] ], [ [ 127.114827999689993, 25.814058999761599 ], [ 127.680842999857006, 26.212413999941599 ] ], [ [ 127.114827999689993, 25.814058999761599 ], [ 127.680842999857006, 33.546774000058797 ], [ 129.701057000096, 34.033165000295 ], [ 130.457208000250006, 34.033165000295 ], [ 131.031915000292003, 33.8395239999059 ] ] ] } },
{ "type": "Feature", "properties": { "OBJECTID": 238, "cable_id": 1693, "Name": "TERRA SW", "color": "#f37380", "length": "n.a.", "rfs": "2012", "owners": "GCI", "url": "http://www.alaskaunited.com", "Symbol": 14, "year": 2012 }, "geometry": { "type": "MultiLineString", "coordinates": [ [ [ -154.75274600017201, 59.442186000096001 ], [ -154.792004000446013, 59.527870999804897 ], [ -154.84669099960999, 59.708048999797299 ], [ -154.906115000320995, 59.754713000018199 ], [ -154.82169100023799, 59.716717000023401 ], [ -154.646446999739993, 59.706890999908701 ], [ -154.473254000358992, 59.755303000047498 ], [ -154.31544100036399, 59.7608119998863 ], [ -154.168664000365993, 59.747382999960301 ], [ -154.120129000237, 59.766319999834202 ], [ -154.10611499973399, 59.787212000078704 ], [ -154.093567000366988, 59.767105999789003 ], [ -154.043566999825003, 59.756876999960198 ], [ -153.954503999900993, 59.771827000035302 ], [ -153.880480999604998, 59.776103999927102 ], [ -153.95606700022401, 59.7639590001953 ], [ -154.035753999658994, 59.734047000208797 ], [ -154.123254000157999, 59.711988999968902 ], [ -154.245128999795014, 59.701743000203898 ], [ -154.392003999703007, 59.697801000153603 ], [ -154.647374999851991, 59.6535979999286 ], [ -154.695129000181993, 59.6180810001525 ], [ -154.754503999590014, 59.521531000154297 ], [ -154.75274600017201, 59.442186000096001 ] ], [ [ -151.54425200011201, 59.646567000191901 ], [ -152.042590999910999, 59.560813000067299 ], [ -153.310511000210994, 59.537626000188602 ], [ -153.545129000292008, 59.6180810001525 ], [ -153.591076999725999, 59.635535999788097 ], [ -153.632140999996011, 59.6823750001438 ] ], [ [ -154.899766999669993, 59.7181200000174 ], [ -154.876379000125013, 59.6954359998021 ], [ -154.943565999874011, 59.633091999971597 ], [ -155.045127999659002, 59.597528000134098 ], [ -155.793565000281006, 59.400852999946999 ], [ -155.89473700007801, 59.327774999855599 ], [ -155.776378000174986, 59.387328999968403 ], [ -155.264952000161003, 59.462362000092703 ], [ -154.79356600004499, 59.469978000169803 ], [ -154.75274600017201, 59.442186000096001 ] ], [ [ -154.858848999888011, 59.949182000121503 ], [ -154.847715999807008, 59.972622000223701 ], [ -154.708116999764997, 60.0603230001893 ], [ -154.55811699993501, 60.128876000061197 ], [ -154.517639000369002, 60.1419810000029 ], [ -154.42950399966, 60.179152999807101 ], [ -154.390441000278997, 60.1946900000734 ], [ -154.336925999827997, 60.200367999814297 ] ] ] } },
{ "type": "Feature", "properties": { "OBJECTID": 239, "cable_id": 1695, "Name": "OMRAN/EPEG Cable System", "color": "#f04230", "length": "600 km", "rfs": "Q1 2013", "owners": "Omantel,  Vodafone", "url": "http://www.omantel.om", "Symbol": 6, "year": 2013 }, "geometry": { "type": "MultiLineString", "coordinates": [ [ [ 57.323861999605803, 24.420847000184601 ], [ 58.004427999864397, 23.679601999742101 ] ], [ [ 57.797298999940899, 25.681326999747501 ], [ 57.797298999940899, 25.190817000079701 ], [ 57.323861999605803, 24.420847000184601 ] ], [ [ 56.246812000134902, 26.181306999890801 ], [ 56.328256999886399, 26.435526000024801 ], [ 56.489779999783899, 26.435526000024801 ], [ 56.5708350004465, 25.790847999873801 ], [ 56.257945000215699, 25.616975000292999 ], [ 57.323861999605803, 24.420847000184601 ] ] ] } },
{ "type": "Feature", "properties": { "OBJECTID": 240, "cable_id": 1696, "Name": "Balalink", "color": "#38bced", "length": "274 km", "rfs": "October 2001", "owners": "IslaLink", "url": "http://www.islalink.es", "Symbol": 9, "year": 2001 }, "geometry": { "type": "LineString", "coordinates": [ [ -0.376976000347781, 39.459648000232399 ], [ 2.60524800044742, 39.384737999960599 ], [ 2.60524800044742, 39.552326000145598 ] ] } },
{ "type": "Feature", "properties": { "OBJECTID": 241, "cable_id": 1697, "Name": "High-capacity Undersea Guernsey Optical-fibre (HUGO)", "color": "#0982c5", "length": "425 km", "rfs": "2007", "owners": "Sure", "url": null, "Symbol": 13, "year": 2007 }, "geometry": { "type": "MultiLineString", "coordinates": [ [ [ -2.55822499968897, 49.426851000232801 ], [ -2.55822499968897, 49.374007999929503 ], [ -3.45988400014558, 48.873414999801902 ], [ -3.45988400014558, 48.7305549999042 ] ], [ [ -2.53757000042862, 49.5095440002316 ], [ -5.65451199978031, 49.920384999805201 ], [ -5.65451199978031, 50.043151000254198 ] ] ] } },
{ "type": "Feature", "properties": { "OBJECTID": 242, "cable_id": 1699, "Name": "Ceiba-1", "color": "#0982c5", "length": "287 km", "rfs": "June 2011", "owners": "Ministerio de Transportes,  Tecnologia,  Correos y Telecomunicaciones", "url": null, "Symbol": 13, "year": 2011 }, "geometry": { "type": "LineString", "coordinates": [ [ 9.76823100025989, 1.86015500013983 ], [ 9.4250680004314, 2.96716199988512 ], [ 9.052802000068899, 3.85951099972061 ], [ 8.78229500003313, 3.85951099972061 ], [ 8.78229500003313, 3.75086499994362 ] ] } },
{ "type": "Feature", "properties": { "OBJECTID": 243, "cable_id": 1700, "Name": "INGRID", "color": "#bd75b1", "length": "64 km", "rfs": "October 2004", "owners": "n.a.", "url": null, "Symbol": 3, "year": 2004 }, "geometry": { "type": "MultiLineString", "coordinates": [ [ [ -2.02131100040564, 49.225278999852797 ], [ -1.65002199966136, 49.283282999993801 ] ], [ [ -2.52941599978119, 49.451045000021097 ], [ -2.20138899983909, 49.265602000024401 ], [ -2.20138899983909, 49.248041999980401 ] ] ] } },
{ "type": "Feature", "properties": { "OBJECTID": 244, "cable_id": 1701, "Name": "Pencan-8", "color": "#b3b5b7", "length": "1,400 km", "rfs": "2011", "owners": "Telefonica", "url": null, "Symbol": 1, "year": 2011 }, "geometry": { "type": "LineString", "coordinates": [ [ -6.30905199974592, 36.532714000188101 ], [ -9.623259000433119, 35.833020999771001 ], [ -11.4776519996191, 35.003929000074798 ], [ -11.311099000069101, 33.952844999722501 ], [ -15.5464970003669, 28.8682909997164 ], [ -15.9405390004463, 28.345052999745 ], [ -16.522765999852499, 28.292955999960999 ] ] } },
{ "type": "Feature", "properties": { "OBJECTID": 245, "cable_id": 1702, "Name": "Guernsey-Jersey-4", "color": "#f89635", "length": "36 km", "rfs": "Janaury 1994", "owners": "n.a.", "url": null, "Symbol": 5, "year": 1994 }, "geometry": { "type": "LineString", "coordinates": [ [ -2.20138899983909, 49.248041999980401 ], [ -2.55807800027421, 49.423325999757999 ] ] } },
{ "type": "Feature", "properties": { "OBJECTID": 246, "cable_id": 1703, "Name": "UK-Channel Islands-7", "color": "#ffd633", "length": "124 km", "rfs": "January 1994", "owners": "n.a.", "url": null, "Symbol": 18, "year": 1994 }, "geometry": { "type": "LineString", "coordinates": [ [ -2.53337099990615, 49.503393000111899 ], [ -3.47023600042682, 50.282502000090098 ], [ -3.57839000036166, 50.351750000071597 ] ] } },
{ "type": "Feature", "properties": { "OBJECTID": 247, "cable_id": 1704, "Name": "UK-Channel Islands-8", "color": "#895c3c", "length": "237 km", "rfs": "January 1994", "owners": "n.a.", "url": null, "Symbol": 8, "year": 1994 }, "geometry": { "type": "LineString", "coordinates": [ [ -2.22599800029783, 49.215711000070499 ], [ -5.17296900027497, 50.0225440002882 ] ] } },
{ "type": "Feature", "properties": { "OBJECTID": 248, "cable_id": 1705, "Name": "Turcyos-2", "color": "#6c70b5", "length": "213 km", "rfs": "March 2011", "owners": "Turk Telekom", "url": "http://www.turktelekom.com.tr", "Symbol": 7, "year": 2011 }, "geometry": { "type": "LineString", "coordinates": [ [ 35.999365000168901, 36.082338000340897 ], [ 35.783057000299301, 36.082338000340897 ], [ 34.113136000164502, 35.297289000007403 ], [ 33.896828000294803, 35.297289000007403 ] ] } },
{ "type": "Feature", "properties": { "OBJECTID": 249, "cable_id": 1709, "Name": "South Atlantic Cable System (SACS)", "color": "#b3b5b7", "length": "6,500 km", "rfs": "Q1 2017", "owners": "Angola Cables", "url": "http://www.angolacables.co.ao", "Symbol": 1, "year": 2017 }, "geometry": { "type": "LineString", "coordinates": [ [ -38.5429650003327, -3.71873699985809 ], [ -34.243553999712901, -4.00723899996397 ], [ -33.104784999813099, -4.92134099960553 ], [ -33.104784999813099, -8.81256499966649 ], [ 13.2350260003976, -8.81256499966649 ] ] } },
{ "type": "Feature", "properties": { "OBJECTID": 250, "cable_id": 1712, "Name": "Arctic Fibre", "color": "#9ea0a2", "length": "15,263 km", "rfs": "December 2016", "owners": "Arctic Fibre Inc.", "url": "http://www.arcticfibre.com", "Symbol": 0, "year": 2016 }, "geometry": { "type": "MultiLineString", "coordinates": [ [ [ 140.612475000162988, 36.383480999681197 ], [ 144.390011000403007, 37.048946999868299 ], [ 157.315587999960002, 45.632818000222301 ], [ 163.302106999921989, 49.960136999714003 ] ], [ [ -122.329428999892997, 47.603789999904599 ], [ -122.594467999710005, 47.9793950001105 ], [ -122.979135999850001, 48.229776000049299 ], [ -123.699936000175001, 48.195189000176399 ], [ -124.726205000202995, 48.3480360001872 ], [ -125.895833000403996, 48.554300000007302 ], [ -128.319072999776012, 49.960136999714003 ], [ -179.999896000339987, 49.960136999714003 ] ], [ [ 163.302106999921989, 49.960136999714003 ], [ 179.999947000393007, 49.960136999714003 ] ], [ [ 163.302106999921989, 49.960136999714003 ], [ 179.999947000393007, 60.177622999865598 ] ], [ [ -8.472722000242859, 50.9807450001896 ], [ -19.0931739999338, 50.122358000005399 ], [ -56.685431999670001, 59.104387999808701 ], [ -64.517067999685494, 60.977123999820698 ], [ -67.099829000038298, 61.222917000169097 ], [ -70.026242999766097, 61.729087000047699 ], [ -73.032784000043705, 62.909931000176101 ], [ -76.1338559995651, 63.042754999946098 ], [ -78.721988999877098, 62.778310999985401 ] ], [ [ -2.9748750002368, 51.222445999816799 ], [ -3.94347799986997, 51.342076000105401 ], [ -8.472722000242859, 50.9807450001896 ] ], [ [ -8.472722000242859, 51.898605999992299 ], [ -8.472722000242859, 50.9807450001896 ] ], [ [ -78.721988999877098, 62.778310999985401 ], [ -78.794011000183303, 62.094114999961 ], [ -79.226139000025896, 61.169018999976998 ], [ -81.206557999690602, 59.764819999776101 ], [ -81.674623999891494, 56.769120999965402 ], [ -80.954507000354795, 54.967657000077303 ], [ -79.433903000159106, 53.782876000214401 ], [ -78.893814999652093, 53.782876000214401 ] ], [ [ -78.721988999877098, 62.778310999985401 ], [ -79.543618999693095, 63.673025999978996 ], [ -79.802262000077206, 67.090203000091194 ], [ -80.506508999783506, 69.167756000062695 ], [ -81.384975999615605, 69.589919000051395 ], [ -83.161536999766597, 69.8489979999149 ], [ -84.7832149998506, 69.936301999917106 ], [ -86.128869000174603, 69.886593000076999 ], [ -87.394785999936104, 69.817755000149603 ], [ -88.696200999839704, 69.900374000087993 ], [ -90.532430000200506, 70.558473000010196 ], [ -91.900836999859493, 71.472633999902996 ], [ -94.033403999657097, 71.883474999891504 ], [ -94.505717999885803, 72.011891999872006 ], [ -94.855132000280705, 71.997922999967699 ], [ -95.304790000360498, 71.954850999921902 ], [ -96.023587999972193, 71.892066000131095 ], [ -97.193899999888998, 71.402422000108899 ], [ -98.530667000344906, 70.7272260000899 ], [ -99.426223000373099, 69.776153999963199 ], [ -101.082714999985996, 69.113544999904207 ], [ -101.083350000194997, 68.681035999862004 ], [ -101.420264000006, 68.358759000160902 ], [ -102.321971999968, 68.268434000048401 ], [ -103.216161000390002, 68.3687330000147 ], [ -104.849313999963996, 68.709261000010997 ], [ -105.635105000053997, 68.925763000120099 ] ], [ [ -105.635105000053997, 68.925763000120099 ], [ -105.053805999862007, 69.117652999855196 ] ], [ [ -105.635105000053997, 68.925763000120099 ], [ -105.964353000011997, 69.010035999973496 ], [ -106.747066999861005, 69.0241989999803 ], [ -107.535396000242002, 68.831718999870404 ], [ -108.666547999795, 68.682012000079595 ], [ -111.175140000260996, 68.114626999885004 ], [ -112.514885000326004, 68.022055000040595 ], [ -113.470840999958995, 68.299979000083994 ], [ -113.692911999600994, 68.606817000145398 ], [ -113.995646000267001, 68.856918999880705 ], [ -114.441349000222004, 69.0539800000263 ], [ -116.194374999616997, 69.1509569998545 ], [ -118.042127000045994, 69.462372000155796 ], [ -125.793879999908995, 70.971850999975999 ], [ -139.803538000376989, 71.947528999984996 ], [ -148.338395000077014, 71.947528999984996 ] ], [ [ -148.338395000077014, 70.255744999873698 ], [ -148.338395000077014, 71.947528999984996 ] ], [ [ -148.338395000077014, 71.947528999984996 ], [ -168.694435000368003, 71.947528999984996 ], [ -168.694435000368003, 65.723508999958199 ], [ -175.570406999929986, 62.462277999907798 ], [ -179.999896000339987, 60.177622999865598 ] ] ] } },
{ "type": "Feature", "properties": { "OBJECTID": 251, "cable_id": 1713, "Name": "Tamares North", "color": "#b3b5b7", "length": "345 km", "rfs": "January 2012", "owners": "Tamares UK Group", "url": "http://www.tamarestelecom.com", "Symbol": 1, "year": 2012 }, "geometry": { "type": "LineString", "coordinates": [ [ 32.466652999803202, 34.766571999678497 ], [ 32.466652999803202, 34.409050999913099 ], [ 34.242530000239, 32.8115799996853 ], [ 34.998780000127503, 32.8115799996853 ] ] } },
{ "type": "Feature", "properties": { "OBJECTID": 252, "cable_id": 1725, "Name": "eulaLink", "color": "#9ea0a2", "length": "n.a.", "rfs": "2018", "owners": "Telebras,  IslaLink", "url": "http://www.islalink.es", "Symbol": 0, "year": 2018 }, "geometry": { "type": "LineString", "coordinates": [ [ -38.5429650003327, -3.71873699985809 ], [ -35.385154999631197, 1.72574800037426 ], [ -25.4750050003944, 18.372155000081101 ], [ -17.877061999822299, 29.408306000273502 ], [ -9.14806399978192, 38.7238460002566 ] ] } },
{ "type": "Feature", "properties": { "OBJECTID": 253, "cable_id": 1727, "Name": "Pacific Caribbean Cable System (PCCS)", "color": "#565da6", "length": "6,000 km", "rfs": "September 2015", "owners": "C&W Networks,  Telconet,  Telefonica,  Setar,  United Telecommunication Services (UTS)", "url": null, "Symbol": 17, "year": 2015 }, "geometry": { "type": "MultiLineString", "coordinates": [ [ [ -79.566617000148895, 8.950316000065859 ], [ -78.523601000231906, 6.97676700002284 ], [ -82.727992000089699, 0.338312999706308 ], [ -80.716128000317198, -0.949727000304055 ] ], [ [ -76.131122000354097, 11.658287000105901 ], [ -78.6559739997398, 10.4463519998578 ], [ -79.753482999550798, 9.43772099957642 ] ], [ [ -76.131122000354097, 11.658287000105901 ], [ -75.505731999879799, 10.3868030001093 ] ], [ [ -69.020580000391604, 12.2348749997758 ], [ -69.020580000391604, 12.4790819999441 ], [ -70.049924999937105, 12.6169200001682 ], [ -70.827560999555104, 14.186026000297 ] ], [ [ -70.827560999555104, 14.186026000297 ], [ -76.131122000354097, 11.658287000105901 ] ], [ [ -64.597145999831596, 18.414411000300198 ], [ -64.108621000189004, 18.670690999881799 ], [ -63.738356999641702, 18.317373000282501 ], [ -63.7467559996132, 17.515943000003901 ], [ -70.827560999555104, 14.186026000297 ] ], [ [ -66.106666000350202, 18.466105000394901 ], [ -65.567653000269004, 18.7252669996499 ], [ -64.723317000075198, 18.575278999872801 ], [ -64.597145999831596, 18.414411000300198 ] ], [ [ -81.655629999964503, 30.332098000266299 ], [ -73.482979000423896, 28.5746280001012 ], [ -69.144506000247503, 22.7723259998792 ], [ -64.953737000357407, 19.474115000010599 ], [ -64.317263000206097, 18.869300000348701 ], [ -64.597145999831596, 18.414411000300198 ] ] ] } },
{ "type": "Feature", "properties": { "OBJECTID": 254, "cable_id": 1728, "Name": "Seabras-1", "color": "#b3b5b7", "length": "10,500 km", "rfs": "Q4 2016", "owners": "Seaborn Networks", "url": "http://www.seabornnetworks.com", "Symbol": 1, "year": 2016 }, "geometry": { "type": "MultiLineString", "coordinates": [ [ [ -46.3406639999804, -23.969966000344499 ], [ -37.846089999852602, -28.201621999961102 ], [ -26.689799000405799, -13.4122820000815 ], [ -26.689799000405799, -3.74397599974209 ], [ -33.744335000380502, 1.83936499964128 ] ], [ [ -33.744335000380502, 1.83936499964128 ], [ -38.5429650003327, -3.71873699985809 ] ], [ [ -33.744335000380502, 1.83936499964128 ], [ -62.699880999830697, 34.504390000356402 ], [ -74.005879000102297, 40.714550000175798 ] ] ] } },
{ "type": "Feature", "properties": { "OBJECTID": 255, "cable_id": 1729, "Name": "Janna", "color": "#0982c5", "length": "634 km", "rfs": "April 2005", "owners": "Regione Sardegne,  Interoute,  Wind Italy,  Tiscali", "url": null, "Symbol": 13, "year": 2005 }, "geometry": { "type": "MultiLineString", "coordinates": [ [ [ 9.10944300026636, 39.215612000110198 ], [ 9.32545800023304, 38.878721000019198 ], [ 11.6191090004353, 37.822189000072498 ], [ 12.5913740002905, 37.650583999948402 ] ], [ [ 9.48688400004621, 40.922738000249403 ], [ 11.796842999746699, 42.091411000039599 ] ] ] } },
{ "type": "Feature", "properties": { "OBJECTID": 256, "cable_id": 1730, "Name": "Denmark-Sweden 17", "color": "#f4878f", "length": "11 km", "rfs": "1994", "owners": "TDC,  Tele2", "url": null, "Symbol": 16, "year": 1994 }, "geometry": { "type": "LineString", "coordinates": [ [ 12.5368820002214, 56.075079999983899 ], [ 12.588640000181201, 56.134930999903602 ] ] } },
{ "type": "Feature", "properties": { "OBJECTID": 257, "cable_id": 1731, "Name": "Denmark-Sweden 18", "color": "#f04230", "length": "n.a.", "rfs": "1996", "owners": "Telenor,  TDC", "url": null, "Symbol": 6, "year": 1996 }, "geometry": { "type": "LineString", "coordinates": [ [ 12.5921550000901, 56.030634999871701 ], [ 12.695768000094001, 56.043918999935698 ] ] } },
{ "type": "Feature", "properties": { "OBJECTID": 258, "cable_id": 1733, "Name": "Hawaiki Cable", "color": "#9ea0a2", "length": "n.a.", "rfs": "Q3 2017", "owners": "Hawaiki Cable Company", "url": "http://hawaikicable.co.nz", "Symbol": 0, "year": 2017 }, "geometry": { "type": "MultiLineString", "coordinates": [ [ [ 174.323778999647999, -35.724743000357002 ], [ 174.738427000380995, -35.190200999861702 ], [ 173.096240999553004, -33.9707700003665 ], [ 165.579451932902003, -33.983188682910097 ] ], [ [ 165.579451932902003, -33.983188682910097 ], [ 165.579253999909014, -33.983321999995297 ] ], [ [ 165.579451932902003, -33.983188682910097 ], [ 151.822623000367003, -34.005911999859201 ], [ 151.206997999645012, -33.869554999752303 ] ], [ [ 179.999947000393007, -23.7469560001486 ], [ 165.579451932902003, -33.983188682910097 ] ], [ [ -179.999896000339987, -23.655927000127399 ], [ -158.000008999886006, 21.439269999720199 ], [ -147.02780000040201, 41.390034999843103 ], [ -139.250217999889003, 41.390034999843103 ], [ -123.962532999960999, 45.202234000308103 ] ] ] } },
{ "type": "Feature", "properties": { "OBJECTID": 259, "cable_id": 1735, "Name": "Bay of Bengal Gateway (BBG)", "color": "#9ea0a2", "length": "8,050 km", "rfs": "December 2015", "owners": "Vodafone,  Telekom Malaysia,  Omantel,  Reliance Jio Infocomm,  Dialog Axiata,  Etisalat,  Gulf Bridge International", "url": null, "Symbol": 0, "year": 2015 }, "geometry": { "type": "MultiLineString", "coordinates": [ [ [ 79.124530000385406, 4.21828500014315 ], [ 74.076487000048999, 6.59450299974543 ], [ 70.890454000143905, 16.805964000403499 ] ], [ [ 79.889373000414096, 6.82077500008359 ], [ 79.124530000385406, 4.21828500014315 ] ], [ [ 97.480755089437594, 7.41527252036328 ], [ 81.9828290002513, 2.86933999984676 ], [ 79.124530000385406, 4.21828500014315 ] ], [ [ 97.480755089437594, 7.41527252036328 ], [ 97.481158000012201, 7.41498500040366 ], [ 100.362990999911005, 5.35384299957042 ] ], [ [ 97.480767000199904, 7.41527599983779 ], [ 97.480755089437594, 7.41527252036328 ] ], [ [ 80.242986000433206, 13.063853999649499 ], [ 90.8734470002737, 12.099890999678699 ], [ 97.480755089437594, 7.41527252036328 ] ], [ [ 70.890454000143905, 16.805964000403499 ], [ 72.875901999636099, 19.076074000258199 ] ], [ [ 70.890454000143905, 16.805964000403499 ], [ 70.650023999887196, 17.5023460002859 ], [ 62.524248999893601, 24.090169999601201 ], [ 58.452181000213301, 24.760324999681298 ] ], [ [ 58.452181000213301, 24.760324999681298 ], [ 58.004427999864397, 23.679601999742101 ] ], [ [ 58.452181000213301, 24.760324999681298 ], [ 56.333725999930003, 25.121692999774499 ] ] ] } },
{ "type": "Feature", "properties": { "OBJECTID": 260, "cable_id": 1736, "Name": "Solomons Oceanic Cable Network", "color": "#b3b5b7", "length": "900 km", "rfs": "Q2 2016", "owners": "Solomon Islands National Provident Fund,  Solomon Telekom Company Limited", "url": null, "Symbol": 1, "year": 2016 }, "geometry": { "type": "MultiLineString", "coordinates": [ [ [ 151.206997999645012, -33.869554999752303 ], [ 154.732972000270991, -31.026444000262799 ], [ 157.116467000195996, -14.448727999766399 ], [ 159.323300999789012, -9.23461899987187 ], [ 159.803866999675989, -8.964430000406059 ], [ 159.94839800036101, -9.108132000036241 ], [ 159.94839800036101, -9.429948000220399 ] ], [ [ 160.699960000005007, -8.766336999574129 ], [ 160.379061999615004, -9.27442599978674 ], [ 159.94839800036101, -9.429948000220399 ] ], [ [ 157.199963000167003, -8.2407359998394 ], [ 157.199963000167003, -7.81003700001479 ], [ 157.631993999924987, -7.81003700001479 ], [ 159.786483999752988, -8.83948799956708 ], [ 160.002500000442012, -9.05441900042908 ], [ 159.94839800036101, -9.429948000220399 ] ] ] } },
{ "type": "Feature", "properties": { "OBJECTID": 261, "cable_id": 1737, "Name": "CANTAT-3", "color": "#895c3c", "length": "2,500 km", "rfs": "November 1994", "owners": "Faroese Telecom", "url": null, "Symbol": 8, "year": 1994 }, "geometry": { "type": "MultiLineString", "coordinates": [ [ [ 8.38336899989117, 54.8984210001449 ], [ 7.78913099962179, 55.075675999772997 ], [ 7.15543999998363, 55.751538999912697 ], [ 6.28327300022346, 56.662766000112001 ] ], [ [ 7.15534299989924, 55.751649000219103 ], [ 8.32916999972503, 55.751649000219103 ] ], [ [ 4.3964580004131, 55.941672999928898 ], [ 4.56432900006313, 55.804292000096403 ], [ 4.74850800010973, 55.715909000011699 ] ], [ [ 4.3964580004131, 55.941672999928898 ], [ 6.28327300022346, 56.662766000112001 ] ], [ [ 4.22848899995546, 56.0785130001452 ], [ 4.3964580004131, 55.941672999928898 ] ], [ [ 6.28327300022346, 56.662766000112001 ], [ -2.09806899973812, 62.811215000018997 ], [ -7.20021298955162, 62.653093125176802 ] ], [ [ -7.20021298955162, 62.653093125176802 ], [ -7.1471859997771, 62.290124999934598 ] ], [ [ -7.20021298955162, 62.653093125176802 ], [ -15.6909300002434, 62.388072999885402 ], [ -19.982332999805699, 63.127033000059903 ], [ -20.267293999662499, 63.437771999893201 ] ], [ [ -7.20021400015632, 62.653100000179599 ], [ -7.20021298955162, 62.653093125176802 ] ] ] } },
{ "type": "Feature", "properties": { "OBJECTID": 262, "cable_id": 1739, "Name": "Asia Africa Europe-1 (AAE-1)", "color": "#b3b5b7", "length": "25,000 km", "rfs": "Q4 2016", "owners": "China Unicom,  Telecom Egypt,  Etisalat,  Omantel,  Djibouti Telecom,  OTEGLOBE,  Pakistan Telecommunications Company Ltd.,  PCCW,  Ooredoo,  Mobily,  Viettel Corporation,  TeleYemen,  Chuan Wei,  Retelit,  Reliance Jio Infocomm", "url": null, "Symbol": 1, "year": 2016 }, "geometry": { "type": "MultiLineString", "coordinates": [ [ [ 100.397073000044003, 5.01947599989278 ], [ 98.671879000040406, 4.53513099972411 ], [ 97.5633839995633, 5.33692500044211 ] ], [ [ 97.5633839995633, 5.33692500044211 ], [ 98.434183999718002, 5.90721200034038 ], [ 99.548636999960195, 6.5023349997087 ], [ 99.669925999791104, 6.48477300040343 ], [ 99.836429000010696, 6.58810099984022 ], [ 100.066116999998997, 6.61351700022683 ] ], [ [ 100.066116999998997, 6.61351700022683 ], [ 100.294924999554993, 6.91773099964111 ], [ 100.599710000439998, 7.07591899959228 ] ], [ [ 100.066116999998997, 6.61351700022683 ], [ 100.599710000439998, 7.07591899959228 ] ], [ [ 100.599710000439998, 7.07591899959228 ], [ 103.353906999681996, 7.29023899988497 ] ], [ [ 103.353906999681996, 7.29023899988497 ], [ 109.199997000295994, 7.74488899984027 ], [ 111.441303999835, 14.4358379997801 ] ], [ [ 103.506739000428993, 10.630401999831999 ], [ 103.353906999681996, 7.29023899988497 ] ], [ [ 45.2504329996843, 10.9256839995997 ], [ 52.371326000103103, 12.7758279998004 ], [ 61.833136000258399, 15.2131670003672 ], [ 63.671903258726402, 15.6660367646781 ] ], [ [ 43.147992999894598, 11.594869000206799 ], [ 43.457368000216498, 11.7294349997899 ] ], [ [ 43.457368000216498, 11.7294349997899 ], [ 43.830120999752403, 11.095833000091501 ], [ 45.2504329996843, 10.9256839995997 ] ], [ [ 45.033538000183803, 12.8008740001692 ], [ 45.2504329996843, 10.9256839995997 ] ], [ [ 111.441303999835, 14.4358379997801 ], [ 114.158684999732998, 22.279444000015602 ] ], [ [ 63.671903999836502, 15.666034000314999 ], [ 63.671903258726402, 15.6660367646781 ] ], [ [ 63.671903258726402, 15.6660367646781 ], [ 70.510571000332703, 17.341337000293699 ] ], [ [ 63.671903258726402, 15.6660367646781 ], [ 61.556964000360502, 23.384137999687699 ] ], [ [ 108.192477999798001, 16.043395000189001 ], [ 111.441303999835, 14.4358379997801 ] ], [ [ 70.510571000332703, 17.341337000293699 ], [ 73.9109589997977, 6.45226600027454 ], [ 81.975308999988698, 2.6589400001475 ], [ 95.694538000381201, 6.68636300017119 ], [ 97.5633839995633, 5.33692500044211 ] ], [ [ 72.875901999636099, 19.076074000258199 ], [ 70.843089999801904, 17.422417999697199 ], [ 70.510571000332703, 17.341337000293699 ] ], [ [ 37.8438621572868, 20.846288909631902 ], [ 37.841062999674897, 20.844957999678499 ] ], [ [ 37.8438621572868, 20.846288909631902 ], [ 41.335689000277398, 15.1545450000682 ], [ 42.421039999810503, 13.905795999786299 ], [ 43.493499999845099, 12.131877000174899 ], [ 43.354633000096499, 11.903690000285501 ], [ 43.457368000216498, 11.7294349997899 ] ], [ [ 39.182761000049098, 21.481532000197301 ], [ 37.8438621572868, 20.846288909631902 ] ], [ [ 61.556964000360502, 23.384137999687699 ], [ 59.324836999695002, 24.129568999592902 ] ], [ [ 58.606086999763903, 23.576085999990401 ], [ 59.324836999695002, 24.129568999592902 ] ], [ [ 59.324836999695002, 24.129568999592902 ], [ 56.333725999930003, 25.121692999774499 ], [ 56.963022000125399, 25.505265999813599 ], [ 56.584310999926103, 26.6603010000604 ], [ 56.175815999850599, 26.6603010000604 ], [ 55.257457000258597, 26.102406999608402 ], [ 53.833435000424103, 26.17420800024 ], [ 52.4065799998477, 26.115122000084298 ], [ 51.519276000376202, 25.294605999856 ] ], [ [ 67.028542000399298, 24.889728000017701 ], [ 61.556964000360502, 23.384137999687699 ] ], [ [ 22.7221280000037, 34.738008000284601 ], [ 25.301911999674601, 34.3626309999255 ], [ 29.700931999769601, 31.072266999644398 ], [ 30.392045000303099, 30.592370000331801 ], [ 31.692630000003401, 29.9890370000264 ], [ 32.653175999971801, 29.1136160000163 ], [ 34.003566000220403, 26.865035999998899 ], [ 37.8438621572868, 20.846288909631902 ] ], [ [ 22.7221280000037, 34.738008000284601 ], [ 22.912069999821799, 35.527224999858099 ], [ 23.423202000107899, 35.8235990002389 ], [ 23.855427999859899, 35.8235990002389 ], [ 24.012167000152299, 35.512043999860097 ] ], [ [ 18.051331000351801, 35.413334000191398 ], [ 22.7221280000037, 34.738008000284601 ] ], [ [ 18.051331000351801, 35.413334000191398 ], [ 18.957776000063401, 39.4847509997836 ], [ 18.957776000063401, 40.643525999976397 ], [ 16.868811999753301, 41.125712999782301 ] ], [ [ 5.37253100008015, 43.293627000000399 ], [ 7.53131900016432, 38.3438039997001 ], [ 10.0000669996531, 38.3438039997001 ], [ 11.2087580001345, 37.901062000283602 ], [ 13.753678000048099, 35.880985000277498 ], [ 14.5174470003743, 35.771162999725398 ], [ 15.207191999680701, 35.821778000051999 ], [ 18.051331000351801, 35.413334000191398 ] ] ] } },
{ "type": "Feature", "properties": { "OBJECTID": 263, "cable_id": 1740, "Name": "POSEIDON", "color": "#9ea0a2", "length": "800 km", "rfs": "April 2014", "owners": "Radius Oceanic Communications,  Cyta", "url": "http://www.Radiusocean.com", "Symbol": 0, "year": 2014 }, "geometry": { "type": "LineString", "coordinates": [ [ 32.466652999803202, 34.766571999678497 ], [ 32.666653000174598, 34.409050999913099 ], [ 33.115383000141698, 34.409050999913099 ], [ 33.610597000018601, 34.827278000121296 ] ] } },
{ "type": "Feature", "properties": { "OBJECTID": 264, "cable_id": 1742, "Name": "Basslink", "color": "#1ca5de", "length": "298 km", "rfs": "November 2005", "owners": "Basslink Telecoms", "url": null, "Symbol": 19, "year": 2005 }, "geometry": { "type": "LineString", "coordinates": [ [ 147.071258999949009, -38.443404999811399 ], [ 146.850165999750999, -41.033055999786399 ] ] } },
{ "type": "Feature", "properties": { "OBJECTID": 265, "cable_id": 1743, "Name": "APX-East", "color": "#9ea0a2", "length": "12,500 km", "rfs": "Q4 2017", "owners": "SubPartners", "url": "http://www.subpartners.net", "Symbol": 0, "year": 2017 }, "geometry": { "type": "MultiLineString", "coordinates": [ [ [ 151.206997999645012, -33.869554999752303 ], [ 151.89762300028201, -33.845308000009197 ], [ 158.827891000094013, -30.207887999975199 ], [ 179.127681999825001, -18.915340999908899 ], [ 179.999947000393007, -18.237005000362799 ] ], [ [ -179.999944999845013, -18.290700000265399 ], [ -173.781883000393009, -13.3843519997854 ], [ -158.716757000001991, 2.86699899973135 ], [ -139.250169000384005, 23.3779529998667 ], [ -130.245926999660014, 29.439352999930701 ], [ -118.399450999791995, 33.862475999751801 ] ] ] } },
{ "type": "Feature", "properties": { "OBJECTID": 266, "cable_id": 1744, "Name": "APX-West", "color": "#b3b5b7", "length": "4,600 km", "rfs": "Q3 2016", "owners": "SubPartners", "url": "http://www.subpartners.net", "Symbol": 1, "year": 2016 }, "geometry": { "type": "LineString", "coordinates": [ [ 103.853028000004002, 1.29406399962885 ], [ 103.874805000443999, 1.02224499996678 ], [ 103.932130000357006, 0.98484800016091 ], [ 104.034082999953995, 0.917181999694014 ], [ 104.295020000231005, 0.706266000013931 ], [ 104.632616999931997, 0.648555000404334 ], [ 107.483201000440005, -2.17122200011007 ], [ 107.483201000440005, -4.45124000022802 ], [ 106.698534000280006, -5.33851000015347 ], [ 106.833397000397994, -6.17158700020941 ], [ 106.317088999972, -5.71448800038097 ], [ 105.908690999981005, -5.94726100017308 ], [ 104.449120999775005, -7.34460700012063 ], [ 113.517083999844999, -30.904690000149099 ], [ 115.857316000040996, -31.953439000359701 ] ] } },
{ "type": "Feature", "properties": { "OBJECTID": 267, "cable_id": 1746, "Name": "Dhiraagu Cable Network", "color": "#6c70b5", "length": "1,253 km", "rfs": "April 2012", "owners": "Dhiraagu", "url": "http://www.dhiraagu.com.mv", "Symbol": 7, "year": 2012 }, "geometry": { "type": "LineString", "coordinates": [ [ 73.071506999666497, 6.62282900005378 ], [ 73.070822999951304, 5.10361899966501 ], [ 73.540353999666905, 4.21234400001616 ], [ 72.955686999879205, 3.60848300016826 ], [ 73.544749000007897, 1.91891199956557 ], [ 73.455589000000103, 0.28928999981629 ], [ 73.426878000001594, -0.297913999869651 ], [ 73.089183000391799, -0.605521000139562 ] ] } },
{ "type": "Feature", "properties": { "OBJECTID": 268, "cable_id": 1747, "Name": "Libreville-Port Gentil Cable", "color": "#f04230", "length": "198 km", "rfs": "April 2012", "owners": "n.a.", "url": null, "Symbol": 6, "year": 2012 }, "geometry": { "type": "LineString", "coordinates": [ [ 8.7816110003179, -0.720649999942057 ], [ 8.457588000006281, -0.394395999913175 ], [ 9.020380000342881, 0.265950999929281 ], [ 9.454267000326521, 0.394463999870519 ] ] } },
{ "type": "Feature", "properties": { "OBJECTID": 269, "cable_id": 1750, "Name": "Tasman Global Access (TGA) Cable", "color": "#b3b5b7", "length": "2,300 km", "rfs": "2016", "owners": "Spark New Zealand,  Vodafone,  Telstra", "url": null, "Symbol": 1, "year": 2016 }, "geometry": { "type": "LineString", "coordinates": [ [ 174.871825000086005, -37.801382000262102 ], [ 173.865381000013002, -37.516880000318501 ], [ 151.822623000367003, -34.723265000044698 ], [ 151.245084000306008, -33.737123000308401 ] ] } },
{ "type": "Feature", "properties": { "OBJECTID": 270, "cable_id": 1751, "Name": "Lanis-2", "color": "#0982c5", "length": "67 km", "rfs": "1992", "owners": "Vodafone", "url": null, "Symbol": 13, "year": 1992 }, "geometry": { "type": "LineString", "coordinates": [ [ -4.69142599987132, 54.2224469998079 ], [ -4.79142600005702, 54.2808419998766 ], [ -5.38429699982258, 54.542947000044897 ], [ -5.48434600041209, 54.542947000044897 ] ] } },
{ "type": "Feature", "properties": { "OBJECTID": 271, "cable_id": 1752, "Name": "BT-MT-1", "color": "#548f51", "length": "80 km", "rfs": "1990", "owners": "BT,  Manx Telecom", "url": null, "Symbol": 12, "year": 1990 }, "geometry": { "type": "LineString", "coordinates": [ [ -3.35705199994126, 54.210912999755898 ], [ -4.42384799993856, 54.167286999863101 ], [ -4.2090539999875, 54.251641000227302 ], [ -4.2090539999875, 54.440992000048801 ], [ -4.69142599987132, 54.440992000048801 ], [ -4.69142599987132, 54.2224469998079 ], [ -5.23522500010586, 54.302329999948903 ], [ -5.55939400000738, 54.302329999948903 ] ] } },
{ "type": "Feature", "properties": { "OBJECTID": 272, "cable_id": 1753, "Name": "E-LLAN", "color": "#bd75b1", "length": "n.a.", "rfs": "2007", "owners": "Manx Electricity Authority", "url": null, "Symbol": 3, "year": 2007 }, "geometry": { "type": "LineString", "coordinates": [ [ -4.48087999994822, 54.1504750000611 ], [ -3.81740399971069, 54.053590999781903 ], [ -3.05075399986038, 53.808976999782601 ] ] } },
{ "type": "Feature", "properties": { "OBJECTID": 273, "cable_id": 1754, "Name": "Sirius North", "color": "#f04230", "length": "147 km", "rfs": "1999", "owners": "Virgin Media Business", "url": null, "Symbol": 6, "year": 1999 }, "geometry": { "type": "LineString", "coordinates": [ [ -5.80812500032623, 54.713952000004902 ], [ -5.59210899963635, 54.713952000004902 ], [ -4.78346700030158, 55.637882999815403 ] ] } },
{ "type": "Feature", "properties": { "OBJECTID": 274, "cable_id": 1756, "Name": "St. Thomas-St. Croix System", "color": "#9ea0a2", "length": "183 km", "rfs": "July 2013", "owners": "Virgin Islands Next Generation Networks,  Inc.", "url": "http://www.vingn.com", "Symbol": 0, "year": 2013 }, "geometry": { "type": "LineString", "coordinates": [ [ -64.975270000400101, 18.342402999706799 ], [ -64.948023999916401, 18.335727999752802 ], [ -64.943825000292193, 18.328219999953099 ], [ -64.957790000391697, 18.312923000393699 ], [ -64.897291999978506, 18.292617999669702 ], [ -64.843142000216204, 18.322471999662099 ], [ -64.6845480004216, 17.782279999697 ], [ -64.703200000041903, 17.7466609997342 ], [ -64.703200000041903, 17.782279999697 ], [ -64.721754999577698, 17.8013419998369 ], [ -64.9000749995934, 17.8013419998369 ], [ -64.9000749995934, 17.748055999938298 ], [ -64.881472000377002, 17.7124300001127 ], [ -64.918630000027505, 17.748055999938298 ], [ -64.993874000339702, 18.324604000200999 ], [ -64.975270000400101, 18.342402999706799 ] ] } },
{ "type": "Feature", "properties": { "OBJECTID": 275, "cable_id": 1757, "Name": "Mariana-Guam Cable", "color": "#f89635", "length": "n.a.", "rfs": "1997", "owners": "IT&E", "url": null, "Symbol": 5, "year": 1997 }, "geometry": { "type": "LineString", "coordinates": [ [ 145.751143000022012, 15.1782029999482 ], [ 145.637470999638992, 15.011504000299199 ], [ 145.212471000421999, 14.1522230003874 ], [ 144.809541999575998, 13.5490979998212 ] ] } },
{ "type": "Feature", "properties": { "OBJECTID": 276, "cable_id": 1759, "Name": "Elektra-GlobalConnect 1 (GC1)", "color": "#f4878f", "length": "44 km", "rfs": "August 2000", "owners": "GlobalConnect", "url": "http://www.globalconnect.dk", "Symbol": 16, "year": 2000 }, "geometry": { "type": "LineString", "coordinates": [ [ 11.940006999927, 54.5772339999887 ], [ 12.0138350002299, 54.340320000109898 ], [ 12.1324879998607, 54.079179999811501 ] ] } },
{ "type": "Feature", "properties": { "OBJECTID": 277, "cable_id": 1760, "Name": "GlobalConnect 2 (GC2)", "color": "#f04230", "length": "95 km", "rfs": "August 2001", "owners": "GlobalConnect", "url": "http://www.globalconnect.dk", "Symbol": 6, "year": 2001 }, "geometry": { "type": "LineString", "coordinates": [ [ 10.516667999982801, 57.331045999898002 ], [ 10.8878589999195, 57.545776000072003 ], [ 11.644108999807999, 57.545776000072003 ], [ 12.0762380003739, 57.487690999834598 ] ] } },
{ "type": "Feature", "properties": { "OBJECTID": 278, "cable_id": 1761, "Name": "GlobalConnect 3 (GC3)", "color": "#548f51", "length": "19 km", "rfs": "2006", "owners": "GlobalConnect", "url": "http://www.globalconnect.dk", "Symbol": 12, "year": 2006 }, "geometry": { "type": "LineString", "coordinates": [ [ 10.799577999620499, 55.324415000027102 ], [ 11.149382999827701, 55.326054000118802 ] ] } },
{ "type": "Feature", "properties": { "OBJECTID": 279, "cable_id": 1762, "Name": "GlobalConnect-KPN", "color": "#91a34b", "length": "43 km", "rfs": "2006", "owners": "GlobalConnect", "url": "http://www.globalconnect.dk", "Symbol": 2, "year": 2006 }, "geometry": { "type": "LineString", "coordinates": [ [ 11.940006999927, 54.5772339999887 ], [ 11.8819020000397, 54.354265999829799 ], [ 12.1324879998607, 54.079179999811501 ] ] } },
{ "type": "Feature", "properties": { "OBJECTID": 280, "cable_id": 1764, "Name": "Germany-Denmark 3", "color": "#f04230", "length": "n.a.", "rfs": "March 2000", "owners": "TDC", "url": null, "Symbol": 6, "year": 2000 }, "geometry": { "type": "LineString", "coordinates": [ [ 11.940006999927, 54.5772339999887 ], [ 12.149577000056899, 54.191577000066701 ] ] } },
{ "type": "Feature", "properties": { "OBJECTID": 281, "cable_id": 1765, "Name": "IP-Only Denmark-Sweden", "color": "#91a34b", "length": "n.a.", "rfs": "1994", "owners": "IP-Only", "url": null, "Symbol": 2, "year": 1994 }, "geometry": { "type": "LineString", "coordinates": [ [ 12.4150069996862, 55.647555999768201 ], [ 12.467936000331299, 55.5237029998803 ], [ 12.916667000123301, 55.5335689998427 ] ] } },
{ "type": "Feature", "properties": { "OBJECTID": 282, "cable_id": 1767, "Name": "JaKa2LaDeMa", "color": "#f04230", "length": "1,700 km", "rfs": "2010", "owners": "Telkom Indonesia", "url": null, "Symbol": 6, "year": 2010 }, "geometry": { "type": "MultiLineString", "coordinates": [ [ [ 114.097161000195996, -8.61516299985642 ], [ 114.539153000423994, -8.97783799998574 ], [ 115.159855999580003, -8.783708999976231 ] ], [ [ 116.081534999986005, -8.58600300002081 ], [ 115.596964999570005, -8.463929000402089 ] ], [ [ 111.092964000040993, -3.51270199974396 ], [ 113.134856999912003, -4.11702100021555 ], [ 114.603996999876003, -3.32758400017651 ] ], [ [ 111.092964000040993, -3.51270199974396 ], [ 111.752925000369004, -2.8492770000842 ] ], [ [ 109.339547999760001, -2.178834000237 ], [ 109.937203000029001, -3.39543500006466 ], [ 111.092964000040993, -3.51270199974396 ] ], [ [ 109.971968999877006, -1.85872099969458 ], [ 109.339547999760001, -2.178834000237 ] ], [ [ 109.33554400013, -0.027017000052005 ], [ 108.769040000241006, -0.518806000346927 ], [ 108.967087000302001, -1.41993699990799 ], [ 109.339547999760001, -2.178834000237 ] ], [ [ 117.551064999936997, 0.327277999748436 ], [ 119.388465999909997, -1.14207699973306 ] ] ] } },
{ "type": "Feature", "properties": { "OBJECTID": 283, "cable_id": 1768, "Name": "Polaris", "color": "#9ea0a2", "length": "1,503 km", "rfs": "Q2 2016", "owners": "LinkBermuda", "url": "http://www.linkbermuda.com/", "Symbol": 0, "year": 2016 }, "geometry": { "type": "LineString", "coordinates": [ [ -64.769410999997703, 32.3124819997198 ], [ -63.645583999815699, 44.434266999856597 ] ] } },
{ "type": "Feature", "properties": { "OBJECTID": 284, "cable_id": 1769, "Name": "Perseid", "color": "#9ea0a2", "length": "115 km", "rfs": "Q2 2016", "owners": "LinkBermuda", "url": "http://www.linkbermuda.com/", "Symbol": 0, "year": 2016 }, "geometry": { "type": "LineString", "coordinates": [ [ -64.819265000051601, 17.773909999653 ], [ -64.492897999617895, 18.066695999946099 ], [ -64.597145999831596, 18.414411000300198 ] ] } },
{ "type": "Feature", "properties": { "OBJECTID": 285, "cable_id": 1772, "Name": "Didon", "color": "#b2703f", "length": "170 km", "rfs": "May 2014", "owners": "Orange Tunisie,  Ooredoo Tunisie", "url": null, "Symbol": 4, "year": 2014 }, "geometry": { "type": "LineString", "coordinates": [ [ 11.090887000128101, 36.849935999722803 ], [ 11.877311999705, 37.5115889997682 ], [ 12.5913740002905, 37.650583999948402 ] ] } },
{ "type": "Feature", "properties": { "OBJECTID": 286, "cable_id": 1774, "Name": "Jerry Newton", "color": "#0982c5", "length": "n.a.", "rfs": "October 2007", "owners": "C&W Networks", "url": null, "Symbol": 13, "year": 2007 }, "geometry": { "type": "LineString", "coordinates": [ [ -68.2840569996509, 12.164145000269601 ], [ -68.789037000003106, 11.9995149996655 ], [ -68.874193000380501, 12.004769000028499 ], [ -68.892650000006995, 12.0904369996532 ] ] } },
{ "type": "Feature", "properties": { "OBJECTID": 287, "cable_id": 1776, "Name": "Malaysia-Cambodia-Thailand (MCT) Cable", "color": "#9ea0a2", "length": "1,425 km", "rfs": "Q4 2016", "owners": "Telekom Malaysia,  Ezecom,  Symphony,  DTAC", "url": null, "Symbol": 0, "year": 2016 }, "geometry": { "type": "MultiLineString", "coordinates": [ [ [ 103.512402999567996, 8.38845399997258 ], [ 103.720996999904003, 4.44264300015624 ], [ 103.395216000174997, 4.11631000015129 ] ], [ [ 103.512402999567996, 8.38845399997258 ], [ 101.277345999873006, 10.825945999939099 ], [ 101.277345999873006, 12.670662999937599 ] ], [ [ 103.506739000428993, 10.630401999831999 ], [ 103.398731000083998, 10.523460999902399 ], [ 103.512402999567996, 8.38845399997258 ] ] ] } },
{ "type": "Feature", "properties": { "OBJECTID": 288, "cable_id": 1777, "Name": "Subcan Link 1", "color": "#ffd633", "length": "143 km", "rfs": "May 2002", "owners": "Cable Submarine de Canarias", "url": null, "Symbol": 18, "year": 2002 }, "geometry": { "type": "LineString", "coordinates": [ [ -16.362316999657502, 28.377621999801399 ], [ -15.2880990002052, 28.388534000356501 ], [ -15.180090999860299, 28.388534000356501 ], [ -15.180090999860299, 28.0603589999217 ], [ -15.408752999826399, 28.040967000180601 ] ] } },
{ "type": "Feature", "properties": { "OBJECTID": 289, "cable_id": 1778, "Name": "Subcan Link 2", "color": "#6c70b5", "length": "136 km", "rfs": "May 2002", "owners": "Cable Submarine de Canarias", "url": null, "Symbol": 7, "year": 2002 }, "geometry": { "type": "LineString", "coordinates": [ [ -16.362316999657502, 28.377621999801399 ], [ -15.2880990002052, 28.484110999972 ], [ -15.072083000413601, 28.484110999972 ], [ -15.072083000413601, 28.0603589999217 ], [ -15.408752999826399, 28.040967000180601 ] ] } },
{ "type": "Feature", "properties": { "OBJECTID": 290, "cable_id": 1779, "Name": "Tobrok-Emasaed Cable System", "color": "#91a34b", "length": "178 km", "rfs": "October 2010", "owners": "Libya International Telecommunications Company", "url": null, "Symbol": 2, "year": 2010 }, "geometry": { "type": "LineString", "coordinates": [ [ 23.960409000192499, 32.079852000104601 ], [ 24.253280000299299, 32.157517000356798 ], [ 25.087361000296202, 32.157517000356798 ], [ 25.087361000296202, 31.761228000298601 ] ] } },
{ "type": "Feature", "properties": { "OBJECTID": 291, "cable_id": 1780, "Name": "Mataram Kupang Cable System (MKCS)", "color": "#f89635", "length": "1,318 km", "rfs": "April 2011", "owners": "Telkom Indonesia", "url": null, "Symbol": 5, "year": 2011 }, "geometry": { "type": "MultiLineString", "coordinates": [ [ [ 123.583384999917996, -10.182936000028899 ], [ 123.400279999573996, -10.016321000048601 ], [ 121.759656000142002, -9.069655999663761 ], [ 121.651647999797007, -8.85473500009947 ], [ 121.327625000384003, -9.1233660003754 ], [ 120.327333000246, -9.1233660003754 ] ], [ [ 120.253016000220995, -9.64577000038004 ], [ 120.327333000246, -9.1233660003754 ] ], [ [ 120.327333000246, -9.1233660003754 ], [ 118.950869000023005, -9.1233660003754 ], [ 118.711807000095007, -8.796449000295549 ] ], [ [ 116.081534999986005, -8.58600300002081 ], [ 115.853898000217001, -8.4186249995567 ], [ 116.167667999981006, -7.88830000028788 ], [ 117.183389999734004, -7.88830000028788 ] ], [ [ 117.401065000108005, -8.496576000094869 ], [ 117.183389999734004, -7.88830000028788 ] ], [ [ 117.183389999734004, -7.88830000028788 ], [ 118.760342000224, -7.88830000028788 ], [ 118.760342000224, -8.31881999978962 ] ] ] } },
{ "type": "Feature", "properties": { "OBJECTID": 292, "cable_id": 1781, "Name": "Boracay-Palawan Submarine Cable System", "color": "#f4878f", "length": "332 km", "rfs": "June 2013", "owners": "Globe Telecom", "url": null, "Symbol": 16, "year": 2013 }, "geometry": { "type": "MultiLineString", "coordinates": [ [ [ 119.500379999976005, 10.819998999993199 ], [ 120.148622000418001, 11.0336319998914 ], [ 120.580067000369993, 11.804102000149401 ] ], [ [ 120.580067000369993, 11.804102000149401 ], [ 120.834071000015996, 12.256728999905899 ], [ 121.050183999891999, 12.363017000265 ] ], [ [ 120.200770000364997, 12.0054379996203 ], [ 120.580067000369993, 11.804102000149401 ] ] ] } },
{ "type": "Feature", "properties": { "OBJECTID": 293, "cable_id": 1782, "Name": "Flores-Corvo Cable System", "color": "#f04230", "length": "685 km", "rfs": "January 2014", "owners": "Viatel", "url": "http://www.viatel.pt", "Symbol": 6, "year": 2014 }, "geometry": { "type": "LineString", "coordinates": [ [ -28.647513000416101, 38.525405000122397 ], [ -28.647513000416101, 38.440552000270202 ], [ -29.7276390003031, 38.440552000270202 ], [ -30.858400000043499, 39.462513000346704 ], [ -31.128419000182699, 39.462513000346704 ], [ -31.081740000279201, 39.565125000300597 ], [ -31.110498999958299, 39.672245000085503 ], [ -28.5034699996285, 38.927054999800099 ], [ -27.9633829998448, 38.927054999800099 ], [ -27.9633829998448, 39.011408999854297 ] ] } },
{ "type": "Feature", "properties": { "OBJECTID": 294, "cable_id": 1783, "Name": "Trident Subsea Cable", "color": "#9ea0a2", "length": "n.a.", "rfs": "Q1 2017", "owners": "Trident Subsea Cable", "url": "http://www.tridentsc.com.au", "Symbol": 0, "year": 2017 }, "geometry": { "type": "MultiLineString", "coordinates": [ [ [ 115.857316000040996, -31.953439000359701 ], [ 113.821478000019994, -30.809455000294399 ], [ 111.844917000395995, -25.991445999889201 ], [ 112.410833999755994, -21.131281999998698 ] ], [ [ 112.410833999755994, -21.131281999998698 ], [ 114.572941999755002, -21.131281999998698 ], [ 115.113371999671003, -21.637503999699501 ] ], [ [ 112.410833999755994, -21.131281999998698 ], [ 106.416111999641004, -10.205330999947099 ], [ 105.086815999942004, -6.55514499980306 ], [ 105.885058000212993, -5.91336200040471 ], [ 106.402636000160996, -5.48793799969265 ], [ 106.936326999613996, -5.32197999976392 ] ] ] } },
{ "type": "Feature", "properties": { "OBJECTID": 295, "cable_id": 1784, "Name": "Channel Islands-9 Liberty Submarine Cable", "color": "#f04230", "length": "n.a.", "rfs": "June 2008", "owners": "JTGlobal", "url": null, "Symbol": 6, "year": 2008 }, "geometry": { "type": "LineString", "coordinates": [ [ -3.61086099959316, 50.319118000145998 ], [ -3.50275500023723, 50.180458000266299 ], [ -2.53337099990615, 49.503393000111899 ] ] } },
{ "type": "Feature", "properties": { "OBJECTID": 296, "cable_id": 1785, "Name": "Batam Singapore Cable System (BSCS)", "color": "#f04230", "length": "73 km", "rfs": "2009", "owners": "Telkom Indonesia", "url": "http://www.telin.sg", "Symbol": 6, "year": 2009 }, "geometry": { "type": "LineString", "coordinates": [ [ 103.853028000004002, 1.29406399962885 ], [ 103.962597999948002, 1.1347250003427 ] ] } },
{ "type": "Feature", "properties": { "OBJECTID": 297, "cable_id": 1786, "Name": "New Cross Pacific (NCP) Cable System", "color": "#9ea0a2", "length": "13,618 km", "rfs": "Q4 2017", "owners": "China Telecom,  China Unicom,  Chunghwa Telecom,  KT,  China Mobile,  Microsoft,  Softbank Telecom", "url": null, "Symbol": 0, "year": 2017 }, "geometry": { "type": "MultiLineString", "coordinates": [ [ [ 131.233868000075006, 29.802697999950801 ], [ 126.937484000365998, 24.623596999973401 ], [ 123.083384999887997, 25.462069999929099 ], [ 121.801452999633, 24.863503999966198 ] ], [ [ 131.233868000075006, 29.802697999950801 ], [ 128.513850000150995, 30.288089999659899 ] ], [ [ 128.513850000150995, 30.288089999659899 ], [ 125.712485000385996, 30.804817000230599 ] ], [ [ 128.513850000150995, 30.288089999659899 ], [ 128.99949500009501, 35.170382000054403 ] ], [ [ 125.712485000385996, 30.804817000230599 ], [ 122.118835000288996, 30.706544999850799 ], [ 121.393738000431, 30.558739000080699 ], [ 121.191296999852995, 30.3062179999432 ], [ 121.294031000147996, 30.6162410000276 ], [ 121.646081999668993, 30.7209849997232 ], [ 121.896081999684995, 30.935661999793599 ] ], [ [ 125.712485000385996, 30.804817000230599 ], [ 125.152134000255998, 31.260363000219101 ], [ 121.395300999854996, 31.6198000003291 ] ], [ [ 140.146459000356003, 33.011700999632403 ], [ 138.993726000181994, 32.580894999714602 ], [ 137.273706999594992, 31.6782419997833 ], [ 131.233868000075006, 29.802697999950801 ] ], [ [ 140.146459000356003, 33.011700999632403 ], [ 139.816967000001, 35.037518999732598 ] ], [ [ 179.999947000393007, 42.118038000161498 ], [ 157.236877000318003, 42.118038000161498 ], [ 143.618721999813999, 34.296663000008699 ], [ 140.146459000356003, 33.011700999632403 ] ], [ [ -123.962532999960999, 45.202234000308103 ], [ -139.250217999889003, 42.118038000161498 ], [ -179.99979800042999, 42.118038000161498 ] ] ] } },
{ "type": "Feature", "properties": { "OBJECTID": 298, "cable_id": 1787, "Name": "Monet", "color": "#b3b5b7", "length": "10,556 km", "rfs": "Q4 2016", "owners": "Angola Cables,  Google,  Algar Telecom,  Antel Uruguay", "url": null, "Symbol": 1, "year": 2016 }, "geometry": { "type": "MultiLineString", "coordinates": [ [ [ -46.3280670002097, -23.961845000098101 ], [ -38.536616999681897, -27.5552459997654 ], [ -27.676761999581199, -13.1158180000711 ], [ -27.676761999581199, -3.65529400039418 ], [ -33.542578000416299, 1.06491299986209 ] ], [ [ -33.542578000416299, 1.06491299986209 ], [ -38.5429650003327, -3.71873699985809 ] ], [ [ -33.542578000416299, 1.06491299986209 ], [ -51.194421000211399, 19.802468000244499 ], [ -75.399676999844601, 27.4829890002638 ], [ -78.802409000329902, 27.4829890002638 ], [ -80.088931999846295, 26.350585999604899 ] ] ] } },
{ "type": "Feature", "properties": { "OBJECTID": 299, "cable_id": 1791, "Name": "South America Pacific Link (SAPL)", "color": "#9ea0a2", "length": "17,600 km", "rfs": "Q4 2017", "owners": "Ocean Networks", "url": "http://www.oceannetworks.com", "Symbol": 0, "year": 2017 }, "geometry": { "type": "MultiLineString", "coordinates": [ [ [ -70.6505589996395, -33.437260000120403 ], [ -78.672380000045607, -34.1902080000662 ], [ -81.727357999644497, -20.611717000266001 ], [ -83.205481999560803, -13.504597000221301 ], [ -85.894493999767406, -0.097036000247337 ], [ -85.894543000171197, -0.097036000247337 ], [ -83.930627999823301, 3.00851200023846 ] ], [ [ -83.930627999823301, 3.00851200023846 ], [ -80.968228000056797, 4.94232699999499 ], [ -79.343912999947904, 7.49835600028056 ], [ -79.566617000148895, 8.950316000065859 ] ], [ [ -79.546548999621095, 8.934110000122679 ], [ -79.900260000447702, 9.353803999927861 ], [ -79.524674000169895, 10.9694050002535 ], [ -68.986303000265195, 16.126811999960701 ], [ -67.926097999694605, 18.465734999694099 ], [ -68.101878999594604, 20.569179999804799 ], [ -74.713545000356305, 28.4418719996773 ], [ -81.655629999964503, 30.332098000266299 ] ], [ [ -158.206014999703996, 21.460538999892702 ], [ -157.499520999959998, 21.904379000083399 ], [ -148.299821000417012, 20.140505999790001 ], [ -83.930627999823301, 3.00851200023846 ] ] ] } },
{ "type": "Feature", "properties": { "OBJECTID": 300, "cable_id": 1794, "Name": "FASTER", "color": "#9ea0a2", "length": "11,629 km", "rfs": "April 2016", "owners": "Google,  KDDI,  SingTel,  China Telecom,  China Mobile,  Global Transit", "url": null, "Symbol": 0, "year": 2016 }, "geometry": { "type": "MultiLineString", "coordinates": [ [ [ 138.979370000269995, 32.490744000304197 ], [ 138.047437000391, 31.135480999788701 ], [ 131.493535999757995, 28.849303999971401 ], [ 127.916096999973007, 29.015794999718601 ], [ 121.462586000410994, 25.181715000095199 ], [ 128.060236999946994, 28.827661000283801 ], [ 131.556035999985994, 28.682374000128 ], [ 138.307788999789011, 31.0406439996176 ], [ 138.979370000269995, 32.490744000304197 ] ], [ [ 138.979370000269995, 32.490744000304197 ], [ 140.974193000425004, 33.220274000008999 ] ], [ [ 140.974193000425004, 33.220274000008999 ], [ 139.954857999956005, 34.976567999875499 ] ], [ [ 136.874001000377007, 34.336831000020602 ], [ 138.979370000269995, 32.490744000304197 ] ], [ [ 179.999947000393007, 38.395409000042598 ], [ 157.211291000241005, 38.395409000042598 ], [ 140.974193000425004, 33.220274000008999 ] ], [ [ -124.408333999825004, 43.118663999956901 ], [ -139.250217999889003, 38.395409000042598 ], [ -179.999944999845013, 38.395409000042598 ] ] ] } },
{ "type": "Feature", "properties": { "OBJECTID": 301, "cable_id": 1795, "Name": "Interchange Cable Network 2 (ICN2)", "color": "#9ea0a2", "length": "3,000 km", "rfs": "2016", "owners": "Interchange", "url": "http://www.interchange.vu", "Symbol": 0, "year": 2016 }, "geometry": { "type": "MultiLineString", "coordinates": [ [ [ 168.32300199968401, -17.730505000091998 ], [ 167.822708999751001, -17.730505000091998 ], [ 166.666654999835998, -16.1146450004256 ] ], [ [ 166.666654999835998, -16.1146450004256 ], [ 167.200249000103014, -15.5064350002616 ] ], [ [ 166.666654999835998, -16.1146450004256 ], [ 158.088541182613994, -12.6747767898357 ] ], [ [ 158.088536000233006, -12.6747890001808 ], [ 158.088541182613994, -12.6747767898357 ] ], [ [ 158.088541182613994, -12.6747767898357 ], [ 153.850941999951004, -10.9573539998666 ], [ 147.317548000236997, -10.9573539998666 ], [ 147.188544000149989, -9.479557000396129 ] ], [ [ 158.088541182613994, -12.6747767898357 ], [ 159.490195999646005, -9.352676999714969 ], [ 159.791269999906007, -9.092028000275899 ], [ 159.848398000174996, -9.148821000014641 ], [ 159.94839800036101, -9.429948000220399 ] ] ] } },
{ "type": "Feature", "properties": { "OBJECTID": 302, "cable_id": 1796, "Name": "Palawa-Iloilo Cable System", "color": "#38bced", "length": "300 km", "rfs": "January 2014", "owners": "PLDT", "url": null, "Symbol": 9, "year": 2014 }, "geometry": { "type": "LineString", "coordinates": [ [ 119.500379999976005, 10.819998999993199 ], [ 120.148622000418001, 10.9267390000688 ], [ 121.287684000219997, 11.062673999609499 ], [ 121.941296000072995, 10.7492979996399 ] ] } },
{ "type": "Feature", "properties": { "OBJECTID": 303, "cable_id": 1799, "Name": "TT-1", "color": "#0982c5", "length": "48 km", "rfs": "August 2012", "owners": "C&W Networks,  TSTT,  Alliance Telecommunications", "url": "http://www.columbus-networks.com/", "Symbol": 13, "year": 2012 }, "geometry": { "type": "LineString", "coordinates": [ [ -60.949590000370101, 10.8315090000703 ], [ -60.840263999925099, 11.165780999815601 ] ] } },
{ "type": "Feature", "properties": { "OBJECTID": 304, "cable_id": 1800, "Name": "CAM Ring", "color": "#0982c5", "length": "1,120 km", "rfs": "2003", "owners": "Portugal Telecom", "url": null, "Symbol": 13, "year": 2003 }, "geometry": { "type": "LineString", "coordinates": [ [ -16.347667999842798, 33.047315999975602 ], [ -16.4771599998267, 32.770203999783497 ], [ -16.659289000377399, 32.612488000272599 ], [ -16.858898000038302, 32.562954000281302 ], [ -16.908897999682001, 32.647276999995299 ], [ -17.125109000365601, 32.464052000139098 ], [ -25.668705999620499, 36.962849999994603 ], [ -25.668705999620499, 37.7396029999395 ] ] } },
{ "type": "Feature", "properties": { "OBJECTID": 305, "cable_id": 1801, "Name": "Azores Fiber Optic System (AFOS)", "color": "#548f51", "length": "1,100 km", "rfs": "July 1998", "owners": "Portugal Telecom", "url": null, "Symbol": 12, "year": 1998 }, "geometry": { "type": "LineString", "coordinates": [ [ -27.9633829998448, 39.011408999854297 ], [ -28.152395999725201, 38.855758999799598 ], [ -28.584670999880899, 38.855758999799598 ], [ -28.584670999880899, 38.686579999702801 ], [ -28.2131379996375, 38.684293000010001 ], [ -28.508695000172999, 38.644413999704199 ], [ -28.647513000416101, 38.525405000122397 ], [ -28.597122000061798, 38.382932000176801 ], [ -28.4612339997466, 38.432672999738998 ], [ -28.383596999807001, 38.278441999728898 ], [ -25.296928999877899, 36.902508999773303 ], [ -25.141217000330599, 36.957153999976498 ], [ -25.072271000440502, 36.875953999932797 ], [ -24.9186090003891, 36.956842000026299 ], [ -25.007867000306199, 37.276350000248797 ], [ -25.547954999915, 37.5725280002112 ], [ -25.668705999620499, 37.7396029999395 ], [ -25.8673879998919, 37.678878000319202 ], [ -26.6165080004034, 38.098987000214898 ], [ -27.100785000018099, 38.533503000135099 ], [ -27.215776000325199, 38.6589039999268 ], [ -27.293168000042499, 38.580239000053403 ], [ -27.701663999942902, 38.702890999887103 ], [ -27.9633829998448, 39.011408999854297 ] ] } },
{ "type": "Feature", "properties": { "OBJECTID": 306, "cable_id": 1802, "Name": "Picot-1", "color": "#f89635", "length": "n.a.", "rfs": "2008", "owners": "OPT", "url": "http://telecom.opt.nc", "Symbol": 5, "year": 2008 }, "geometry": { "type": "MultiLineString", "coordinates": [ [ [ 166.161871000200989, -20.977077999705699 ], [ 166.680424999942005, -20.9926699998197 ], [ 166.981206000299011, -20.849001000132599 ], [ 167.151518000154994, -20.780630999791601 ] ], [ [ 165.341558999586994, -20.9456159997073 ], [ 165.857769000104014, -21.024577000158999 ], [ 166.161871000200989, -20.977077999705699 ] ], [ [ 166.489019000434013, -20.705651999677599 ], [ 166.466363000285014, -20.827188000247599 ], [ 166.161871000200989, -20.977077999705699 ] ] ] } },
{ "type": "Feature", "properties": { "OBJECTID": 307, "cable_id": 1803, "Name": "Comoros Domestic Cable System", "color": "#f04230", "length": "n.a.", "rfs": "2010", "owners": "Comores Telecom", "url": null, "Symbol": 6, "year": 2010 }, "geometry": { "type": "LineString", "coordinates": [ [ 43.489204000136603, -11.9231160001176 ], [ 44.029047000421201, -11.808814999765801 ], [ 44.400043000364199, -12.166274999598301 ], [ 44.029047000421201, -12.019794999599201 ], [ 43.739692000048301, -12.2878670001685 ], [ 43.489204000136603, -11.9231160001176 ] ] } },
{ "type": "Feature", "properties": { "OBJECTID": 308, "cable_id": 1804, "Name": "Tripoli-Benghazi", "color": "#9ea0a2", "length": "1,000 km", "rfs": "n.a.", "owners": "Libya International Telecommunications Company", "url": null, "Symbol": 0, "year": null }, "geometry": { "type": "LineString", "coordinates": [ [ 20.066759000437099, 32.116914999743699 ], [ 19.576524999983899, 32.116914999743699 ], [ 15.139809999937899, 33.535622999626398 ], [ 13.1873699999776, 33.535622999626398 ], [ 13.1873699999776, 32.877626999639503 ] ] } },
{ "type": "Feature", "properties": { "OBJECTID": 309, "cable_id": 1805, "Name": "FOS Quellon-Chacabuco", "color": "#0982c5", "length": "350 km", "rfs": "January 2015", "owners": "Gtd Teleductos S.A.", "url": "http://www.telsur.com/", "Symbol": 13, "year": 2015 }, "geometry": { "type": "LineString", "coordinates": [ [ -73.479463999616598, -43.117474000315099 ], [ -73.509980999611798, -44.121616000083002 ], [ -73.570723000422404, -44.697557999818997 ], [ -73.631513999840195, -45.134059000075503 ], [ -73.560616000363495, -45.339260999710604 ], [ -73.421748999716598, -45.353262999884102 ], [ -73.280097999630001, -45.282121000070802 ], [ -73.198310999571703, -45.281845999900497 ], [ -73.047627999851997, -45.417939999836499 ], [ -72.805098999695701, -45.458301000155402 ] ] } },
{ "type": "Feature", "properties": { "OBJECTID": 310, "cable_id": 1813, "Name": "Alaska United Turnagain Arm (AUTA)", "color": "#895c3c", "length": "53 km", "rfs": "2012", "owners": "GCI", "url": "http://www.alaskaunited.com", "Symbol": 8, "year": 2012 }, "geometry": { "type": "LineString", "coordinates": [ [ -149.732192999819006, 61.015690999783502 ], [ -149.631411999834, 60.9696379999492 ], [ -149.483706999721988, 60.953616000073403 ], [ -149.351381999895011, 60.920455999963302 ], [ -149.195133000047008, 60.921974999876802 ], [ -149.087319999696007, 60.889305000167802 ], [ -148.989810000120997, 60.828292000038502 ] ] } },
{ "type": "Feature", "properties": { "OBJECTID": 311, "cable_id": 1815, "Name": "Ivaluk Network", "color": "#b3b5b7", "length": "8,000 km", "rfs": "Q4 2016", "owners": "Nuvitik,  Inc.", "url": "http://www.nuvitik.ca", "Symbol": 1, "year": 2016 }, "geometry": { "type": "MultiLineString", "coordinates": [ [ [ -80.640053999801594, 51.258304000047097 ], [ -80.420180999794297, 51.347382999966001 ], [ -80.124869000379505, 51.896435999825897 ], [ -80.149868999752201, 52.5092909999752 ], [ -80.449869000309306, 53.293409000004999 ], [ -80.582291000221105, 54.1229280000803 ], [ -80.215738000299595, 54.918183000019901 ], [ -79.599429999687203, 55.306159000135501 ], [ -78.733024000048601, 55.495499999863199 ], [ -78.376334999613505, 55.671738999841402 ] ], [ [ -77.763787000030703, 55.274601999811701 ], [ -78.376334999613505, 55.671738999841402 ] ], [ [ -78.376334999613505, 55.671738999841402 ], [ -77.938737999727294, 55.886887999937798 ], [ -77.499724000006793, 56.446671000198599 ] ], [ [ -77.499724000006793, 56.446671000198599 ], [ -76.547088000288298, 56.551535999934103 ] ], [ [ -77.499724000006793, 56.446671000198599 ], [ -78.160661000128698, 56.462806000065697 ], [ -78.680631999704005, 56.555680000062402 ], [ -78.992691999731406, 56.586937000080802 ], [ -79.223209000097995, 56.540795999754202 ] ], [ [ -77.499724000006793, 56.446671000198599 ], [ -77.478776999770105, 56.902354999994401 ], [ -77.633219999621105, 57.302806999911702 ], [ -78.233219999837004, 57.732329000073001 ], [ -78.8047529995535, 57.957763999869798 ] ], [ [ -78.8047529995535, 57.957763999869798 ], [ -79.133218999886793, 58.086670000004901 ], [ -80.266030999846294, 58.646225999964301 ], [ -80.797670999977996, 59.085654000166898 ], [ -80.861490000131298, 59.729567999950604 ], [ -79.9504550000851, 60.437098000190801 ] ], [ [ -78.105095000356997, 58.455158000018599 ], [ -78.8047529995535, 57.957763999869798 ] ], [ [ -94.164946999859893, 58.7758359997921 ], [ -94.164946999859893, 58.897826999779902 ], [ -92.728180000116694, 60.503665000112697 ] ], [ [ -67.512963999778904, 59.184950000026397 ], [ -68.090161000431095, 58.609748999992199 ], [ -68.219213000198806, 58.328046000231197 ], [ -68.289427999785104, 58.286207000111702 ], [ -68.418822999684593, 58.103005999818301 ] ], [ [ -67.512963999778904, 59.184950000026397 ], [ -66.8998780000707, 59.375392000033003 ] ], [ [ -67.867846000392504, 59.246152000105702 ], [ -68.917894999602098, 59.007423000166398 ], [ -69.183567999803998, 58.931457999884003 ], [ -69.346849000017698, 58.917318999878397 ], [ -69.422141999835304, 58.875699000200598 ], [ -69.523753000024001, 58.800456000221502 ], [ -69.640208000021104, 58.771482000005904 ], [ -69.835570000377203, 58.756872000031002 ], [ -69.937375999661199, 58.697432999800697 ] ], [ [ -67.867846000392504, 59.246152000105702 ], [ -67.512963999778904, 59.184950000026397 ] ], [ [ -66.8998780000707, 59.375392000033003 ], [ -66.1754649999273, 58.914872999800799 ], [ -65.9950939996926, 58.710140000135098 ] ], [ [ -66.8998780000707, 59.375392000033003 ], [ -66.099684000213003, 60.105983999941401 ], [ -65.299880000342498, 60.674220999858498 ], [ -64.846217999733994, 60.909704000085 ], [ -64.453542000333499, 61.069803999962197 ] ], [ [ -68.100462999585304, 59.493384999800298 ], [ -69.117504000161205, 59.480692000170798 ], [ -69.490696999913197, 59.415564000109903 ], [ -69.597484000242503, 59.305749000161697 ] ], [ [ -68.100462999585304, 59.493384999800298 ], [ -67.867846000392504, 59.246152000105702 ] ], [ [ -68.040307000377197, 59.904405000201798 ], [ -68.100462999585304, 59.493384999800298 ] ], [ [ -70.026242999766097, 60.0234309998133 ], [ -69.940892000293402, 59.987719000060899 ], [ -69.820334999858304, 59.9769219999638 ], [ -69.685764999643098, 60.014232000222201 ], [ -68.040307000377197, 59.904405000201798 ] ], [ [ -77.269206999640204, 60.037090000149398 ], [ -77.530632999639096, 59.975310000100102 ], [ -78.503141999891795, 59.975310000100102 ], [ -79.9504550000851, 60.437098000190801 ] ], [ [ -79.9504550000851, 60.437098000190801 ], [ -79.039420999863694, 61.129554000137396 ] ], [ [ -92.728180000116694, 60.503665000112697 ], [ -94.059917999846704, 61.108282000017503 ] ], [ [ -92.728180000116694, 60.503665000112697 ], [ -90.856892999829796, 61.478510999814702 ] ], [ [ -64.453542000333499, 61.069803999962197 ], [ -63.822341000407199, 61.409024999938403 ], [ -63.270339999844701, 61.791489999969599 ] ], [ [ -79.039420999863694, 61.129554000137396 ], [ -78.144206000317297, 60.817651999872297 ] ], [ [ -79.039420999863694, 61.129554000137396 ], [ -78.598746999736406, 62.073837999819403 ], [ -78.559685000179897, 62.431808999902699 ] ], [ [ -69.227416000412106, 61.4210339999414 ], [ -69.639915000118094, 61.041682999829497 ] ], [ [ -69.227416000412106, 61.4210339999414 ], [ -68.574535000130098, 61.257169999875799 ], [ -67.549877999930402, 60.893866000125101 ], [ -67.224878000000501, 60.514649999994802 ], [ -67.424878000371905, 60.2056100000841 ], [ -68.040307000377197, 59.904405000201798 ] ], [ [ -90.856892999829796, 61.478510999814702 ], [ -90.067976999817901, 61.880587999807602 ] ], [ [ -90.856892999829796, 61.478510999814702 ], [ -92.601666999566206, 62.244362999950603 ] ], [ [ -63.270339999844701, 61.791489999969599 ], [ -62.078446000379699, 62.818174999946798 ], [ -60.912041000008998, 63.808133000021201 ] ], [ [ -69.924436999583705, 61.8122549999554 ], [ -67.046118999593702, 61.3158160001122 ], [ -64.453542000333499, 61.069803999962197 ] ], [ [ -90.067976999817901, 61.880587999807602 ], [ -88.698789000359199, 62.566054999920603 ] ], [ [ -90.067976999817901, 61.880587999807602 ], [ -91.769586999559706, 62.617997999793602 ], [ -92.085261000128497, 62.808382000174298 ] ], [ [ -71.141378999898606, 62.049954999842598 ], [ -71.953879000172293, 61.596260999999103 ] ], [ [ -71.141378999898606, 62.049954999842598 ], [ -70.128049999773395, 61.645693999871 ], [ -69.227416000412106, 61.4210339999414 ] ], [ [ -77.916666999559297, 62.416687000040604 ], [ -78.559685000179897, 62.431808999902699 ] ], [ [ -78.559685000179897, 62.431808999902699 ], [ -78.529655000256497, 62.704198000178003 ], [ -76.121013999572, 62.950994000179499 ], [ -75.405145999888205, 62.920290999929698 ] ], [ [ -88.698789000359199, 62.566054999920603 ], [ -87.794492362073797, 62.690356554986202 ] ], [ [ -88.698789000359199, 62.566054999920603 ], [ -89.689462000335396, 62.987896999861803 ], [ -90.736824000189699, 63.346554999827298 ] ], [ [ -87.794492362073797, 62.690356554986202 ], [ -87.794492000052699, 62.690355999825201 ] ], [ [ -87.794492362073797, 62.690356554986202 ], [ -86.890195999571205, 62.8141379998197 ], [ -85.623693000003797, 62.711585999922498 ], [ -84.648401000136303, 62.797692000021797 ], [ -83.927064000408905, 63.143030000188404 ], [ -82.9561660001592, 63.29648299982 ] ], [ [ -69.869212000293899, 62.847448000025402 ], [ -69.775364999866994, 62.524429999861603 ], [ -69.7830790002984, 62.180420999806401 ], [ -69.924436999583705, 61.8122549999554 ] ], [ [ -74.726385999626203, 62.8911570002006 ], [ -74.851483999992197, 62.280133999989602 ], [ -74.799531000038797, 62.209415000157598 ], [ -74.630145999571894, 62.116068999974601 ] ], [ [ -74.726385999626203, 62.8911570002006 ], [ -73.114033999801606, 62.821810999868497 ], [ -71.141378999898606, 62.049954999842598 ] ], [ [ -75.405145999888205, 62.920290999929698 ], [ -75.522773000395304, 62.346765999945198 ], [ -75.561444999964493, 62.2796790000179 ], [ -75.646844999841093, 62.201241000162099 ] ], [ [ -75.405145999888205, 62.920290999929698 ], [ -74.726385999626203, 62.8911570002006 ] ], [ [ -82.9561660001592, 63.29648299982 ], [ -81.346499000040097, 63.171142000191402 ], [ -80.246401999709605, 63.265329999856398 ], [ -79.141374000359093, 63.473100000031998 ] ], [ [ -79.141374000359093, 63.473100000031998 ], [ -78.136979999782596, 63.676707000019803 ], [ -77.624480000066001, 63.839129000140197 ], [ -77.095524999639807, 63.9088359999134 ], [ -76.540936000354506, 63.888147999956303 ] ], [ [ -68.519700999754207, 63.748609000082297 ], [ -68.411449999734998, 63.558762000110903 ], [ -67.949974999859194, 63.312891000164399 ], [ -67.518774000304305, 63.196693999861701 ], [ -66.632983999853195, 62.8411860000205 ], [ -66.056422000309098, 62.560227000020198 ], [ -65.394605999579994, 62.334412999944803 ], [ -63.270339999844701, 61.791489999969599 ] ], [ [ -60.912041000008998, 63.808133000021201 ], [ -59.899589999767699, 64.640141000076696 ], [ -58.808868000100198, 65.858961000062806 ], [ -58.5990050000675, 67.072176999989793 ], [ -59.734454000051898, 68.174430000102106 ], [ -60.590556999813003, 68.5725050001342 ] ], [ [ -76.540936000354506, 63.888147999956303 ], [ -72.951534000285804, 62.997786000129203 ], [ -69.924436999583705, 61.8122549999554 ] ], [ [ -76.540936000354506, 63.888147999956303 ], [ -76.540936000354506, 64.121440999950394 ], [ -76.540936000354506, 64.230342999981602 ] ], [ [ -83.169886000407701, 64.138847000015303 ], [ -83.313294000087197, 64.042923999885204 ], [ -83.349573999853803, 63.866455999984197 ], [ -82.9561660001592, 63.29648299982 ] ], [ [ -65.701198000287107, 66.146562000130402 ], [ -65.934253999871004, 66.103835000042196 ], [ -66.371753999672904, 65.963311000095601 ], [ -66.479469000114804, 65.768739000029001 ], [ -66.187280999898405, 65.436946000036698 ], [ -65.412379000389706, 64.996855000041506 ], [ -64.163746999744603, 64.557365999947905 ], [ -60.912041000008998, 63.808133000021201 ] ], [ [ -86.244639999558103, 66.528306000009707 ], [ -86.244639999558103, 66.428532000090101 ], [ -85.890049999920905, 66.367400000092204 ], [ -85.607481999691601, 66.230146999859898 ], [ -85.605089999889003, 66.073296999870195 ], [ -85.849767000348706, 65.956588000115502 ], [ -86.163634000197703, 65.822550999846399 ], [ -86.266466000402005, 65.642298000053501 ], [ -86.511193000192094, 65.358500000105906 ], [ -86.5664660000608, 65.072488999902205 ], [ -86.933116000066605, 64.6405379999254 ], [ -87.383115999554803, 64.099864999984305 ], [ -87.883114999760096, 63.711243000023103 ], [ -88.139219000028504, 63.214610999836403 ], [ -87.794492362073797, 62.690356554986202 ] ], [ [ -64.025661999620496, 67.555543000014097 ], [ -60.590556999813003, 68.5725050001342 ] ], [ [ -60.590556999813003, 68.5725050001342 ], [ -62.052810999899002, 69.236447000054994 ], [ -66.469507999645899, 70.9326660001243 ] ], [ [ -95.8497109999781, 68.635527000163194 ], [ -95.362357999947406, 68.6360249999492 ], [ -94.9998580000602, 68.754071999935704 ], [ -94.937358999656794, 68.930029000157006 ], [ -94.899174999984197, 69.131120000087293 ], [ -94.962358000102896, 69.348431000114999 ] ], [ [ -80.183950999884999, 68.823660000130502 ], [ -81.235220000183702, 68.775754000126 ] ], [ [ -80.183950999884999, 68.823660000130502 ], [ -79.602359999615103, 67.092655000148298 ], [ -79.344840000235706, 63.691967999990702 ], [ -79.141374000359093, 63.473100000031998 ] ], [ [ -105.553463999586, 68.854858000151907 ], [ -105.053805999862007, 69.117652999855196 ] ], [ [ -94.962358000102896, 69.348431000114999 ], [ -94.299859000381801, 69.392471000109097 ], [ -93.927153999628203, 69.399962999987594 ], [ -93.802007999581605, 69.426318000096799 ], [ -93.527106000103103, 69.536689999906798 ] ], [ [ -94.962358000102896, 69.348431000114999 ], [ -95.1123579999323, 69.515306999942794 ], [ -95.262064999858694, 69.587704999937401 ], [ -95.4873580004041, 69.650487000108001 ], [ -95.737358000419206, 69.680893000081397 ], [ -96.399857000140202, 69.793448999903404 ], [ -97.1165070003469, 70.029581999923806 ], [ -97.883303999611897, 70.368362000000303 ], [ -98.348097999578101, 70.698873999919897 ] ], [ [ -81.081508999728499, 69.563509000098804 ], [ -81.824623999720899, 69.372526999938998 ] ], [ [ -81.081508999728499, 69.563509000098804 ], [ -80.314565999975201, 69.194915000032907 ], [ -80.183950999884999, 68.823660000130502 ] ], [ [ -88.595614999848095, 69.963790000152898 ], [ -89.649861999755203, 69.295462999927906 ], [ -89.931502999696804, 69.021331999965795 ], [ -90.093025999594303, 68.806120000160107 ], [ -90.064509999589504, 68.623268000071903 ], [ -89.8249599997649, 68.534673999892803 ] ], [ [ -88.595614999848095, 69.963790000152898 ], [ -87.392198000314906, 69.887633999849598 ], [ -84.780773999644197, 69.9708650001145 ], [ -83.122767000288107, 69.880731999914104 ], [ -81.2563620004141, 69.646649000111793 ], [ -81.081508999728499, 69.563509000098804 ] ], [ [ -98.348097999578101, 70.698873999919897 ], [ -99.248293000344802, 69.741388000078103 ], [ -100.882764000018, 69.086666999959803 ], [ -100.883349999824006, 68.667575999977601 ], [ -101.269824999785001, 68.297288000131999 ], [ -102.325096999888999, 68.191270000012096 ], [ -103.315184999885005, 68.304582000154298 ], [ -104.909958999791996, 68.680360999939396 ], [ -105.998630000137993, 68.974764000120203 ], [ -106.718600000259997, 68.987812000021194 ], [ -107.443502000124994, 68.766861000012398 ], [ -108.578998999790002, 68.616129999938494 ], [ -111.102142000162004, 68.043734999875994 ], [ -112.567081999777997, 67.942187999911496 ], [ -113.193058000058997, 68.1251810001405 ], [ -113.921720000055004, 68.098605000112798 ], [ -114.546816999727994, 67.992322000055097 ], [ -115.096524000396997, 67.825271000155197 ] ], [ [ -66.469507999645899, 70.9326660001243 ], [ -68.203637000096407, 70.424095000053796 ], [ -68.371264000247294, 70.332995000072202 ], [ -68.512377000208502, 70.326288999865397 ], [ -68.582005999988894, 70.356317000106202 ], [ -68.6183340003344, 70.415438000000194 ], [ -68.6012440003134, 70.476347000074995 ] ], [ [ -66.469507999645899, 70.9326660001243 ], [ -75.899871999868495, 73.914177999889404 ], [ -77.377019000166598, 74.157863000100903 ], [ -79.049870000229305, 74.216167000103198 ] ], [ [ -88.712509000236295, 74.058442000122696 ], [ -89.066708000061197, 73.826209000074797 ], [ -90.166610000398094, 73.2788719999145 ], [ -90.966609000262196, 72.5543540000333 ], [ -91.746589000002203, 71.517081000036299 ], [ -90.365974999661404, 70.596727000096905 ], [ -88.595614999848095, 69.963790000152898 ] ], [ [ -88.712509000236295, 74.058442000122696 ], [ -89.648202000246798, 74.196245999959004 ], [ -91.407038999991897, 74.345832000062202 ], [ -93.390826000150795, 74.436197000091795 ], [ -94.974272999808207, 74.371701000056007 ] ], [ [ -83.549476000315906, 74.106971000047395 ], [ -83.799914999823898, 73.844764000010201 ], [ -84.433312999559107, 73.598930999977497 ], [ -85.248107999550896, 73.440772999875406 ], [ -85.409239999636199, 73.291482999936207 ], [ -85.300987999792099, 73.131905000092104 ], [ -85.148010000354205, 73.037571000002004 ] ], [ [ -83.549476000315906, 74.106971000047395 ], [ -86.349865000288204, 74.147968999949995 ], [ -88.712509000236295, 74.058442000122696 ] ], [ [ -81.349966000268495, 74.134385999988297 ], [ -83.549476000315906, 74.106971000047395 ] ], [ [ -81.349966000268495, 74.134385999988297 ], [ -81.199867999631394, 73.740095000124697 ], [ -81.124867999716699, 73.599510000068804 ], [ -81.024771000344899, 73.500397000028002 ], [ -81.043960000265599, 73.316242000049499 ], [ -80.982486000059197, 73.278605000014196 ], [ -80.870229999686302, 73.253987999964295 ], [ -80.389223999583095, 73.179911999995596 ], [ -80.359829999694298, 73.008943000128099 ], [ -80.164712999560606, 72.829197999872406 ], [ -79.534439999746994, 72.651991999896694 ], [ -78.938053000247606, 72.643414999868 ], [ -78.208513000367304, 72.700075000049694 ], [ -77.958513000352198, 72.700075000049694 ] ], [ [ -79.049870000229305, 74.216167000103198 ], [ -81.349966000268495, 74.134385999988297 ] ], [ [ -79.049870000229305, 74.216167000103198 ], [ -78.716031999936902, 74.973919000113497 ], [ -78.985953999991693, 75.539856000030198 ], [ -79.572036999788693, 75.691674999928694 ], [ -80.166763999779604, 75.772603000034593 ], [ -81.184438999842101, 75.957353999973293 ], [ -82.256263999666899, 76.170470999975905 ], [ -82.858753999594697, 76.410817999943404 ] ], [ [ -94.974272999808207, 74.371701000056007 ], [ -95.646049000283, 74.273337000019296 ], [ -96.193704999834907, 74.049587999952294 ], [ -96.341800999758405, 73.698727999898907 ], [ -96.293802999929895, 73.317350000048606 ], [ -96.125882999876097, 73.074583999880204 ], [ -96.221830000027495, 72.814229000066504 ], [ -95.842143000034994, 72.457479000043506 ], [ -95.861967000165393, 72.230658999913999 ], [ -95.904350000360296, 71.837839000131694 ], [ -97.029642000057194, 71.365918000035407 ], [ -98.348097999578101, 70.698873999919897 ] ], [ [ -94.829692999618601, 74.697342000072396 ], [ -95.002105000097799, 74.6170079999726 ], [ -95.048101000111103, 74.502442000003199 ], [ -94.974272999808207, 74.371701000056007 ] ] ] } },
{ "type": "Feature", "properties": { "OBJECTID": 312, "cable_id": 1816, "Name": "Sea Lion", "color": "#b3b5b7", "length": "1,172 km", "rfs": "Q1 2016", "owners": "Cinia Group Oy", "url": "http://cinia.eu/en/c-lion", "Symbol": 1, "year": 2016 }, "geometry": { "type": "LineString", "coordinates": [ [ 24.9324780002291, 60.171162999996 ], [ 24.441755999879302, 59.733161000132498 ], [ 21.178183999943801, 59.095234999953398 ], [ 20.333360999678298, 57.428593999997702 ], [ 18.5833620002958, 55.936641000175797 ], [ 15.6242820004446, 54.766635000060198 ], [ 13.622720999651101, 54.766635000060198 ], [ 12.7214520000802, 54.630038000127797 ], [ 12.3099290001675, 54.535099999838302 ], [ 12.159831000428801, 54.334683999751299 ], [ 12.1324879998607, 54.079179999811501 ] ] } },
{ "type": "Feature", "properties": { "OBJECTID": 313, "cable_id": 1817, "Name": "Nextgen Darwin-Port Hedland", "color": "#9ea0a2", "length": "2,000 km", "rfs": "2016", "owners": "Nextgen Networks", "url": "http://www.nextgengroup.com.au", "Symbol": 0, "year": 2016 }, "geometry": { "type": "LineString", "coordinates": [ [ 118.577236000054995, -20.313446000325602 ], [ 118.577236000054995, -18.753871000066798 ], [ 125.733384000043998, -12.467479000170201 ], [ 130.843145999911002, -12.467479000170201 ] ] } },
{ "type": "Feature", "properties": { "OBJECTID": 314, "cable_id": 1818, "Name": "APX-Central", "color": "#9ea0a2", "length": "4,800 km", "rfs": "Q3 2016", "owners": "SubPartners", "url": "http://www.subpartners.net", "Symbol": 0, "year": 2016 }, "geometry": { "type": "MultiLineString", "coordinates": [ [ [ 148.566765999789993, -43.758350000133198 ], [ 147.756806000354999, -43.377109000082598 ], [ 147.583074999951009, -43.2289320000678 ], [ 147.530927000003004, -43.101147000136599 ], [ 147.331610000420994, -42.879350000328202 ] ], [ [ 148.566765999789993, -43.758350000133198 ], [ 148.066375999771992, -44.312059999869099 ], [ 145.74987299960199, -44.455133999859903 ], [ 143.341477000037997, -42.881424999766097 ], [ 141.332786999693013, -40.2953429997415 ] ], [ [ 141.332786999693013, -40.2953429997415 ], [ 143.743039000380008, -39.281505999894499 ], [ 144.664034000171995, -38.305904999999001 ], [ 144.862472000046012, -38.180733999757301 ], [ 144.967158999752996, -38.0147350003406 ], [ 144.967158999752996, -37.817507000233299 ] ], [ [ 141.332786999693013, -40.2953429997415 ], [ 134.850858000035998, -36.676359000319202 ] ], [ [ 134.850858000035998, -36.676359000319202 ], [ 135.640603000426012, -35.932976999751297 ], [ 136.697145000050995, -35.5041180002031 ], [ 137.353199999759994, -35.3999859997312 ], [ 137.827319999986003, -35.304087999823302 ], [ 138.599878000270991, -34.9260850002971 ] ], [ [ 134.850858000035998, -36.676359000319202 ], [ 127.092562000426, -36.016828999707101 ], [ 119.550184999625998, -36.079205000274101 ], [ 115.446769999747005, -35.9172400001029 ], [ 114.053216000402003, -34.611299999797502 ], [ 114.053216000402003, -33.061829000219603 ], [ 115.857316000040996, -31.953439000359701 ] ], [ [ 151.206997999645012, -33.869554999752303 ], [ 151.573794999964008, -34.826982000108003 ], [ 150.499968000324003, -37.9424540001975 ], [ 149.906510999853992, -41.013827000245101 ], [ 149.206121000362998, -43.0433639997566 ], [ 148.566765999789993, -43.758350000133198 ] ] ] } },
{ "type": "Feature", "properties": { "OBJECTID": 315, "cable_id": 1819, "Name": "Farland North", "color": "#0982c5", "length": "150 km", "rfs": "1989", "owners": "BT", "url": null, "Symbol": 13, "year": 1989 }, "geometry": { "type": "LineString", "coordinates": [ [ 1.59060000039722, 52.157843000272102 ], [ 1.84060000041235, 52.157843000272102 ], [ 3.24616600044522, 51.719098000267202 ], [ 3.49616599956202, 51.563952999919003 ] ] } },
{ "type": "Feature", "properties": { "OBJECTID": 316, "cable_id": 1821, "Name": "Nigeria Cameroon Submarine Cable System (NCSCS)", "color": "#9ea0a2", "length": "1,100 km", "rfs": "September 2015", "owners": "Camtel", "url": null, "Symbol": 0, "year": 2015 }, "geometry": { "type": "LineString", "coordinates": [ [ 3.4235089999444, 6.43906899965545 ], [ 4.7576879998808, 2.72507800006874 ], [ 8.82672799972396, 2.72507800006874 ], [ 9.91022299993004, 2.93312499966437 ] ] } },
{ "type": "Feature", "properties": { "OBJECTID": 317, "cable_id": 1822, "Name": "Kerch Strait Cable", "color": "#f04230", "length": "46 km", "rfs": "April 2014", "owners": "Rostelecom", "url": null, "Symbol": 6, "year": 2014 }, "geometry": { "type": "LineString", "coordinates": [ [ 36.477391999940401, 45.356982000059404 ], [ 36.532860999627701, 45.301404999864097 ], [ 36.6312980003893, 45.3025039997448 ], [ 36.659422999683599, 45.389259000127602 ], [ 36.7000479995625, 45.429844999769799 ], [ 36.770848999853101, 45.4236089999754 ] ] } },
{ "type": "Feature", "properties": { "OBJECTID": 318, "cable_id": 1823, "Name": "SEA-US", "color": "#9ea0a2", "length": "15,000 km", "rfs": "Q4 2016", "owners": "RAM Telecom International,  Globe Telecom,  Hawaiian Telcom,  Telkom Indonesia,  GTA TeleGuam", "url": null, "Symbol": 0, "year": 2016 }, "geometry": { "type": "MultiLineString", "coordinates": [ [ [ 124.839634000011998, 1.49078299957196 ], [ 124.839634000011998, 1.98205899961428 ], [ 125.399692000239, 2.51328800016035 ], [ 131.041875999863009, 4.22549199978752 ], [ 135.609256000226992, 10.038504999591201 ], [ 144.69469799958199, 13.4647779998981 ], [ 146.157782999696991, 12.859908999849701 ], [ 151.588833999765995, 12.8701920000728 ], [ 179.999947000393007, 17.233453000371501 ] ], [ [ 125.612876000011994, 7.07998899960894 ], [ 126.075863999982005, 5.90157799997461 ], [ 127.663752999836007, 3.68430600016743 ] ], [ [ -118.399450999791995, 33.862475999751801 ], [ -139.250217999889003, 26.916770999921901 ], [ -147.02780000040201, 26.916770999921901 ], [ -158.000008999886006, 21.439269999720199 ], [ -161.169977999791996, 20.051730000243602 ], [ -179.999944999845013, 17.2193689998285 ] ] ] } },
{ "type": "Feature", "properties": { "OBJECTID": 319, "cable_id": 1825, "Name": "Far East Submarine Cable System", "color": "#9ea0a2", "length": "2,000 km", "rfs": "September 2015", "owners": "Rostelecom", "url": null, "Symbol": 0, "year": 2015 }, "geometry": { "type": "LineString", "coordinates": [ [ 151.283365999887991, 59.583340999855999 ], [ 150.946939999975001, 59.1035350001236 ], [ 142.942452999987012, 53.577540999786997 ], [ 156.28707299972001, 52.812407000141803 ] ] } },
{ "type": "Feature", "properties": { "OBJECTID": 320, "cable_id": 1826, "Name": "Isles of Scilly Cable", "color": "#895c3c", "length": "939 km", "rfs": "2014", "owners": "BT", "url": null, "Symbol": 8, "year": 2014 }, "geometry": { "type": "LineString", "coordinates": [ [ -6.30817300003702, 49.919912999944003 ], [ -5.65451199978031, 50.043151000254198 ] ] } },
{ "type": "Feature", "properties": { "OBJECTID": 321, "cable_id": 1827, "Name": "BT Highlands and Islands Submarine Cable System", "color": "#548f51", "length": "402 km", "rfs": "December 2014", "owners": "BT", "url": null, "Symbol": 12, "year": 2014 }, "geometry": { "type": "MultiLineString", "coordinates": [ [ [ -5.53341799994308, 55.476549000024796 ], [ -5.33210000036998, 55.501945000083602 ] ], [ [ -6.12540999999978, 55.636119000004598 ], [ -5.69757799986562, 55.5654999999023 ] ], [ [ -5.14142600025784, 55.643559999868998 ], [ -4.8893750000237, 55.693045999840301 ] ], [ [ -5.02809600018238, 55.751841999873797 ], [ -4.9438679999177, 55.742771999933602 ] ], [ [ -4.8673049996806, 55.793341000028803 ], [ -4.90045899970072, 55.780163000180202 ] ], [ [ -6.08991199985766, 55.846750000164697 ], [ -6.10631800016349, 55.847736000114601 ] ], [ [ -5.01999099993876, 55.869412999827503 ], [ -5.0635940003245, 55.858590000147402 ] ], [ [ -5.61456999979166, 55.891679999812098 ], [ -5.85822200005432, 55.833671999969397 ], [ -5.9538279997239, 55.833671999969397 ] ], [ [ -5.36579099979223, 56.019419999819199 ], [ -5.3212109997883, 56.008284000235797 ] ], [ [ -5.66935499976375, 56.455844999958899 ], [ -5.47580099995241, 56.4377640000084 ] ], [ [ -6.808515000374, 56.503787999988504 ], [ -6.71593699964331, 56.466096999796697 ], [ -6.35617099986549, 56.582123999981697 ], [ -6.27238199999195, 56.582123999981697 ] ], [ [ -6.09396400006701, 56.688571999761102 ], [ -6.07028299972094, 56.621849000098699 ] ], [ [ -5.2453809996702, 56.722531999927803 ], [ -5.23366199978344, 56.721567999809899 ] ], [ [ -5.90646500010516, 57.059206000227398 ], [ -5.820429000194, 57.008484999892097 ] ], [ [ -7.32814299981771, 57.105535000037399 ], [ -7.31217599990303, 57.081529000134303 ], [ -7.30221600015726, 57.073619999817303 ], [ -7.33117099965494, 57.025283999930402 ], [ -7.44948100005241, 57.025283999930402 ] ], [ [ -7.27413899964524, 57.366688999839603 ], [ -7.03820199963888, 57.366688999839603 ], [ -6.79298699995214, 57.544832999975803 ], [ -6.69288999968206, 57.544832999975803 ], [ -6.58165900040455, 57.436321999872902 ] ], [ [ -7.00836800043233, 57.769405000005399 ], [ -6.91461800008979, 57.678954000027602 ], [ -7.02233299963348, 57.5856859997713 ], [ -7.16334799968545, 57.599372999869601 ] ], [ [ -6.3107609996582, 58.209067999974003 ], [ -6.11906200024731, 58.136376000003899 ], [ -5.47506799983341, 57.976954999938599 ], [ -5.19621100022992, 57.934078999766101 ] ], [ [ -2.93952299968454, 59.279768000164601 ], [ -2.95915199982126, 59.3504589999229 ] ] ] } },
{ "type": "Feature", "properties": { "OBJECTID": 322, "cable_id": 1828, "Name": "Sistem Kabel Rakyat 1Malaysia (SKR1M)", "color": "#b3b5b7", "length": "3,700 km", "rfs": "Mid-2017", "owners": "Telekom Malaysia", "url": "http://www.tm.com.my", "Symbol": 1, "year": 2017 }, "geometry": { "type": "LineString", "coordinates": [ [ 103.850683999881994, 2.29570699985265 ], [ 105.025000000326997, 2.2430139997066 ], [ 109.637497000097994, 2.35542299962132 ], [ 110.253608999994, 2.02041400036512 ], [ 110.353707000089003, 1.52016700016168 ], [ 110.453805000184005, 2.02041400036512 ], [ 111.337495000011998, 3.06712099959812 ], [ 112.567865999950996, 3.19700400027016 ], [ 113.068353999877999, 3.19700400027016 ], [ 113.068353999877999, 3.69658499968194 ], [ 113.506926999556995, 4.42531200023577 ], [ 114.007415000383006, 4.42531200023577 ], [ 114.007415000383006, 4.92413300032991 ], [ 115.574016000415995, 5.98132299957271 ], [ 116.074307999626001, 5.98132299957271 ], [ 115.574016000415995, 6.08086700006623 ], [ 108.050095000316006, 5.09515699977363 ], [ 104.100000000182007, 4.43913799967844 ], [ 103.395216000174997, 4.11631000015129 ] ] } },
{ "type": "Feature", "properties": { "OBJECTID": 323, "cable_id": 1829, "Name": "Global Caribbean Network (GCN)", "color": "#b2703f", "length": "n.a.", "rfs": "September 2006", "owners": "Leucadia National Corporation,  Loret Group", "url": "http://www.globalcaribbean.net", "Symbol": 4, "year": 2006 }, "geometry": { "type": "LineString", "coordinates": [ [ -61.554814000407198, 16.243012999883199 ], [ -61.526396000311699, 15.988765000254499 ], [ -61.607791999659398, 15.892798000065399 ], [ -61.715945999594197, 16.0289409999091 ], [ -61.880937000443403, 15.880963999932799 ], [ -63.164089999815801, 17.260686999974499 ], [ -62.833377000343297, 17.900059999999399 ], [ -63.0500760000252, 18.0928749998291 ], [ -64.145925000327694, 18.226958999717201 ], [ -64.640261000320706, 18.135013999650599 ], [ -64.819265000051601, 17.773909999653 ], [ -65.309645000094605, 18.226958999717201 ], [ -65.761890999795497, 18.567687999985601 ], [ -66.106666000350202, 18.466105000394901 ] ] } },
{ "type": "Feature", "properties": { "OBJECTID": 324, "cable_id": 1830, "Name": "Segunda FOS Canal de Chacao", "color": "#f04230", "length": "40 km", "rfs": "January 2015", "owners": "Gtd Teleductos S.A.", "url": "http://www.telsur.cl/empresas/", "Symbol": 6, "year": 2015 }, "geometry": { "type": "LineString", "coordinates": [ [ -73.155293999890205, -41.806939999693498 ], [ -73.252657000051002, -41.872420000316403 ], [ -73.504463999887605, -41.9911309997904 ] ] } },
{ "type": "Feature", "properties": { "OBJECTID": 325, "cable_id": 1832, "Name": "Jambi-Batam Cable System (JIBA)", "color": "#8dc851", "length": "420 km", "rfs": "2014", "owners": "Moratelindo", "url": "http://www.moratelindo.co.id", "Symbol": 11, "year": 2014 }, "geometry": { "type": "LineString", "coordinates": [ [ 103.962597999948002, 1.1347250003427 ], [ 103.878126000183997, 1.1347250003427 ], [ 103.894923000302001, 1.05173200038504 ], [ 104.030665000129005, 0.95457899977037 ], [ 103.942285999920998, 0.305402999674041 ], [ 104.004102000434003, -0.4609960002152 ], [ 103.740430000222005, -0.991029000419566 ], [ 103.609962000444995, -1.589994999878 ] ] } },
{ "type": "Feature", "properties": { "OBJECTID": 326, "cable_id": 1833, "Name": "Jakarta-Bangka-Bintan-Batam-Singapore (B3JS)", "color": "#38bced", "length": "1,031 km", "rfs": "November 2012", "owners": "Moratelindo", "url": "http://www.moratelindo.co.id", "Symbol": 9, "year": 2012 }, "geometry": { "type": "LineString", "coordinates": [ [ 106.827831000271004, -6.17187800005098 ], [ 106.617967000413003, -5.24253399980148 ], [ 106.547459999850005, -3.07992499974638 ], [ 105.582714000433, -1.55387600029153 ], [ 104.574609999954006, 0.580980999846405 ], [ 104.284570999864997, 0.642500000397237 ], [ 104.017090000017006, 0.885447000026215 ], [ 103.835937999983003, 0.962292999675443 ], [ 103.808203999602, 1.0116989999976 ], [ 103.878126000183997, 1.1347250003427 ], [ 103.962597999948002, 1.1347250003427 ], [ 103.853028000004002, 1.29406399962885 ] ] } },
{ "type": "Feature", "properties": { "OBJECTID": 327, "cable_id": 1834, "Name": "Lanis-3", "color": "#38bced", "length": "122 km", "rfs": "1992", "owners": "Vodafone", "url": null, "Symbol": 9, "year": 1992 }, "geometry": { "type": "LineString", "coordinates": [ [ -4.65993200025798, 55.541334000087303 ], [ -4.87785199995551, 55.405641999982002 ], [ -5.41286100040632, 54.807404000104803 ], [ -5.71872099992096, 54.753702999846503 ] ] } },
{ "type": "Feature", "properties": { "OBJECTID": 328, "cable_id": 1835, "Name": "Swansea-Brean", "color": "#4fc1af", "length": "97 km", "rfs": "1993", "owners": "Vodafone", "url": null, "Symbol": 10, "year": 1993 }, "geometry": { "type": "LineString", "coordinates": [ [ -4.16950299981113, 51.558094999726499 ], [ -3.68249200008711, 51.3831129999975 ], [ -3.01086100027554, 51.2936450000443 ] ] } },
{ "type": "Feature", "properties": { "OBJECTID": 329, "cable_id": 1836, "Name": "Northern Lights", "color": "#895c3c", "length": "67 km", "rfs": "2008", "owners": "BT", "url": null, "Symbol": 8, "year": 2008 }, "geometry": { "type": "LineString", "coordinates": [ [ -2.71715999996542, 58.943173000123601 ], [ -2.71715999996542, 58.883295000035197 ], [ -2.88688699984082, 58.868783000119699 ], [ -3.03151499971099, 58.860274999963799 ], [ -3.08927900001479, 58.815122999836099 ], [ -3.13180799979967, 58.727810999864801 ], [ -3.37658399999357, 58.708821000040501 ], [ -3.37658399999357, 58.670327999806801 ] ] } },
{ "type": "Feature", "properties": { "OBJECTID": 330, "cable_id": 1839, "Name": "PLDT Domestic Fiber Optic Network (DFON)", "color": "#6c70b5", "length": "11,100 km", "rfs": "1997", "owners": "PLDT", "url": "http://www.pldt.com.ph", "Symbol": 7, "year": 1997 }, "geometry": { "type": "MultiLineString", "coordinates": [ [ [ 123.281431999950001, 9.295502999859901 ], [ 123.425084000026999, 8.997968000296931 ], [ 123.950084000328005, 8.744012000203281 ], [ 123.950084000328005, 8.34806800025371 ], [ 123.849986000233002, 8.14994400009178 ], [ 124.050182000423007, 8.34806800025371 ], [ 124.231528999553007, 8.751058000146109 ], [ 124.531822000012994, 8.751058000146109 ], [ 124.631920000107996, 8.45414399957876 ], [ 124.631920000107996, 8.751058000146109 ], [ 124.496959000079997, 9.13828200023891 ], [ 124.637584000144997, 9.33337600022424 ], [ 125.291586999809994, 9.203550000044659 ], [ 125.540610000206996, 8.94761499974028 ], [ 125.341685000260995, 9.25299899960055 ], [ 124.691685000402003, 10.1236930000016 ], [ 124.570883999569006, 10.4148510000276 ], [ 124.720884000297005, 10.771172000227001 ], [ 124.612778999867999, 11.0068890003647 ], [ 124.622838000246006, 10.8030210003259 ], [ 124.508189000246006, 10.805131000003 ], [ 124.305356999856002, 10.7814369998333 ], [ 124.201450999949003, 10.5447749998355 ], [ 124.094615000114004, 10.309949000351899 ], [ 123.894614999742004, 10.309949000351899 ], [ 124.058384999677997, 10.3739320000997 ], [ 124.135727999888999, 10.566375999813401 ], [ 124.190415999777002, 10.9320129997531 ], [ 124.153013999728998, 11.216745999663599 ], [ 124.045787000082001, 11.277087999779001 ], [ 123.922252000038, 11.227379000340401 ], [ 123.869420000375996, 11.1238140003188 ], [ 123.702623000429, 11.037178999685301 ], [ 123.372057000371001, 11.020692000164001 ], [ 123.299987000383993, 10.9500379997169 ] ], [ [ 120.695692000164001, 14.317590000093601 ], [ 120.495789999701998, 14.317590000093601 ], [ 120.406238999880998, 14.005308000417701 ], [ 120.472254999843997, 13.7943859996778 ], [ 121.008288999593006, 13.5851719996962 ], [ 121.175281000433003, 13.5937149996467 ], [ 121.464538999823006, 13.4353349999522 ], [ 121.464538999823006, 13.0457790001826 ], [ 121.913561999693002, 13.0457790001826 ], [ 121.913561999693002, 12.768018000239801 ], [ 121.697643999811007, 12.5761299999948 ], [ 121.697643999811007, 12.236019999874999 ], [ 121.997057999662999, 12.0297940002341 ], [ 122.649890000439996, 11.877218999995099 ], [ 122.749986999811995, 11.5831980004266 ], [ 123.161607999634001, 11.7418649999819 ], [ 123.447252000278993, 11.9653159997928 ], [ 123.64617800005, 12.366737000371501 ], [ 123.460435999680996, 12.6694240002216 ], [ 123.743737000029, 13.138993999827999 ], [ 124.207505999798002, 13.119118000271 ], [ 124.317368999644998, 12.9778429998671 ], [ 124.198716999838993, 12.6179690002082 ], [ 124.157018000258006, 12.396402000072699 ], [ 124.361314000337998, 12.069906000152001 ], [ 124.600279000181004, 12.069906000152001 ] ] ] } },
{ "type": "Feature", "properties": { "OBJECTID": 331, "cable_id": 1840, "Name": "Lynn Canal Fiber", "color": "#9ea0a2", "length": "138 km", "rfs": "October 2015", "owners": "Alaska Power & Telephone Company (AP&T)", "url": "http://www.aptalaska.com", "Symbol": 0, "year": 2015 }, "geometry": { "type": "LineString", "coordinates": [ [ -135.313892000035992, 59.458343000023397 ], [ -135.385084000138988, 59.3004150001033 ], [ -135.444995999847009, 59.2358380000789 ], [ -135.349975999983997, 59.082617999802203 ], [ -135.251539000120999, 58.961406000065402 ], [ -135.201685000066988, 58.808827000072398 ], [ -135.070289000177013, 58.6845170000881 ], [ -135.023902000351001, 58.592017999794002 ], [ -134.915651000331991, 58.482633999851501 ], [ -134.801393000144003, 58.426560999769301 ], [ -134.729956999644003, 58.369554000028998 ], [ -134.704127000068013, 58.366661000010801 ], [ -134.605005999590986, 58.383711999849901 ], [ -134.513893000172004, 58.370041000181899 ], [ -134.400806999595005, 58.299576999946801 ] ] } },
{ "type": "Feature", "properties": { "OBJECTID": 332, "cable_id": 1842, "Name": "Ceiba-2", "color": "#9ea0a2", "length": "290 km", "rfs": "Q4 2016", "owners": "Ministerio de Transportes,  Tecnologia,  Correos y Telecomunicaciones", "url": null, "Symbol": 0, "year": 2016 }, "geometry": { "type": "MultiLineString", "coordinates": [ [ [ 9.76823100025989, 1.86015500013983 ], [ 9.250947000039851, 3.00275800016159 ] ], [ [ 9.250947000039851, 3.00275800016159 ], [ 9.91022299993004, 2.93312499966437 ] ], [ [ 9.250947000039851, 3.00275800016159 ], [ 9.052802000068899, 3.80952600017318 ], [ 8.832294999676829, 3.80952600017318 ], [ 8.78229500003313, 3.75086499994362 ] ] ] } },
{ "type": "Feature", "properties": { "OBJECTID": 333, "cable_id": 1843, "Name": "San Andrés-Tolú", "color": "#b2703f", "length": "826 km", "rfs": "December 2010", "owners": "Ministerio de Tecnologías de la Información y Comunicaciones", "url": null, "Symbol": 4, "year": 2010 }, "geometry": { "type": "LineString", "coordinates": [ [ -81.700550999551893, 12.5847080002463 ], [ -75.558660999626497, 9.49638399994144 ] ] } },
{ "type": "Feature", "properties": { "OBJECTID": 334, "cable_id": 1844, "Name": "JASUKA", "color": "#bd75b1", "length": "10,860 km", "rfs": "2006", "owners": "Telkom Indonesia", "url": null, "Symbol": 3, "year": 2006 }, "geometry": { "type": "MultiLineString", "coordinates": [ [ [ 107.662888999885993, -2.76744199986007 ], [ 107.662888999885993, -2.51770799984063 ], [ 107.760544999949005, -2.23796899958873 ], [ 108.643746999881003, -0.475156000252411 ], [ 109.33554400013, -0.027017000052005 ], [ 108.785152999744994, -0.027406999995343 ], [ 104.687499999812999, 0.699821000310892 ], [ 104.333593999890994, 0.764072999656985 ], [ 104.278125000204, 0.888864999712082 ], [ 104.103125000103006, 0.974790999651351 ], [ 103.916211999946995, 1.05583299988893 ], [ 103.900000999634997, 1.1347250003427 ], [ 103.962597999948002, 1.1347250003427 ], [ 103.884376000027004, 1.15913399976934 ], [ 102.979297999921002, 1.15640000007025 ], [ 102.251369000043994, 1.68211499999087 ], [ 101.897756000024998, 1.66561800009517 ], [ 101.447658999553994, 1.66552099968763 ] ], [ [ 104.185352000378003, -2.56678100015753 ], [ 104.757323999587001, -2.99098700033218 ], [ 103.838965999820005, -5.04032400008551 ], [ 105.254100999786004, -5.40929099968885 ], [ 105.410156000363997, -5.855271000233 ], [ 105.880272999884994, -5.86819100034856 ], [ 106.376171000376004, -5.62420900000493 ], [ 106.833397000397994, -6.17158700020941 ], [ 106.827831000271004, -5.62420900000493 ], [ 107.028025999736997, -5.62420900000493 ], [ 107.120993999557001, -5.98115899981518 ], [ 107.262498000229002, -2.56746400023753 ], [ 107.462692999696003, -2.56746400023753 ], [ 107.662888999885993, -2.76744199986007 ] ], [ [ 104.185352000378003, -2.56678100015753 ], [ 104.783301000373996, -2.03937800039255 ], [ 105.266699000279999, -1.88946600011707 ], [ 106.163084999614, -1.96364299998855 ], [ 107.541307000152003, -2.39379900028074 ], [ 107.662888999885993, -2.76744199986007 ] ], [ [ 101.450001999850997, 0.533326999735396 ], [ 103.609962000444995, -1.589994999878 ], [ 103.609962000444995, -2.13999400016452 ], [ 104.185352000378003, -2.56678100015753 ] ], [ [ 101.450001999850997, 0.533326999735396 ], [ 100.361624000305994, -0.943867999917122 ], [ 98.786625000125099, 1.74780800015384 ], [ 98.675980999580105, 3.75203399974194 ], [ 99.208207000416095, 3.38058800016886 ], [ 99.827835999870402, 2.10512500037778 ], [ 101.436721000364997, 3.00929199959647 ], [ 101.279689999995, 2.17733999989506 ], [ 101.266115999706997, 1.88670300038576 ], [ 101.447658999553994, 1.66552099968763 ] ], [ [ 101.447658999553994, 1.66552099968763 ], [ 101.450001999850997, 0.533326999735396 ] ] ] } },
{ "type": "Feature", "properties": { "OBJECTID": 335, "cable_id": 1845, "Name": "Australia West Express (AWE)", "color": "#b3b5b7", "length": "10,055 km", "rfs": "Q1 2017", "owners": "GoTo Networks", "url": "http://www.australiawestexpress.net", "Symbol": 1, "year": 2017 }, "geometry": { "type": "LineString", "coordinates": [ [ 115.857316000040996, -31.953439000359701 ], [ 111.423725999916996, -32.535733000328598 ], [ 72.416623999569197, -7.33337199970991 ], [ 54.247105999741798, 11.659338999762801 ], [ 53.366442999925802, 12.3193239996719 ], [ 52.414295000103998, 12.582896999703999 ], [ 45.240667000107301, 10.737783999763399 ], [ 43.837738000099399, 10.906218999640499 ], [ 43.462542999633897, 11.509142000254799 ], [ 43.147992999894598, 11.594869000206799 ] ] } },
{ "type": "Feature", "properties": { "OBJECTID": 336, "cable_id": 1846, "Name": "COAM", "color": "#9ea0a2", "length": "1,200 km", "rfs": "December 2016", "owners": "PiPiper", "url": "http://www.pipiper.com", "Symbol": 0, "year": 2016 }, "geometry": { "type": "LineString", "coordinates": [ [ 4.39665300040677, 52.205177000076297 ], [ 2.96139999968378, 52.127996999946397 ], [ 2.14714299981728, 51.537658999910398 ], [ 1.43327600012378, 50.892957000173297 ], [ 0.291676000030372, 50.092482999991198 ], [ -2.76657399980317, 49.910354999799097 ], [ -4.8249220003839, 49.522415000158297 ], [ -6.41242100025067, 49.522415000158297 ], [ -8.12491999967585, 51.716102999857704 ], [ -8.472722000242859, 51.898605999992299 ] ] } },
{ "type": "Feature", "properties": { "OBJECTID": 337, "cable_id": 1848, "Name": "COPA/COMA", "color": "#9ea0a2", "length": "n.a.", "rfs": "Q1 2017", "owners": "PiPiper", "url": "http://www.pipiper.com", "Symbol": 0, "year": 2017 }, "geometry": { "type": "MultiLineString", "coordinates": [ [ [ -4.73136799985997, 46.312063000001501 ], [ -2.94919100025059, 43.274218999799999 ] ], [ [ -1.55305000021115, 47.218105999858103 ], [ -4.73136799985997, 46.312063000001501 ] ], [ [ -8.472722000242859, 51.898605999992299 ], [ -8.23624799993607, 51.684024999915103 ], [ -6.62521400021139, 49.3652319999876 ], [ -4.73136799985997, 46.312063000001501 ] ] ] } },
{ "type": "Feature", "properties": { "OBJECTID": 338, "cable_id": 1849, "Name": "Silk Road Gateway-1 (SRG-1)", "color": "#b3b5b7", "length": "n.a.", "rfs": "Q1 2017", "owners": "n.a.", "url": null, "Symbol": 1, "year": 2017 }, "geometry": { "type": "MultiLineString", "coordinates": [ [ [ 62.541826999811299, 24.190157999752302 ], [ 58.996516999849902, 24.722986000047101 ], [ 58.004427999864397, 23.679601999742101 ] ], [ [ 67.028542000399298, 24.889728000017701 ], [ 62.541826999811299, 24.190157999752302 ] ], [ [ 62.325030000220103, 25.132302999702201 ], [ 62.541826999811299, 24.190157999752302 ] ] ] } },
{ "type": "Feature", "properties": { "OBJECTID": 339, "cable_id": 1850, "Name": "Gulf2Africa (G2A)", "color": "#b3b5b7", "length": "n.a.", "rfs": "Q4 2016", "owners": "n.a.", "url": null, "Symbol": 1, "year": 2016 }, "geometry": { "type": "MultiLineString", "coordinates": [ [ [ 49.187930000222899, 11.2755560004316 ], [ 49.187930000222899, 13.206124999799499 ] ], [ [ 49.187930000222899, 13.206124999799499 ], [ 46.264104000116298, 12.4196729996904 ], [ 45.010882000034798, 10.926450999770999 ], [ 45.010882000034798, 10.4351159995727 ] ], [ [ 54.148083000072603, 17.095826000165001 ], [ 54.148083000072603, 16.617310999601699 ], [ 51.355214000362999, 14.136882999853301 ], [ 49.187930000222899, 13.206124999799499 ] ] ] } },
{ "type": "Feature", "properties": { "OBJECTID": 340, "cable_id": 1851, "Name": "BEST Cable", "color": "#9ea0a2", "length": "5,092 km", "rfs": "Q4 2016", "owners": "BEST Cable Corporation", "url": "http://www.bestcablecorp.com", "Symbol": 0, "year": 2016 }, "geometry": { "type": "MultiLineString", "coordinates": [ [ [ 124.565904000146006, 2.76087700029839 ], [ 124.538462999667999, 1.94009100029664 ], [ 124.839634000011998, 1.49078299957196 ] ], [ [ 124.565904000146006, 2.76087700029839 ], [ 130.93015699979, 4.60843299972045 ], [ 135.291189000031011, 10.277280999825001 ], [ 144.64596800035801, 13.4191870002978 ] ], [ [ 123.000377999638999, 3.05288299977306 ], [ 124.565904000146006, 2.76087700029839 ] ], [ [ 123.000377999638999, 3.05288299977306 ], [ 123.671373000314006, 6.80370899988617 ], [ 123.930748000093999, 7.16293800020609 ], [ 124.312389000221998, 7.23405199990859 ] ], [ [ 117.891201999578001, 4.24467799991399 ], [ 118.678505999761995, 2.71571399983216 ], [ 119.321083000342, 2.11595799986131 ], [ 119.504872000400994, 1.13062399991844 ], [ 119.408095000046004, 0.448564000293355 ], [ 118.262783000401001, -0.415880000417295 ], [ 117.153800000027005, -0.502204999725096 ] ], [ [ 117.891201999578001, 4.24467799991399 ], [ 123.000377999638999, 3.05288299977306 ] ], [ [ 114.885636999992002, 4.92676000037032 ], [ 114.885832999811001, 5.32477100027458 ], [ 115.574016000415995, 5.88176199967997 ], [ 116.074307999626001, 5.98132299957271 ], [ 117.790810999580003, 5.7349609996471 ], [ 117.891201999578001, 4.24467799991399 ] ] ] } },
{ "type": "Feature", "properties": { "OBJECTID": 341, "cable_id": 1852, "Name": "Pencan-7", "color": "#91a34b", "length": "1,400 km", "rfs": "October 2011", "owners": "Telefonica", "url": null, "Symbol": 2, "year": 2011 }, "geometry": { "type": "LineString", "coordinates": [ [ -6.42887600006201, 36.731297000102202 ], [ -11.474185000289101, 34.048862999911002 ], [ -15.605480999963101, 29.0978299997828 ], [ -15.8243770003522, 28.2601889996869 ], [ -15.6999629997014, 27.999759000010201 ] ] } },
{ "type": "Feature", "properties": { "OBJECTID": 342, "cable_id": 1854, "Name": "Myanmar-Malaysia-Thailand Interconnect Cable (MYTHIC)", "color": "#9ea0a2", "length": "1,603 km", "rfs": "Q3 2016", "owners": "n.a.", "url": null, "Symbol": 0, "year": 2016 }, "geometry": { "type": "MultiLineString", "coordinates": [ [ [ 99.550003999565703, 5.65936000005892 ], [ 100.362990999911005, 5.35384299957042 ] ], [ [ 100.066116999998997, 6.61351700022683 ], [ 100.103714000040995, 6.33454599978087 ], [ 100.066995999707999, 6.13922500012963 ], [ 99.898539000251702, 5.95636199976851 ], [ 99.550003999565703, 5.65936000005892 ] ], [ [ 96.248247999957698, 16.758748000153499 ], [ 97.175494000316107, 8.97665100021627 ], [ 98.443364000387405, 6.31969599989323 ], [ 99.550003999565703, 5.65936000005892 ] ] ] } },
{ "type": "Feature", "properties": { "OBJECTID": 343, "cable_id": 1856, "Name": "Cameroon-Brazil Cable System (CBCS)", "color": "#9ea0a2", "length": "5,900 km", "rfs": "Q4 2017", "owners": "Camtel,  China Unicom", "url": null, "Symbol": 0, "year": 2017 }, "geometry": { "type": "LineString", "coordinates": [ [ -38.5429650003327, -3.71873699985809 ], [ -34.015916999943798, -2.93910399956937 ], [ -10.1684729999537, 2.52528799971235 ], [ 4.61725799980983, 2.52528799971235 ], [ 8.82672799972396, 2.52528799971235 ], [ 9.91022299993004, 2.93312499966437 ] ] } }
]
}
